id,employee_id,project_id,work_date,hours,day_type,data_source,source_filename,source_row,imported_at,imported_by,entered_by,entered_at,description,is_active,created_at,updated_at,work_package_id,absence_code,is_billable,notes,is_technical
e622d6ac-17f9-4dba-9c71-bb9c4861c065,1edb3a61-b1d4-4889-a89f-b43401ccf5a2,5d73f3d3-b6c5-4368-b753-1dcf38c16102,2025-08-01,7.6,work,manual,null,null,null,null,fb8513ee-5592-4bc4-8c2f-b7cf42c38dfb,2026-03-22 17:43:54.993+00,null,false,2026-03-22 17:42:32.972938+00,2026-03-22 18:34:36.582598+00,c639b0c7-ec00-4001-9356-6759c1b2956d,null,true,null,null
108e8e97-76ef-4d3a-8ad9-375c2e46d301,26849e30-a026-45ae-814f-af82f129a74a,5d73f3d3-b6c5-4368-b753-1dcf38c16102,2025-08-01,4,work,manual,null,null,null,null,fb8513ee-5592-4bc4-8c2f-b7cf42c38dfb,2026-03-22 17:46:58.342+00,null,true,2026-03-22 17:46:58.665573+00,2026-03-22 17:46:58.342+00,c639b0c7-ec00-4001-9356-6759c1b2956d,null,true,null,null
f73a1513-ae35-41da-bad1-79243702e0cc,07f24df6-84e1-4eb7-91d2-41d2b5e5936a,5d73f3d3-b6c5-4368-b753-1dcf38c16102,2025-08-01,4,work,manual,null,null,null,null,fb8513ee-5592-4bc4-8c2f-b7cf42c38dfb,2026-03-22 19:15:11.337+00,null,true,2026-03-22 18:23:05.797784+00,2026-03-22 19:15:11.758253+00,27b8a431-e9a2-45fc-a9c6-6faa895022be,null,true,null,null
3d488b8f-2fab-41db-85e8-d7e3653b5be7,1edb3a61-b1d4-4889-a89f-b43401ccf5a2,5d73f3d3-b6c5-4368-b753-1dcf38c16102,2025-08-01,7.6,work,manual,null,null,null,null,fb8513ee-5592-4bc4-8c2f-b7cf42c38dfb,2026-03-22 18:34:36.21+00,null,true,2026-03-22 18:34:36.720242+00,2026-03-22 18:34:36.21+00,c639b0c7-ec00-4001-9356-6759c1b2956d,null,true,null,null
cedf9e5a-5296-4457-a05b-7d6c347068bf,1edb3a61-b1d4-4889-a89f-b43401ccf5a2,5d73f3d3-b6c5-4368-b753-1dcf38c16102,2025-08-04,7.6,work,manual,null,null,null,null,fb8513ee-5592-4bc4-8c2f-b7cf42c38dfb,2026-03-22 18:34:36.21+00,null,true,2026-03-22 17:42:33.070613+00,2026-03-22 18:34:37.133304+00,c639b0c7-ec00-4001-9356-6759c1b2956d,null,true,null,null
33f90213-9030-40fb-aa72-600f45051f0f,26849e30-a026-45ae-814f-af82f129a74a,5d73f3d3-b6c5-4368-b753-1dcf38c16102,2025-08-04,4,work,manual,null,null,null,null,fb8513ee-5592-4bc4-8c2f-b7cf42c38dfb,2026-03-22 17:46:58.342+00,null,true,2026-03-22 17:46:58.769686+00,2026-03-22 17:46:58.342+00,c639b0c7-ec00-4001-9356-6759c1b2956d,null,true,null,null
81e95367-1cfb-4f2d-834c-04647fa1180e,07f24df6-84e1-4eb7-91d2-41d2b5e5936a,5d73f3d3-b6c5-4368-b753-1dcf38c16102,2025-08-04,4,work,manual,null,null,null,null,fb8513ee-5592-4bc4-8c2f-b7cf42c38dfb,2026-03-22 19:15:11.337+00,null,true,2026-03-22 18:23:05.912606+00,2026-03-22 19:15:11.901063+00,27b8a431-e9a2-45fc-a9c6-6faa895022be,null,true,null,null
345d1310-94e9-41ae-bad9-81e4acbe6ff6,1edb3a61-b1d4-4889-a89f-b43401ccf5a2,5d73f3d3-b6c5-4368-b753-1dcf38c16102,2025-08-05,7.6,work,manual,null,null,null,null,fb8513ee-5592-4bc4-8c2f-b7cf42c38dfb,2026-03-22 18:34:36.21+00,null,true,2026-03-22 17:42:33.272296+00,2026-03-22 18:34:37.294077+00,c639b0c7-ec00-4001-9356-6759c1b2956d,null,true,null,null
785afae5-e52d-42e4-9374-90bd36a6cec0,26849e30-a026-45ae-814f-af82f129a74a,5d73f3d3-b6c5-4368-b753-1dcf38c16102,2025-08-05,4,work,manual,null,null,null,null,fb8513ee-5592-4bc4-8c2f-b7cf42c38dfb,2026-03-22 17:46:58.342+00,null,true,2026-03-22 17:46:58.877244+00,2026-03-22 17:46:58.342+00,c639b0c7-ec00-4001-9356-6759c1b2956d,null,true,null,null
178ce6ed-0f56-40a7-8611-190b958e56ad,07f24df6-84e1-4eb7-91d2-41d2b5e5936a,5d73f3d3-b6c5-4368-b753-1dcf38c16102,2025-08-05,4,work,manual,null,null,null,null,fb8513ee-5592-4bc4-8c2f-b7cf42c38dfb,2026-03-22 19:15:11.337+00,null,true,2026-03-22 18:23:06.017276+00,2026-03-22 19:15:12.04625+00,27b8a431-e9a2-45fc-a9c6-6faa895022be,null,true,null,null
543f87e4-408e-4703-b71e-22b78b666275,1edb3a61-b1d4-4889-a89f-b43401ccf5a2,5d73f3d3-b6c5-4368-b753-1dcf38c16102,2025-08-06,7.6,work,manual,null,null,null,null,fb8513ee-5592-4bc4-8c2f-b7cf42c38dfb,2026-03-22 18:34:36.21+00,null,true,2026-03-22 17:42:33.375673+00,2026-03-22 18:34:37.464286+00,c639b0c7-ec00-4001-9356-6759c1b2956d,null,true,null,null
efbb6478-af26-466e-849f-8b4189bda6ee,26849e30-a026-45ae-814f-af82f129a74a,5d73f3d3-b6c5-4368-b753-1dcf38c16102,2025-08-06,4,work,manual,null,null,null,null,fb8513ee-5592-4bc4-8c2f-b7cf42c38dfb,2026-03-22 17:46:58.342+00,null,true,2026-03-22 17:46:58.984172+00,2026-03-22 17:46:58.342+00,82464e94-6c06-4ed7-9fee-5055909fdc81,null,true,null,null
33bdf055-5121-4504-9ab5-39685f51c97c,07f24df6-84e1-4eb7-91d2-41d2b5e5936a,5d73f3d3-b6c5-4368-b753-1dcf38c16102,2025-08-06,4,work,manual,null,null,null,null,fb8513ee-5592-4bc4-8c2f-b7cf42c38dfb,2026-03-22 19:15:11.337+00,null,true,2026-03-22 18:23:06.132242+00,2026-03-22 19:15:12.191111+00,27b8a431-e9a2-45fc-a9c6-6faa895022be,null,true,null,null
a789b9f6-62a2-4b8f-8c6b-06faf88d3d43,1edb3a61-b1d4-4889-a89f-b43401ccf5a2,5d73f3d3-b6c5-4368-b753-1dcf38c16102,2025-08-07,7.6,work,manual,null,null,null,null,fb8513ee-5592-4bc4-8c2f-b7cf42c38dfb,2026-03-22 18:34:36.21+00,null,true,2026-03-22 17:42:33.491625+00,2026-03-22 18:34:37.596294+00,c639b0c7-ec00-4001-9356-6759c1b2956d,null,true,null,null
2c1205a8-d9a5-419c-a0ef-510e287bdf6d,26849e30-a026-45ae-814f-af82f129a74a,5d73f3d3-b6c5-4368-b753-1dcf38c16102,2025-08-07,4,work,manual,null,null,null,null,fb8513ee-5592-4bc4-8c2f-b7cf42c38dfb,2026-03-22 17:46:58.342+00,null,true,2026-03-22 17:46:59.088251+00,2026-03-22 17:46:58.342+00,82464e94-6c06-4ed7-9fee-5055909fdc81,null,true,null,null
f732a214-6d30-4653-99aa-bc166645fa9d,07f24df6-84e1-4eb7-91d2-41d2b5e5936a,5d73f3d3-b6c5-4368-b753-1dcf38c16102,2025-08-07,4,work,manual,null,null,null,null,fb8513ee-5592-4bc4-8c2f-b7cf42c38dfb,2026-03-22 19:15:11.337+00,null,true,2026-03-22 18:23:06.234904+00,2026-03-22 19:15:12.328523+00,27b8a431-e9a2-45fc-a9c6-6faa895022be,null,true,null,null
42bad697-6960-4209-9077-bbfaa7939e10,1edb3a61-b1d4-4889-a89f-b43401ccf5a2,5d73f3d3-b6c5-4368-b753-1dcf38c16102,2025-08-08,7.6,work,manual,null,null,null,null,fb8513ee-5592-4bc4-8c2f-b7cf42c38dfb,2026-03-22 18:34:36.21+00,null,true,2026-03-22 17:42:33.59497+00,2026-03-22 18:34:37.729842+00,c639b0c7-ec00-4001-9356-6759c1b2956d,null,true,null,null
6b9b818b-0e3c-40b5-bf5d-6893be4a0998,26849e30-a026-45ae-814f-af82f129a74a,5d73f3d3-b6c5-4368-b753-1dcf38c16102,2025-08-08,4,work,manual,null,null,null,null,fb8513ee-5592-4bc4-8c2f-b7cf42c38dfb,2026-03-22 17:46:58.342+00,null,true,2026-03-22 17:46:59.18583+00,2026-03-22 17:46:58.342+00,82464e94-6c06-4ed7-9fee-5055909fdc81,null,true,null,null
ad52f403-41f1-418a-b12d-1a5e6817cac6,1edb3a61-b1d4-4889-a89f-b43401ccf5a2,5d73f3d3-b6c5-4368-b753-1dcf38c16102,2025-08-11,7.6,work,manual,null,null,null,null,fb8513ee-5592-4bc4-8c2f-b7cf42c38dfb,2026-03-22 18:34:36.21+00,null,true,2026-03-22 17:42:33.703062+00,2026-03-22 18:34:37.870941+00,c639b0c7-ec00-4001-9356-6759c1b2956d,null,true,null,null
dd4640ec-88ea-4cc3-81f8-247c1bff08d3,26849e30-a026-45ae-814f-af82f129a74a,5d73f3d3-b6c5-4368-b753-1dcf38c16102,2025-08-11,4,work,manual,null,null,null,null,fb8513ee-5592-4bc4-8c2f-b7cf42c38dfb,2026-03-22 17:46:58.342+00,null,true,2026-03-22 17:46:59.289183+00,2026-03-22 17:46:58.342+00,21524e72-3c75-426d-9e39-77d933b1f0ec,null,true,null,null
a20c290b-2f0c-4b09-aa94-4f3b363f5f0c,07f24df6-84e1-4eb7-91d2-41d2b5e5936a,5d73f3d3-b6c5-4368-b753-1dcf38c16102,2025-08-11,4,work,manual,null,null,null,null,fb8513ee-5592-4bc4-8c2f-b7cf42c38dfb,2026-03-22 19:15:11.337+00,null,true,2026-03-22 18:23:06.350837+00,2026-03-22 19:15:12.475379+00,27b8a431-e9a2-45fc-a9c6-6faa895022be,null,true,null,null
a97b5df7-36ee-4fd6-842b-e0ccb81291ed,1edb3a61-b1d4-4889-a89f-b43401ccf5a2,5d73f3d3-b6c5-4368-b753-1dcf38c16102,2025-08-12,7.6,work,manual,null,null,null,null,fb8513ee-5592-4bc4-8c2f-b7cf42c38dfb,2026-03-22 18:34:36.21+00,null,true,2026-03-22 17:42:33.856354+00,2026-03-22 18:34:38.020775+00,c639b0c7-ec00-4001-9356-6759c1b2956d,null,true,null,null
aa37a943-5480-4a1f-a6b3-20e04bf21a1c,26849e30-a026-45ae-814f-af82f129a74a,5d73f3d3-b6c5-4368-b753-1dcf38c16102,2025-08-12,4,work,manual,null,null,null,null,fb8513ee-5592-4bc4-8c2f-b7cf42c38dfb,2026-03-22 17:46:58.342+00,null,true,2026-03-22 17:46:59.469018+00,2026-03-22 17:46:58.342+00,21524e72-3c75-426d-9e39-77d933b1f0ec,null,true,null,null
9a4bba9e-9793-4d23-8c73-e7ffbfb21466,07f24df6-84e1-4eb7-91d2-41d2b5e5936a,5d73f3d3-b6c5-4368-b753-1dcf38c16102,2025-08-12,4,work,manual,null,null,null,null,fb8513ee-5592-4bc4-8c2f-b7cf42c38dfb,2026-03-22 19:15:11.337+00,null,true,2026-03-22 18:23:06.474196+00,2026-03-22 19:15:12.623811+00,27b8a431-e9a2-45fc-a9c6-6faa895022be,null,true,null,null
d631c468-dacc-487e-a079-0d1533d056b7,1edb3a61-b1d4-4889-a89f-b43401ccf5a2,5d73f3d3-b6c5-4368-b753-1dcf38c16102,2025-08-13,7.6,work,manual,null,null,null,null,fb8513ee-5592-4bc4-8c2f-b7cf42c38dfb,2026-03-22 18:34:36.21+00,null,true,2026-03-22 17:42:33.983406+00,2026-03-22 18:34:38.157304+00,c639b0c7-ec00-4001-9356-6759c1b2956d,null,true,null,null
71f59b5f-5ade-43f3-b728-60bdda525c64,26849e30-a026-45ae-814f-af82f129a74a,5d73f3d3-b6c5-4368-b753-1dcf38c16102,2025-08-13,4,work,manual,null,null,null,null,fb8513ee-5592-4bc4-8c2f-b7cf42c38dfb,2026-03-22 17:46:58.342+00,null,true,2026-03-22 17:46:59.581295+00,2026-03-22 17:46:58.342+00,21524e72-3c75-426d-9e39-77d933b1f0ec,null,true,null,null
48713c80-57ae-4fc5-9e6b-18cf2c6a0bfb,07f24df6-84e1-4eb7-91d2-41d2b5e5936a,5d73f3d3-b6c5-4368-b753-1dcf38c16102,2025-08-13,4,work,manual,null,null,null,null,fb8513ee-5592-4bc4-8c2f-b7cf42c38dfb,2026-03-22 19:15:11.337+00,null,true,2026-03-22 18:23:06.588739+00,2026-03-22 19:15:12.781545+00,27b8a431-e9a2-45fc-a9c6-6faa895022be,null,true,null,null
54fdeebb-25b4-42de-8e04-e435849e3d92,1edb3a61-b1d4-4889-a89f-b43401ccf5a2,5d73f3d3-b6c5-4368-b753-1dcf38c16102,2025-08-14,7.6,work,manual,null,null,null,null,fb8513ee-5592-4bc4-8c2f-b7cf42c38dfb,2026-03-22 18:34:36.21+00,null,true,2026-03-22 17:42:34.092561+00,2026-03-22 18:34:38.308395+00,c639b0c7-ec00-4001-9356-6759c1b2956d,null,true,null,null
89086971-7cf8-4145-b258-25cc5ef0b0fe,26849e30-a026-45ae-814f-af82f129a74a,5d73f3d3-b6c5-4368-b753-1dcf38c16102,2025-08-14,4,work,manual,null,null,null,null,fb8513ee-5592-4bc4-8c2f-b7cf42c38dfb,2026-03-22 17:46:58.342+00,null,true,2026-03-22 17:46:59.717546+00,2026-03-22 17:46:58.342+00,21524e72-3c75-426d-9e39-77d933b1f0ec,null,true,null,null
24e77325-383a-410b-9a21-e868d341da86,07f24df6-84e1-4eb7-91d2-41d2b5e5936a,5d73f3d3-b6c5-4368-b753-1dcf38c16102,2025-08-14,4,work,manual,null,null,null,null,fb8513ee-5592-4bc4-8c2f-b7cf42c38dfb,2026-03-22 19:15:11.337+00,null,true,2026-03-22 18:23:06.694263+00,2026-03-22 19:15:12.931305+00,27b8a431-e9a2-45fc-a9c6-6faa895022be,null,true,null,null
70d01399-3fbc-4065-b330-09a689882689,1edb3a61-b1d4-4889-a89f-b43401ccf5a2,5d73f3d3-b6c5-4368-b753-1dcf38c16102,2025-08-18,7.6,work,manual,null,null,null,null,fb8513ee-5592-4bc4-8c2f-b7cf42c38dfb,2026-03-22 18:34:36.21+00,null,true,2026-03-22 17:42:34.20822+00,2026-03-22 18:34:38.435711+00,82464e94-6c06-4ed7-9fee-5055909fdc81,null,true,null,null
7e9e86af-eff6-453d-afdc-6cadcdd8162f,07f24df6-84e1-4eb7-91d2-41d2b5e5936a,5d73f3d3-b6c5-4368-b753-1dcf38c16102,2025-08-18,4,work,manual,null,null,null,null,fb8513ee-5592-4bc4-8c2f-b7cf42c38dfb,2026-03-22 19:15:11.337+00,null,true,2026-03-22 18:23:06.814294+00,2026-03-22 19:15:13.095294+00,27b8a431-e9a2-45fc-a9c6-6faa895022be,null,true,null,null
eb986a99-e837-401f-af97-da5c6719cbe2,1edb3a61-b1d4-4889-a89f-b43401ccf5a2,5d73f3d3-b6c5-4368-b753-1dcf38c16102,2025-08-19,7.6,work,manual,null,null,null,null,fb8513ee-5592-4bc4-8c2f-b7cf42c38dfb,2026-03-22 18:34:36.21+00,null,true,2026-03-22 17:42:34.31347+00,2026-03-22 18:34:38.560043+00,82464e94-6c06-4ed7-9fee-5055909fdc81,null,true,null,null
1b6e99c3-284b-4901-a45b-961065fdfa3b,07f24df6-84e1-4eb7-91d2-41d2b5e5936a,5d73f3d3-b6c5-4368-b753-1dcf38c16102,2025-08-19,4,work,manual,null,null,null,null,fb8513ee-5592-4bc4-8c2f-b7cf42c38dfb,2026-03-22 19:15:11.337+00,null,true,2026-03-22 18:23:06.928768+00,2026-03-22 19:15:13.237231+00,27b8a431-e9a2-45fc-a9c6-6faa895022be,null,true,null,null
03ee2316-1502-476f-bc17-236c3a09078a,1edb3a61-b1d4-4889-a89f-b43401ccf5a2,5d73f3d3-b6c5-4368-b753-1dcf38c16102,2025-08-20,7.6,work,manual,null,null,null,null,fb8513ee-5592-4bc4-8c2f-b7cf42c38dfb,2026-03-22 18:34:36.21+00,null,true,2026-03-22 17:42:34.423665+00,2026-03-22 18:34:38.686278+00,82464e94-6c06-4ed7-9fee-5055909fdc81,null,true,null,null
0b579836-ad0e-4016-a0b5-86c15164c099,07f24df6-84e1-4eb7-91d2-41d2b5e5936a,5d73f3d3-b6c5-4368-b753-1dcf38c16102,2025-08-20,4,work,manual,null,null,null,null,fb8513ee-5592-4bc4-8c2f-b7cf42c38dfb,2026-03-22 19:15:11.337+00,null,true,2026-03-22 18:23:07.035636+00,2026-03-22 19:15:13.376697+00,27b8a431-e9a2-45fc-a9c6-6faa895022be,null,true,null,null
7be8d80c-72c1-49fa-9a5a-b039aab3cb2d,1edb3a61-b1d4-4889-a89f-b43401ccf5a2,5d73f3d3-b6c5-4368-b753-1dcf38c16102,2025-08-21,7.6,work,manual,null,null,null,null,fb8513ee-5592-4bc4-8c2f-b7cf42c38dfb,2026-03-22 18:34:36.21+00,null,true,2026-03-22 17:42:34.528748+00,2026-03-22 18:34:38.846059+00,82464e94-6c06-4ed7-9fee-5055909fdc81,null,true,null,null
a3fe057e-8279-4078-9898-bc5014d1f2bb,07f24df6-84e1-4eb7-91d2-41d2b5e5936a,5d73f3d3-b6c5-4368-b753-1dcf38c16102,2025-08-21,4,work,manual,null,null,null,null,fb8513ee-5592-4bc4-8c2f-b7cf42c38dfb,2026-03-22 18:23:05.373+00,null,false,2026-03-22 18:23:07.193127+00,2026-03-22 19:15:11.622722+00,27b8a431-e9a2-45fc-a9c6-6faa895022be,null,true,null,null
e79a2c63-53fe-45e8-a17b-6a41c44d72a4,07f24df6-84e1-4eb7-91d2-41d2b5e5936a,5d73f3d3-b6c5-4368-b753-1dcf38c16102,2025-08-21,4,work,manual,null,null,null,null,fb8513ee-5592-4bc4-8c2f-b7cf42c38dfb,2026-03-22 19:15:11.337+00,null,true,2026-03-22 19:15:13.522082+00,2026-03-22 19:15:11.337+00,27b8a431-e9a2-45fc-a9c6-6faa895022be,null,true,null,null
1dce7f84-48c9-475e-aeb5-357b2ea3298e,1edb3a61-b1d4-4889-a89f-b43401ccf5a2,5d73f3d3-b6c5-4368-b753-1dcf38c16102,2025-08-22,7.6,work,manual,null,null,null,null,fb8513ee-5592-4bc4-8c2f-b7cf42c38dfb,2026-03-22 18:34:36.21+00,null,true,2026-03-22 17:42:34.665325+00,2026-03-22 18:34:38.975008+00,82464e94-6c06-4ed7-9fee-5055909fdc81,null,true,null,null
d1f83392-0692-481c-9535-0cd05ed90b89,1edb3a61-b1d4-4889-a89f-b43401ccf5a2,5d73f3d3-b6c5-4368-b753-1dcf38c16102,2025-08-25,7.6,work,manual,null,null,null,null,fb8513ee-5592-4bc4-8c2f-b7cf42c38dfb,2026-03-22 17:42:32.641+00,null,false,2026-03-22 17:42:34.799934+00,2026-03-22 17:43:52.098601+00,82464e94-6c06-4ed7-9fee-5055909fdc81,null,true,null,null
dabe4017-b49a-4358-9460-f65afc9f4dc4,1edb3a61-b1d4-4889-a89f-b43401ccf5a2,5d73f3d3-b6c5-4368-b753-1dcf38c16102,2025-08-25,7.6,work,manual,null,null,null,null,fb8513ee-5592-4bc4-8c2f-b7cf42c38dfb,2026-03-22 17:43:51.666+00,null,false,2026-03-22 17:43:54.819577+00,2026-03-22 17:43:55.2404+00,21524e72-3c75-426d-9e39-77d933b1f0ec,null,true,null,null
9eb3c33e-d423-4709-a8a1-251daa205f24,1edb3a61-b1d4-4889-a89f-b43401ccf5a2,5d73f3d3-b6c5-4368-b753-1dcf38c16102,2025-08-25,7.6,work,manual,null,null,null,null,fb8513ee-5592-4bc4-8c2f-b7cf42c38dfb,2026-03-22 18:34:36.21+00,null,true,2026-03-22 17:43:57.192566+00,2026-03-22 18:34:39.177983+00,21524e72-3c75-426d-9e39-77d933b1f0ec,null,true,null,null
12f927f9-35e3-48ca-b484-44313c2d6fd7,26849e30-a026-45ae-814f-af82f129a74a,5d73f3d3-b6c5-4368-b753-1dcf38c16102,2025-08-25,4,work,manual,null,null,null,null,fb8513ee-5592-4bc4-8c2f-b7cf42c38dfb,2026-03-22 17:46:58.342+00,null,true,2026-03-22 17:46:59.819753+00,2026-03-22 17:46:58.342+00,0fb40ae0-18c5-4705-8c48-40f61c7a9b77,null,true,null,null
54858524-89a0-4d53-8f04-b0b1cc7ef054,07f24df6-84e1-4eb7-91d2-41d2b5e5936a,5d73f3d3-b6c5-4368-b753-1dcf38c16102,2025-08-25,4,work,manual,null,null,null,null,fb8513ee-5592-4bc4-8c2f-b7cf42c38dfb,2026-03-22 19:15:11.337+00,null,true,2026-03-22 18:23:07.3379+00,2026-03-22 19:15:13.669197+00,27b8a431-e9a2-45fc-a9c6-6faa895022be,null,true,null,null
d938c6ad-27cb-4ca3-92f3-506513d349eb,1edb3a61-b1d4-4889-a89f-b43401ccf5a2,5d73f3d3-b6c5-4368-b753-1dcf38c16102,2025-08-26,7.6,work,manual,null,null,null,null,fb8513ee-5592-4bc4-8c2f-b7cf42c38dfb,2026-03-22 17:42:32.641+00,null,false,2026-03-22 17:42:34.908319+00,2026-03-22 17:43:52.098601+00,82464e94-6c06-4ed7-9fee-5055909fdc81,null,true,null,null
2971bff0-4c5d-4978-8f48-3fd6cbf84dda,1edb3a61-b1d4-4889-a89f-b43401ccf5a2,5d73f3d3-b6c5-4368-b753-1dcf38c16102,2025-08-26,7.6,work,manual,null,null,null,null,fb8513ee-5592-4bc4-8c2f-b7cf42c38dfb,2026-03-22 17:43:51.666+00,null,false,2026-03-22 17:43:54.928468+00,2026-03-22 17:43:55.2404+00,21524e72-3c75-426d-9e39-77d933b1f0ec,null,true,null,null
49e02f72-a7e6-4ae3-868c-4bcd8ec52665,1edb3a61-b1d4-4889-a89f-b43401ccf5a2,5d73f3d3-b6c5-4368-b753-1dcf38c16102,2025-08-26,7.6,work,manual,null,null,null,null,fb8513ee-5592-4bc4-8c2f-b7cf42c38dfb,2026-03-22 18:34:36.21+00,null,true,2026-03-22 17:43:57.315542+00,2026-03-22 18:34:39.37209+00,21524e72-3c75-426d-9e39-77d933b1f0ec,null,true,null,null
dc958baa-7908-4656-9e57-f4089fa1f670,26849e30-a026-45ae-814f-af82f129a74a,5d73f3d3-b6c5-4368-b753-1dcf38c16102,2025-08-26,4,work,manual,null,null,null,null,fb8513ee-5592-4bc4-8c2f-b7cf42c38dfb,2026-03-22 17:46:58.342+00,null,true,2026-03-22 17:46:59.924882+00,2026-03-22 17:46:58.342+00,0fb40ae0-18c5-4705-8c48-40f61c7a9b77,null,true,null,null
9c450f8d-3fb3-4bc1-8785-e0808b1dd3c2,07f24df6-84e1-4eb7-91d2-41d2b5e5936a,5d73f3d3-b6c5-4368-b753-1dcf38c16102,2025-08-26,4,work,manual,null,null,null,null,fb8513ee-5592-4bc4-8c2f-b7cf42c38dfb,2026-03-22 19:15:11.337+00,null,true,2026-03-22 18:23:07.443447+00,2026-03-22 19:15:13.807641+00,27b8a431-e9a2-45fc-a9c6-6faa895022be,null,true,null,null
7ff270de-a2c4-469e-a11a-9bb6080f690e,1edb3a61-b1d4-4889-a89f-b43401ccf5a2,5d73f3d3-b6c5-4368-b753-1dcf38c16102,2025-08-27,7.6,work,manual,null,null,null,null,fb8513ee-5592-4bc4-8c2f-b7cf42c38dfb,2026-03-22 17:42:32.641+00,null,false,2026-03-22 17:42:35.018693+00,2026-03-22 17:43:52.098601+00,82464e94-6c06-4ed7-9fee-5055909fdc81,null,true,null,null
f61875b5-8147-4d8d-8f9c-0bc6604cfd05,1edb3a61-b1d4-4889-a89f-b43401ccf5a2,5d73f3d3-b6c5-4368-b753-1dcf38c16102,2025-08-27,7.6,work,manual,null,null,null,null,fb8513ee-5592-4bc4-8c2f-b7cf42c38dfb,2026-03-22 17:43:51.666+00,null,false,2026-03-22 17:43:55.032917+00,2026-03-22 17:43:55.2404+00,21524e72-3c75-426d-9e39-77d933b1f0ec,null,true,null,null
d7e61809-b4b4-43f9-96cb-ef0dbc96f24b,1edb3a61-b1d4-4889-a89f-b43401ccf5a2,5d73f3d3-b6c5-4368-b753-1dcf38c16102,2025-08-27,7.6,work,manual,null,null,null,null,fb8513ee-5592-4bc4-8c2f-b7cf42c38dfb,2026-03-22 18:34:36.21+00,null,true,2026-03-22 17:43:57.450841+00,2026-03-22 18:34:39.564457+00,21524e72-3c75-426d-9e39-77d933b1f0ec,null,true,null,null
19dd1791-3202-4f63-9257-726ce2957454,26849e30-a026-45ae-814f-af82f129a74a,5d73f3d3-b6c5-4368-b753-1dcf38c16102,2025-08-27,4,work,manual,null,null,null,null,fb8513ee-5592-4bc4-8c2f-b7cf42c38dfb,2026-03-22 17:46:58.342+00,null,true,2026-03-22 17:47:00.031543+00,2026-03-22 17:46:58.342+00,0fb40ae0-18c5-4705-8c48-40f61c7a9b77,null,true,null,null
4c81c416-abac-4b5b-82fa-44fe3ec00c76,07f24df6-84e1-4eb7-91d2-41d2b5e5936a,5d73f3d3-b6c5-4368-b753-1dcf38c16102,2025-08-27,4,work,manual,null,null,null,null,fb8513ee-5592-4bc4-8c2f-b7cf42c38dfb,2026-03-22 19:15:11.337+00,null,true,2026-03-22 18:23:07.569544+00,2026-03-22 19:15:13.952592+00,27b8a431-e9a2-45fc-a9c6-6faa895022be,null,true,null,null
f4972742-ae71-4df1-8d3f-1ada6d2b8e07,1edb3a61-b1d4-4889-a89f-b43401ccf5a2,5d73f3d3-b6c5-4368-b753-1dcf38c16102,2025-08-28,7.6,work,manual,null,null,null,null,fb8513ee-5592-4bc4-8c2f-b7cf42c38dfb,2026-03-22 17:42:32.641+00,null,false,2026-03-22 17:42:35.121582+00,2026-03-22 17:43:52.098601+00,82464e94-6c06-4ed7-9fee-5055909fdc81,null,true,null,null
d78474af-a3cf-46fb-b435-749f7e6f0cdd,1edb3a61-b1d4-4889-a89f-b43401ccf5a2,5d73f3d3-b6c5-4368-b753-1dcf38c16102,2025-08-28,7.6,work,manual,null,null,null,null,fb8513ee-5592-4bc4-8c2f-b7cf42c38dfb,2026-03-22 17:43:51.666+00,null,false,2026-03-22 17:43:55.149485+00,2026-03-22 18:34:36.582598+00,21524e72-3c75-426d-9e39-77d933b1f0ec,null,true,null,null
7a48d5f3-00ee-44c4-b783-f597d234b914,26849e30-a026-45ae-814f-af82f129a74a,5d73f3d3-b6c5-4368-b753-1dcf38c16102,2025-08-28,4,work,manual,null,null,null,null,fb8513ee-5592-4bc4-8c2f-b7cf42c38dfb,2026-03-22 17:46:58.342+00,null,true,2026-03-22 17:47:00.139789+00,2026-03-22 17:46:58.342+00,0fb40ae0-18c5-4705-8c48-40f61c7a9b77,null,true,null,null
1e488198-2248-48ae-8ba7-29e987534f4d,07f24df6-84e1-4eb7-91d2-41d2b5e5936a,5d73f3d3-b6c5-4368-b753-1dcf38c16102,2025-08-28,4,work,manual,null,null,null,null,fb8513ee-5592-4bc4-8c2f-b7cf42c38dfb,2026-03-22 19:15:11.337+00,null,true,2026-03-22 18:23:07.682915+00,2026-03-22 19:15:14.104461+00,27b8a431-e9a2-45fc-a9c6-6faa895022be,null,true,null,null
2a1dd2dc-0667-4e6e-af65-44475e04404f,1edb3a61-b1d4-4889-a89f-b43401ccf5a2,5d73f3d3-b6c5-4368-b753-1dcf38c16102,2025-08-28,7.6,work,manual,null,null,null,null,fb8513ee-5592-4bc4-8c2f-b7cf42c38dfb,2026-03-22 18:34:36.21+00,null,true,2026-03-22 17:43:57.559908+00,2026-03-22 18:34:39.748898+00,21524e72-3c75-426d-9e39-77d933b1f0ec,null,true,null,null
36ce7fe0-dbb9-43be-8ba6-fab6652ece07,1edb3a61-b1d4-4889-a89f-b43401ccf5a2,5d73f3d3-b6c5-4368-b753-1dcf38c16102,2025-08-29,7.6,work,manual,null,null,null,null,fb8513ee-5592-4bc4-8c2f-b7cf42c38dfb,2026-03-22 17:42:32.641+00,null,false,2026-03-22 17:42:35.231832+00,2026-03-22 17:43:52.098601+00,82464e94-6c06-4ed7-9fee-5055909fdc81,null,true,null,null
56e1b54d-ed17-45e8-a636-73464dbd885c,1edb3a61-b1d4-4889-a89f-b43401ccf5a2,5d73f3d3-b6c5-4368-b753-1dcf38c16102,2025-08-29,7.6,work,manual,null,null,null,null,fb8513ee-5592-4bc4-8c2f-b7cf42c38dfb,2026-03-22 17:43:51.666+00,null,false,2026-03-22 17:43:55.265152+00,2026-03-22 18:34:36.582598+00,21524e72-3c75-426d-9e39-77d933b1f0ec,null,true,null,null
4387b5e9-2a78-41dd-91a3-7a826a998237,1edb3a61-b1d4-4889-a89f-b43401ccf5a2,5d73f3d3-b6c5-4368-b753-1dcf38c16102,2025-08-29,7.6,work,manual,null,null,null,null,fb8513ee-5592-4bc4-8c2f-b7cf42c38dfb,2026-03-22 18:34:36.21+00,null,true,2026-03-22 17:43:57.668443+00,2026-03-22 18:34:39.965594+00,21524e72-3c75-426d-9e39-77d933b1f0ec,null,true,null,null
ded20ec5-dabe-4b65-90d2-60d8e0fa866e,26849e30-a026-45ae-814f-af82f129a74a,5d73f3d3-b6c5-4368-b753-1dcf38c16102,2025-08-29,4.67,work,manual,null,null,null,null,fb8513ee-5592-4bc4-8c2f-b7cf42c38dfb,2026-03-22 17:46:58.342+00,null,true,2026-03-22 17:47:00.249992+00,2026-03-22 17:46:58.342+00,0fb40ae0-18c5-4705-8c48-40f61c7a9b77,null,true,null,null
eb4543cb-be6f-4ff6-bc43-3fdcfe75bbcc,07f24df6-84e1-4eb7-91d2-41d2b5e5936a,5d73f3d3-b6c5-4368-b753-1dcf38c16102,2025-08-29,1.33,work,manual,null,null,null,null,fb8513ee-5592-4bc4-8c2f-b7cf42c38dfb,2026-03-22 19:15:11.337+00,null,true,2026-03-22 18:23:07.806624+00,2026-03-22 19:15:14.253449+00,27b8a431-e9a2-45fc-a9c6-6faa895022be,null,true,null,null
05066bce-53ee-4990-921c-c43664db427c,26849e30-a026-45ae-814f-af82f129a74a,5d73f3d3-b6c5-4368-b753-1dcf38c16102,2025-09-01,4,work,manual,null,null,null,null,fb8513ee-5592-4bc4-8c2f-b7cf42c38dfb,2026-03-22 17:48:42.864+00,null,true,2026-03-22 17:48:43.426212+00,2026-03-22 17:48:42.864+00,087535e3-9872-4925-9968-6c4125e37dc2,null,true,null,null
fc866910-43b6-4af5-afba-560b56c75ffc,1edb3a61-b1d4-4889-a89f-b43401ccf5a2,5d73f3d3-b6c5-4368-b753-1dcf38c16102,2025-09-01,7.6,work,manual,null,null,null,null,fb8513ee-5592-4bc4-8c2f-b7cf42c38dfb,2026-03-22 18:14:58.378+00,null,true,2026-03-22 18:14:58.774556+00,2026-03-22 18:14:58.378+00,087535e3-9872-4925-9968-6c4125e37dc2,null,true,null,null
417e4494-37d3-4454-b066-171bc9c74969,07f24df6-84e1-4eb7-91d2-41d2b5e5936a,5d73f3d3-b6c5-4368-b753-1dcf38c16102,2025-09-01,4,work,manual,null,null,null,null,fb8513ee-5592-4bc4-8c2f-b7cf42c38dfb,2026-03-22 18:24:26.824+00,null,true,2026-03-22 18:24:27.190039+00,2026-03-22 18:24:26.824+00,27b8a431-e9a2-45fc-a9c6-6faa895022be,null,true,null,null
6b79cc7c-6989-4e0b-8d37-5f6693632b91,26849e30-a026-45ae-814f-af82f129a74a,5d73f3d3-b6c5-4368-b753-1dcf38c16102,2025-09-02,4,work,manual,null,null,null,null,fb8513ee-5592-4bc4-8c2f-b7cf42c38dfb,2026-03-22 17:48:42.864+00,null,true,2026-03-22 17:48:43.566064+00,2026-03-22 17:48:42.864+00,087535e3-9872-4925-9968-6c4125e37dc2,null,true,null,null
fb77d745-82ab-4d17-a2f4-fa4ccbacd17c,1edb3a61-b1d4-4889-a89f-b43401ccf5a2,5d73f3d3-b6c5-4368-b753-1dcf38c16102,2025-09-02,7.6,work,manual,null,null,null,null,fb8513ee-5592-4bc4-8c2f-b7cf42c38dfb,2026-03-22 18:14:58.378+00,null,true,2026-03-22 18:14:58.887826+00,2026-03-22 18:14:58.378+00,087535e3-9872-4925-9968-6c4125e37dc2,null,true,null,null
27294997-d919-43c9-b688-5a0e99ac5800,07f24df6-84e1-4eb7-91d2-41d2b5e5936a,5d73f3d3-b6c5-4368-b753-1dcf38c16102,2025-09-02,4,work,manual,null,null,null,null,fb8513ee-5592-4bc4-8c2f-b7cf42c38dfb,2026-03-22 18:24:26.824+00,null,true,2026-03-22 18:24:27.320903+00,2026-03-22 18:24:26.824+00,27b8a431-e9a2-45fc-a9c6-6faa895022be,null,true,null,null
8d45bd01-51bb-47fb-ab09-d2124365f500,26849e30-a026-45ae-814f-af82f129a74a,5d73f3d3-b6c5-4368-b753-1dcf38c16102,2025-09-03,4,work,manual,null,null,null,null,fb8513ee-5592-4bc4-8c2f-b7cf42c38dfb,2026-03-22 17:48:42.864+00,null,true,2026-03-22 17:48:43.726923+00,2026-03-22 17:48:42.864+00,087535e3-9872-4925-9968-6c4125e37dc2,null,true,null,null
c0b59c8f-ba16-4142-965e-a3e213b1a5df,1edb3a61-b1d4-4889-a89f-b43401ccf5a2,5d73f3d3-b6c5-4368-b753-1dcf38c16102,2025-09-03,7.6,work,manual,null,null,null,null,fb8513ee-5592-4bc4-8c2f-b7cf42c38dfb,2026-03-22 18:14:58.378+00,null,true,2026-03-22 18:14:58.991989+00,2026-03-22 18:14:58.378+00,087535e3-9872-4925-9968-6c4125e37dc2,null,true,null,null
3b5296e0-2218-4285-a122-2a11daa571b8,07f24df6-84e1-4eb7-91d2-41d2b5e5936a,5d73f3d3-b6c5-4368-b753-1dcf38c16102,2025-09-03,4,work,manual,null,null,null,null,fb8513ee-5592-4bc4-8c2f-b7cf42c38dfb,2026-03-22 18:24:26.824+00,null,true,2026-03-22 18:24:27.455673+00,2026-03-22 18:24:26.824+00,27b8a431-e9a2-45fc-a9c6-6faa895022be,null,true,null,null
2060fcd8-beb6-4bd8-aa9a-cc6662f6dd30,26849e30-a026-45ae-814f-af82f129a74a,5d73f3d3-b6c5-4368-b753-1dcf38c16102,2025-09-04,4,work,manual,null,null,null,null,fb8513ee-5592-4bc4-8c2f-b7cf42c38dfb,2026-03-22 17:48:42.864+00,null,true,2026-03-22 17:48:43.854152+00,2026-03-22 17:48:42.864+00,087535e3-9872-4925-9968-6c4125e37dc2,null,true,null,null
d6421730-6b8a-4112-b2b9-d7520f5969fb,1edb3a61-b1d4-4889-a89f-b43401ccf5a2,5d73f3d3-b6c5-4368-b753-1dcf38c16102,2025-09-04,7.6,work,manual,null,null,null,null,fb8513ee-5592-4bc4-8c2f-b7cf42c38dfb,2026-03-22 18:14:58.378+00,null,true,2026-03-22 18:14:59.093196+00,2026-03-22 18:14:58.378+00,087535e3-9872-4925-9968-6c4125e37dc2,null,true,null,null
e406e0ed-67ac-4897-a1a8-21d4f2d92139,07f24df6-84e1-4eb7-91d2-41d2b5e5936a,5d73f3d3-b6c5-4368-b753-1dcf38c16102,2025-09-04,4,work,manual,null,null,null,null,fb8513ee-5592-4bc4-8c2f-b7cf42c38dfb,2026-03-22 18:24:26.824+00,null,true,2026-03-22 18:24:27.609274+00,2026-03-22 18:24:26.824+00,27b8a431-e9a2-45fc-a9c6-6faa895022be,null,true,null,null
368b42f2-35eb-4275-b483-a23ac9571808,26849e30-a026-45ae-814f-af82f129a74a,5d73f3d3-b6c5-4368-b753-1dcf38c16102,2025-09-05,4,work,manual,null,null,null,null,fb8513ee-5592-4bc4-8c2f-b7cf42c38dfb,2026-03-22 17:48:42.864+00,null,true,2026-03-22 17:48:44.008275+00,2026-03-22 17:48:42.864+00,087535e3-9872-4925-9968-6c4125e37dc2,null,true,null,null
a95a2e97-0ad3-4e87-a0ce-f20f9f7582aa,1edb3a61-b1d4-4889-a89f-b43401ccf5a2,5d73f3d3-b6c5-4368-b753-1dcf38c16102,2025-09-05,7.6,work,manual,null,null,null,null,fb8513ee-5592-4bc4-8c2f-b7cf42c38dfb,2026-03-22 18:14:58.378+00,null,true,2026-03-22 18:14:59.198643+00,2026-03-22 18:14:58.378+00,087535e3-9872-4925-9968-6c4125e37dc2,null,true,null,null
cd199ad3-f6e7-4be0-9663-38c5c19dea56,07f24df6-84e1-4eb7-91d2-41d2b5e5936a,5d73f3d3-b6c5-4368-b753-1dcf38c16102,2025-09-05,0,work,manual,null,null,null,null,fb8513ee-5592-4bc4-8c2f-b7cf42c38dfb,2026-03-22 18:24:26.824+00,null,true,2026-03-22 18:24:27.744689+00,2026-03-22 18:24:26.824+00,27b8a431-e9a2-45fc-a9c6-6faa895022be,null,true,null,null
3de64ea5-89cb-430b-bc02-13d89ac4a21b,26849e30-a026-45ae-814f-af82f129a74a,5d73f3d3-b6c5-4368-b753-1dcf38c16102,2025-09-08,4,work,manual,null,null,null,null,fb8513ee-5592-4bc4-8c2f-b7cf42c38dfb,2026-03-22 17:48:42.864+00,null,true,2026-03-22 17:48:44.411815+00,2026-03-22 17:48:42.864+00,d4137b56-8992-41c8-b98a-703b5b1e0228,null,true,null,null
c02028d0-4a36-4872-b8dd-a28be4b27c1c,1edb3a61-b1d4-4889-a89f-b43401ccf5a2,5d73f3d3-b6c5-4368-b753-1dcf38c16102,2025-09-08,0.57,work,manual,null,null,null,null,fb8513ee-5592-4bc4-8c2f-b7cf42c38dfb,2026-03-22 18:14:58.378+00,null,true,2026-03-22 18:14:59.305181+00,2026-03-22 18:14:58.378+00,087535e3-9872-4925-9968-6c4125e37dc2,null,true,null,null
a8b8fab0-4298-4340-98f8-347137bd9cc1,1edb3a61-b1d4-4889-a89f-b43401ccf5a2,5d73f3d3-b6c5-4368-b753-1dcf38c16102,2025-09-08,4.5,work,manual,null,null,null,null,fb8513ee-5592-4bc4-8c2f-b7cf42c38dfb,2026-03-22 18:14:58.378+00,null,true,2026-03-22 18:14:59.402238+00,2026-03-22 18:14:58.378+00,d4137b56-8992-41c8-b98a-703b5b1e0228,null,true,null,null
b47aa41d-8ddb-417a-8c37-d9b944afab7d,07f24df6-84e1-4eb7-91d2-41d2b5e5936a,5d73f3d3-b6c5-4368-b753-1dcf38c16102,2025-09-08,4,work,manual,null,null,null,null,fb8513ee-5592-4bc4-8c2f-b7cf42c38dfb,2026-03-22 18:24:26.824+00,null,true,2026-03-22 18:24:27.880287+00,2026-03-22 18:24:26.824+00,27b8a431-e9a2-45fc-a9c6-6faa895022be,null,true,null,null
6c424add-3737-4552-b1e4-0a4e794ea5a0,26849e30-a026-45ae-814f-af82f129a74a,5d73f3d3-b6c5-4368-b753-1dcf38c16102,2025-09-09,4,work,manual,null,null,null,null,fb8513ee-5592-4bc4-8c2f-b7cf42c38dfb,2026-03-22 17:48:42.864+00,null,true,2026-03-22 17:48:44.517898+00,2026-03-22 17:48:42.864+00,d4137b56-8992-41c8-b98a-703b5b1e0228,null,true,null,null
1584ff96-861d-4f94-ab25-d801e1369160,1edb3a61-b1d4-4889-a89f-b43401ccf5a2,5d73f3d3-b6c5-4368-b753-1dcf38c16102,2025-09-09,7.6,work,manual,null,null,null,null,fb8513ee-5592-4bc4-8c2f-b7cf42c38dfb,2026-03-22 18:14:58.378+00,null,true,2026-03-22 18:14:59.504319+00,2026-03-22 18:14:58.378+00,d4137b56-8992-41c8-b98a-703b5b1e0228,null,true,null,null
1254d180-0174-4e0c-bcf3-065a1926f2ce,07f24df6-84e1-4eb7-91d2-41d2b5e5936a,5d73f3d3-b6c5-4368-b753-1dcf38c16102,2025-09-09,4,work,manual,null,null,null,null,fb8513ee-5592-4bc4-8c2f-b7cf42c38dfb,2026-03-22 18:24:26.824+00,null,true,2026-03-22 18:24:28.01497+00,2026-03-22 18:24:26.824+00,27b8a431-e9a2-45fc-a9c6-6faa895022be,null,true,null,null
6cc51e2e-9714-4a26-a316-37f97431553b,26849e30-a026-45ae-814f-af82f129a74a,5d73f3d3-b6c5-4368-b753-1dcf38c16102,2025-09-10,4,work,manual,null,null,null,null,fb8513ee-5592-4bc4-8c2f-b7cf42c38dfb,2026-03-22 17:48:42.864+00,null,true,2026-03-22 17:48:44.643278+00,2026-03-22 17:48:42.864+00,d4137b56-8992-41c8-b98a-703b5b1e0228,null,true,null,null
8d2086a6-8284-48f2-8b06-43b39cf1bce6,1edb3a61-b1d4-4889-a89f-b43401ccf5a2,5d73f3d3-b6c5-4368-b753-1dcf38c16102,2025-09-10,7.6,work,manual,null,null,null,null,fb8513ee-5592-4bc4-8c2f-b7cf42c38dfb,2026-03-22 18:14:58.378+00,null,true,2026-03-22 18:14:59.602634+00,2026-03-22 18:14:58.378+00,d4137b56-8992-41c8-b98a-703b5b1e0228,null,true,null,null
0152f17a-905d-41b4-8bff-a7302d417dbb,07f24df6-84e1-4eb7-91d2-41d2b5e5936a,5d73f3d3-b6c5-4368-b753-1dcf38c16102,2025-09-10,4,work,manual,null,null,null,null,fb8513ee-5592-4bc4-8c2f-b7cf42c38dfb,2026-03-22 18:24:26.824+00,null,true,2026-03-22 18:24:28.169505+00,2026-03-22 18:24:26.824+00,27b8a431-e9a2-45fc-a9c6-6faa895022be,null,true,null,null
99694edb-8abe-4d4d-971d-715f8626b0a3,26849e30-a026-45ae-814f-af82f129a74a,5d73f3d3-b6c5-4368-b753-1dcf38c16102,2025-09-11,4,work,manual,null,null,null,null,fb8513ee-5592-4bc4-8c2f-b7cf42c38dfb,2026-03-22 17:48:42.864+00,null,true,2026-03-22 17:48:44.778993+00,2026-03-22 17:48:42.864+00,d4137b56-8992-41c8-b98a-703b5b1e0228,null,true,null,null
3673c8a0-c6c1-42de-a802-21426675374b,1edb3a61-b1d4-4889-a89f-b43401ccf5a2,5d73f3d3-b6c5-4368-b753-1dcf38c16102,2025-09-11,7.6,work,manual,null,null,null,null,fb8513ee-5592-4bc4-8c2f-b7cf42c38dfb,2026-03-22 18:14:58.378+00,null,true,2026-03-22 18:14:59.709524+00,2026-03-22 18:14:58.378+00,d4137b56-8992-41c8-b98a-703b5b1e0228,null,true,null,null
5061df11-800f-45fe-aff0-61c7ddd6b46a,07f24df6-84e1-4eb7-91d2-41d2b5e5936a,5d73f3d3-b6c5-4368-b753-1dcf38c16102,2025-09-11,4,work,manual,null,null,null,null,fb8513ee-5592-4bc4-8c2f-b7cf42c38dfb,2026-03-22 18:24:26.824+00,null,true,2026-03-22 18:24:28.293381+00,2026-03-22 18:24:26.824+00,27b8a431-e9a2-45fc-a9c6-6faa895022be,null,true,null,null
fbb031a8-d2a5-490c-8e16-72e5cbdca4e5,26849e30-a026-45ae-814f-af82f129a74a,5d73f3d3-b6c5-4368-b753-1dcf38c16102,2025-09-12,4,work,manual,null,null,null,null,fb8513ee-5592-4bc4-8c2f-b7cf42c38dfb,2026-03-22 17:48:42.864+00,null,true,2026-03-22 17:48:44.896565+00,2026-03-22 17:48:42.864+00,d4137b56-8992-41c8-b98a-703b5b1e0228,null,true,null,null
d88a3e49-507a-41e8-9a22-e993e4efb630,1edb3a61-b1d4-4889-a89f-b43401ccf5a2,5d73f3d3-b6c5-4368-b753-1dcf38c16102,2025-09-12,7.6,work,manual,null,null,null,null,fb8513ee-5592-4bc4-8c2f-b7cf42c38dfb,2026-03-22 18:14:58.378+00,null,true,2026-03-22 18:14:59.807273+00,2026-03-22 18:14:58.378+00,d4137b56-8992-41c8-b98a-703b5b1e0228,null,true,null,null
952f0e1b-52ba-45c2-a68a-d7d5feaea97e,07f24df6-84e1-4eb7-91d2-41d2b5e5936a,5d73f3d3-b6c5-4368-b753-1dcf38c16102,2025-09-12,0,work,manual,null,null,null,null,fb8513ee-5592-4bc4-8c2f-b7cf42c38dfb,2026-03-22 18:24:26.824+00,null,true,2026-03-22 18:24:28.416755+00,2026-03-22 18:24:26.824+00,27b8a431-e9a2-45fc-a9c6-6faa895022be,null,true,null,null
08015ab5-2d9b-4280-a6c8-932bce55bcb9,26849e30-a026-45ae-814f-af82f129a74a,5d73f3d3-b6c5-4368-b753-1dcf38c16102,2025-09-15,1.67,work,manual,null,null,null,null,fb8513ee-5592-4bc4-8c2f-b7cf42c38dfb,2026-03-22 17:48:42.864+00,null,true,2026-03-22 17:48:44.998992+00,2026-03-22 17:48:42.864+00,d4137b56-8992-41c8-b98a-703b5b1e0228,null,true,null,null
2f9cf344-a733-4fb5-af1f-21fc0bdb0ed9,26849e30-a026-45ae-814f-af82f129a74a,5d73f3d3-b6c5-4368-b753-1dcf38c16102,2025-09-15,3.33,work,manual,null,null,null,null,fb8513ee-5592-4bc4-8c2f-b7cf42c38dfb,2026-03-22 17:48:42.864+00,null,true,2026-03-22 17:48:45.119929+00,2026-03-22 17:48:42.864+00,65502edb-d0f9-436b-aa08-ddc21ff72aa0,null,true,null,null
984d5a2a-0cdf-4b1e-82f1-160296e24ea4,1edb3a61-b1d4-4889-a89f-b43401ccf5a2,5d73f3d3-b6c5-4368-b753-1dcf38c16102,2025-09-15,7.6,work,manual,null,null,null,null,fb8513ee-5592-4bc4-8c2f-b7cf42c38dfb,2026-03-22 18:14:58.378+00,null,true,2026-03-22 18:14:59.907993+00,2026-03-22 18:14:58.378+00,d4137b56-8992-41c8-b98a-703b5b1e0228,null,true,null,null
637c8bd3-d706-4ddb-a9b1-e51366eca27d,07f24df6-84e1-4eb7-91d2-41d2b5e5936a,5d73f3d3-b6c5-4368-b753-1dcf38c16102,2025-09-15,4,work,manual,null,null,null,null,fb8513ee-5592-4bc4-8c2f-b7cf42c38dfb,2026-03-22 18:24:26.824+00,null,true,2026-03-22 18:24:28.529174+00,2026-03-22 18:24:26.824+00,27b8a431-e9a2-45fc-a9c6-6faa895022be,null,true,null,null
0472352d-5bc2-4dfd-9311-050ce5221233,26849e30-a026-45ae-814f-af82f129a74a,5d73f3d3-b6c5-4368-b753-1dcf38c16102,2025-09-16,4,work,manual,null,null,null,null,fb8513ee-5592-4bc4-8c2f-b7cf42c38dfb,2026-03-22 17:48:42.864+00,null,true,2026-03-22 17:48:45.248831+00,2026-03-22 17:48:42.864+00,65502edb-d0f9-436b-aa08-ddc21ff72aa0,null,true,null,null
098b687c-e955-4a54-bc70-820360bb8ad7,1edb3a61-b1d4-4889-a89f-b43401ccf5a2,5d73f3d3-b6c5-4368-b753-1dcf38c16102,2025-09-16,7.6,work,manual,null,null,null,null,fb8513ee-5592-4bc4-8c2f-b7cf42c38dfb,2026-03-22 18:14:58.378+00,null,true,2026-03-22 18:15:00.02035+00,2026-03-22 18:14:58.378+00,d4137b56-8992-41c8-b98a-703b5b1e0228,null,true,null,null
c9336f97-5f32-4413-8d18-f74632022c27,07f24df6-84e1-4eb7-91d2-41d2b5e5936a,5d73f3d3-b6c5-4368-b753-1dcf38c16102,2025-09-16,4,work,manual,null,null,null,null,fb8513ee-5592-4bc4-8c2f-b7cf42c38dfb,2026-03-22 18:24:26.824+00,null,true,2026-03-22 18:24:28.643897+00,2026-03-22 18:24:26.824+00,27b8a431-e9a2-45fc-a9c6-6faa895022be,null,true,null,null
d8388b85-9aae-4cd2-bbc6-41f72668e1ee,26849e30-a026-45ae-814f-af82f129a74a,5d73f3d3-b6c5-4368-b753-1dcf38c16102,2025-09-17,4,work,manual,null,null,null,null,fb8513ee-5592-4bc4-8c2f-b7cf42c38dfb,2026-03-22 17:48:42.864+00,null,true,2026-03-22 17:48:45.375539+00,2026-03-22 17:48:42.864+00,65502edb-d0f9-436b-aa08-ddc21ff72aa0,null,true,null,null
baf8cdf7-5962-48dd-bef5-0f3d9f33ceff,1edb3a61-b1d4-4889-a89f-b43401ccf5a2,5d73f3d3-b6c5-4368-b753-1dcf38c16102,2025-09-17,7.6,work,manual,null,null,null,null,fb8513ee-5592-4bc4-8c2f-b7cf42c38dfb,2026-03-22 18:14:58.378+00,null,true,2026-03-22 18:15:00.123492+00,2026-03-22 18:14:58.378+00,d4137b56-8992-41c8-b98a-703b5b1e0228,null,true,null,null
3307ad4f-146e-4802-953c-e2216c1eb1aa,07f24df6-84e1-4eb7-91d2-41d2b5e5936a,5d73f3d3-b6c5-4368-b753-1dcf38c16102,2025-09-17,4,work,manual,null,null,null,null,fb8513ee-5592-4bc4-8c2f-b7cf42c38dfb,2026-03-22 18:24:26.824+00,null,true,2026-03-22 18:24:28.804806+00,2026-03-22 18:24:26.824+00,27b8a431-e9a2-45fc-a9c6-6faa895022be,null,true,null,null
92b354a7-9e99-45e6-98f3-05bf710330ec,26849e30-a026-45ae-814f-af82f129a74a,5d73f3d3-b6c5-4368-b753-1dcf38c16102,2025-09-18,4,work,manual,null,null,null,null,fb8513ee-5592-4bc4-8c2f-b7cf42c38dfb,2026-03-22 17:48:42.864+00,null,true,2026-03-22 17:48:45.514025+00,2026-03-22 17:48:42.864+00,65502edb-d0f9-436b-aa08-ddc21ff72aa0,null,true,null,null
81fcad96-b144-4cac-8a98-f1fe0cb7ba6a,1edb3a61-b1d4-4889-a89f-b43401ccf5a2,5d73f3d3-b6c5-4368-b753-1dcf38c16102,2025-09-18,7.6,work,manual,null,null,null,null,fb8513ee-5592-4bc4-8c2f-b7cf42c38dfb,2026-03-22 18:14:58.378+00,null,true,2026-03-22 18:15:00.23035+00,2026-03-22 18:14:58.378+00,d4137b56-8992-41c8-b98a-703b5b1e0228,null,true,null,null
4d26683b-c760-4cca-9425-530b5d66b2e0,07f24df6-84e1-4eb7-91d2-41d2b5e5936a,5d73f3d3-b6c5-4368-b753-1dcf38c16102,2025-09-18,4,work,manual,null,null,null,null,fb8513ee-5592-4bc4-8c2f-b7cf42c38dfb,2026-03-22 18:24:26.824+00,null,true,2026-03-22 18:24:28.920656+00,2026-03-22 18:24:26.824+00,27b8a431-e9a2-45fc-a9c6-6faa895022be,null,true,null,null
20119068-35e0-4918-b627-d3c9408122bb,26849e30-a026-45ae-814f-af82f129a74a,5d73f3d3-b6c5-4368-b753-1dcf38c16102,2025-09-19,3.67,work,manual,null,null,null,null,fb8513ee-5592-4bc4-8c2f-b7cf42c38dfb,2026-03-22 17:48:42.864+00,null,true,2026-03-22 17:48:45.623451+00,2026-03-22 17:48:42.864+00,65502edb-d0f9-436b-aa08-ddc21ff72aa0,null,true,null,null
1a44d1f2-4c52-4eb9-89ac-6691e8f3bb84,1edb3a61-b1d4-4889-a89f-b43401ccf5a2,5d73f3d3-b6c5-4368-b753-1dcf38c16102,2025-09-19,7.6,work,manual,null,null,null,null,fb8513ee-5592-4bc4-8c2f-b7cf42c38dfb,2026-03-22 18:14:58.378+00,null,true,2026-03-22 18:15:00.335746+00,2026-03-22 18:14:58.378+00,d4137b56-8992-41c8-b98a-703b5b1e0228,null,true,null,null
b60db08a-4a84-420f-818d-4059e8613c89,07f24df6-84e1-4eb7-91d2-41d2b5e5936a,5d73f3d3-b6c5-4368-b753-1dcf38c16102,2025-09-19,0,work,manual,null,null,null,null,fb8513ee-5592-4bc4-8c2f-b7cf42c38dfb,2026-03-22 18:24:26.824+00,null,true,2026-03-22 18:24:29.031824+00,2026-03-22 18:24:26.824+00,27b8a431-e9a2-45fc-a9c6-6faa895022be,null,true,null,null
b476b000-419e-4282-85ab-3903caa70aeb,1edb3a61-b1d4-4889-a89f-b43401ccf5a2,5d73f3d3-b6c5-4368-b753-1dcf38c16102,2025-09-22,7.6,work,manual,null,null,null,null,fb8513ee-5592-4bc4-8c2f-b7cf42c38dfb,2026-03-22 18:14:58.378+00,null,true,2026-03-22 18:15:00.44532+00,2026-03-22 18:14:58.378+00,17aad58a-011b-4106-a4ce-5cc55a7daaf0,null,true,null,null
0683a8b3-33a2-4836-817f-90709298c17d,07f24df6-84e1-4eb7-91d2-41d2b5e5936a,5d73f3d3-b6c5-4368-b753-1dcf38c16102,2025-09-22,4,work,manual,null,null,null,null,fb8513ee-5592-4bc4-8c2f-b7cf42c38dfb,2026-03-22 18:24:26.824+00,null,true,2026-03-22 18:24:29.141057+00,2026-03-22 18:24:26.824+00,27b8a431-e9a2-45fc-a9c6-6faa895022be,null,true,null,null
e42d9d70-c6de-482d-925d-c52facdb5141,1edb3a61-b1d4-4889-a89f-b43401ccf5a2,5d73f3d3-b6c5-4368-b753-1dcf38c16102,2025-09-23,7.6,work,manual,null,null,null,null,fb8513ee-5592-4bc4-8c2f-b7cf42c38dfb,2026-03-22 18:14:58.378+00,null,true,2026-03-22 18:15:00.553667+00,2026-03-22 18:14:58.378+00,17aad58a-011b-4106-a4ce-5cc55a7daaf0,null,true,null,null
2b750d8c-5331-4f21-b312-823bd91acb8a,07f24df6-84e1-4eb7-91d2-41d2b5e5936a,5d73f3d3-b6c5-4368-b753-1dcf38c16102,2025-09-23,4,work,manual,null,null,null,null,fb8513ee-5592-4bc4-8c2f-b7cf42c38dfb,2026-03-22 18:24:26.824+00,null,true,2026-03-22 18:24:29.260984+00,2026-03-22 18:24:26.824+00,27b8a431-e9a2-45fc-a9c6-6faa895022be,null,true,null,null
1cd5eeca-c410-43a0-a3d5-fc15b2878928,1edb3a61-b1d4-4889-a89f-b43401ccf5a2,5d73f3d3-b6c5-4368-b753-1dcf38c16102,2025-09-24,7.6,work,manual,null,null,null,null,fb8513ee-5592-4bc4-8c2f-b7cf42c38dfb,2026-03-22 18:14:58.378+00,null,true,2026-03-22 18:15:00.655462+00,2026-03-22 18:14:58.378+00,17aad58a-011b-4106-a4ce-5cc55a7daaf0,null,true,null,null
c1973dce-d3e0-42f6-b792-d2c8851ce00d,07f24df6-84e1-4eb7-91d2-41d2b5e5936a,5d73f3d3-b6c5-4368-b753-1dcf38c16102,2025-09-24,4,work,manual,null,null,null,null,fb8513ee-5592-4bc4-8c2f-b7cf42c38dfb,2026-03-22 18:24:26.824+00,null,true,2026-03-22 18:24:29.370251+00,2026-03-22 18:24:26.824+00,27b8a431-e9a2-45fc-a9c6-6faa895022be,null,true,null,null
d1207721-789a-4d6b-ac3a-ead1ff8c562b,1edb3a61-b1d4-4889-a89f-b43401ccf5a2,5d73f3d3-b6c5-4368-b753-1dcf38c16102,2025-09-25,7.6,work,manual,null,null,null,null,fb8513ee-5592-4bc4-8c2f-b7cf42c38dfb,2026-03-22 18:14:58.378+00,null,true,2026-03-22 18:15:00.753004+00,2026-03-22 18:14:58.378+00,17aad58a-011b-4106-a4ce-5cc55a7daaf0,null,true,null,null
13a25abd-bd68-4d7b-b325-6eb339d32512,07f24df6-84e1-4eb7-91d2-41d2b5e5936a,5d73f3d3-b6c5-4368-b753-1dcf38c16102,2025-09-25,4,work,manual,null,null,null,null,fb8513ee-5592-4bc4-8c2f-b7cf42c38dfb,2026-03-22 18:24:26.824+00,null,true,2026-03-22 18:24:29.469428+00,2026-03-22 18:24:26.824+00,27b8a431-e9a2-45fc-a9c6-6faa895022be,null,true,null,null
f2ca0bfe-f60b-41c1-bfc7-a8650b50bb1d,1edb3a61-b1d4-4889-a89f-b43401ccf5a2,5d73f3d3-b6c5-4368-b753-1dcf38c16102,2025-09-26,7.6,work,manual,null,null,null,null,fb8513ee-5592-4bc4-8c2f-b7cf42c38dfb,2026-03-22 18:14:58.378+00,null,true,2026-03-22 18:15:00.868196+00,2026-03-22 18:14:58.378+00,17aad58a-011b-4106-a4ce-5cc55a7daaf0,null,true,null,null
d5e1ba6e-933c-47a7-a28b-062066e90ea6,07f24df6-84e1-4eb7-91d2-41d2b5e5936a,5d73f3d3-b6c5-4368-b753-1dcf38c16102,2025-09-26,0,work,manual,null,null,null,null,fb8513ee-5592-4bc4-8c2f-b7cf42c38dfb,2026-03-22 18:24:26.824+00,null,true,2026-03-22 18:24:29.587578+00,2026-03-22 18:24:26.824+00,27b8a431-e9a2-45fc-a9c6-6faa895022be,null,true,null,null
4f974f8c-5d10-47de-8959-c3e8917ec8b2,1edb3a61-b1d4-4889-a89f-b43401ccf5a2,5d73f3d3-b6c5-4368-b753-1dcf38c16102,2025-09-29,7.6,work,manual,null,null,null,null,fb8513ee-5592-4bc4-8c2f-b7cf42c38dfb,2026-03-22 18:14:58.378+00,null,true,2026-03-22 18:15:00.971112+00,2026-03-22 18:14:58.378+00,17aad58a-011b-4106-a4ce-5cc55a7daaf0,null,true,null,null
dd863f41-4d36-4cbf-be60-0407ddd5e3ce,07f24df6-84e1-4eb7-91d2-41d2b5e5936a,5d73f3d3-b6c5-4368-b753-1dcf38c16102,2025-09-29,4,work,manual,null,null,null,null,fb8513ee-5592-4bc4-8c2f-b7cf42c38dfb,2026-03-22 18:24:26.824+00,null,true,2026-03-22 18:24:29.736351+00,2026-03-22 18:24:26.824+00,27b8a431-e9a2-45fc-a9c6-6faa895022be,null,true,null,null
b6c58a35-8a0c-43fb-bc99-69c8d05a36cd,1edb3a61-b1d4-4889-a89f-b43401ccf5a2,5d73f3d3-b6c5-4368-b753-1dcf38c16102,2025-09-30,7.6,work,manual,null,null,null,null,fb8513ee-5592-4bc4-8c2f-b7cf42c38dfb,2026-03-22 18:14:58.378+00,null,true,2026-03-22 18:15:01.071728+00,2026-03-22 18:14:58.378+00,17aad58a-011b-4106-a4ce-5cc55a7daaf0,null,true,null,null
7a9f94d3-51b0-4ec8-92e5-79b4e9e9a347,07f24df6-84e1-4eb7-91d2-41d2b5e5936a,5d73f3d3-b6c5-4368-b753-1dcf38c16102,2025-09-30,1.33,work,manual,null,null,null,null,fb8513ee-5592-4bc4-8c2f-b7cf42c38dfb,2026-03-22 18:24:26.824+00,null,true,2026-03-22 18:24:29.869237+00,2026-03-22 18:24:26.824+00,27b8a431-e9a2-45fc-a9c6-6faa895022be,null,true,null,null
c4393a60-a4e6-4dca-b2c4-6954e21a2c35,26849e30-a026-45ae-814f-af82f129a74a,5d73f3d3-b6c5-4368-b753-1dcf38c16102,2025-10-01,4,work,manual,null,null,null,null,fb8513ee-5592-4bc4-8c2f-b7cf42c38dfb,2026-03-22 17:55:56.296+00,null,true,2026-03-22 17:55:57.066599+00,2026-03-22 17:55:56.296+00,5c47ce16-f0e2-48b3-a288-18ee12ed838e,null,true,null,null
6ad9af8b-c8f9-4a80-ae9e-5ea9817edee0,1edb3a61-b1d4-4889-a89f-b43401ccf5a2,5d73f3d3-b6c5-4368-b753-1dcf38c16102,2025-10-01,7.6,work,manual,null,null,null,null,fb8513ee-5592-4bc4-8c2f-b7cf42c38dfb,2026-03-22 18:16:57.791+00,null,true,2026-03-22 18:16:59.95247+00,2026-03-22 18:16:57.791+00,0fb40ae0-18c5-4705-8c48-40f61c7a9b77,null,true,null,null
da66ef68-a63a-4e4d-bcc9-ba3849e53701,07f24df6-84e1-4eb7-91d2-41d2b5e5936a,5d73f3d3-b6c5-4368-b753-1dcf38c16102,2025-10-01,4,work,manual,null,null,null,null,fb8513ee-5592-4bc4-8c2f-b7cf42c38dfb,2026-03-22 18:25:25.249+00,null,true,2026-03-22 18:25:25.711088+00,2026-03-22 18:25:25.249+00,27b8a431-e9a2-45fc-a9c6-6faa895022be,null,true,null,null
aec65b1f-00cb-4f3f-a83c-5f3a377c20e0,26849e30-a026-45ae-814f-af82f129a74a,5d73f3d3-b6c5-4368-b753-1dcf38c16102,2025-10-02,4,work,manual,null,null,null,null,fb8513ee-5592-4bc4-8c2f-b7cf42c38dfb,2026-03-22 17:55:56.296+00,null,true,2026-03-22 17:55:57.185864+00,2026-03-22 17:55:56.296+00,5c47ce16-f0e2-48b3-a288-18ee12ed838e,null,true,null,null
475d7236-cb39-4a90-aecd-09812642437f,1edb3a61-b1d4-4889-a89f-b43401ccf5a2,5d73f3d3-b6c5-4368-b753-1dcf38c16102,2025-10-02,7.6,work,manual,null,null,null,null,fb8513ee-5592-4bc4-8c2f-b7cf42c38dfb,2026-03-22 18:16:57.791+00,null,true,2026-03-22 18:17:00.073654+00,2026-03-22 18:16:57.791+00,0fb40ae0-18c5-4705-8c48-40f61c7a9b77,null,true,null,null
3e4fa208-b657-44ff-ba8a-736acaa25e3b,07f24df6-84e1-4eb7-91d2-41d2b5e5936a,5d73f3d3-b6c5-4368-b753-1dcf38c16102,2025-10-02,4,work,manual,null,null,null,null,fb8513ee-5592-4bc4-8c2f-b7cf42c38dfb,2026-03-22 18:25:25.249+00,null,true,2026-03-22 18:25:25.838657+00,2026-03-22 18:25:25.249+00,27b8a431-e9a2-45fc-a9c6-6faa895022be,null,true,null,null
d7a121f3-19cf-4c22-ac1b-effff0260183,26849e30-a026-45ae-814f-af82f129a74a,5d73f3d3-b6c5-4368-b753-1dcf38c16102,2025-10-06,4,work,manual,null,null,null,null,fb8513ee-5592-4bc4-8c2f-b7cf42c38dfb,2026-03-22 17:55:56.296+00,null,true,2026-03-22 17:55:57.299564+00,2026-03-22 17:55:56.296+00,5c47ce16-f0e2-48b3-a288-18ee12ed838e,null,true,null,null
b6cb1a29-87c5-4edd-a570-3a53725f8e90,1edb3a61-b1d4-4889-a89f-b43401ccf5a2,5d73f3d3-b6c5-4368-b753-1dcf38c16102,2025-10-06,7.6,work,manual,null,null,null,null,fb8513ee-5592-4bc4-8c2f-b7cf42c38dfb,2026-03-22 18:16:57.791+00,null,true,2026-03-22 18:17:00.201349+00,2026-03-22 18:16:57.791+00,0fb40ae0-18c5-4705-8c48-40f61c7a9b77,null,true,null,null
2a5013c5-418f-46c4-94c6-74536ba88dc0,07f24df6-84e1-4eb7-91d2-41d2b5e5936a,5d73f3d3-b6c5-4368-b753-1dcf38c16102,2025-10-06,4,work,manual,null,null,null,null,fb8513ee-5592-4bc4-8c2f-b7cf42c38dfb,2026-03-22 18:25:25.249+00,null,true,2026-03-22 18:25:25.970128+00,2026-03-22 18:25:25.249+00,27b8a431-e9a2-45fc-a9c6-6faa895022be,null,true,null,null
ba373398-cf79-4a5a-a37e-917babf30f96,26849e30-a026-45ae-814f-af82f129a74a,5d73f3d3-b6c5-4368-b753-1dcf38c16102,2025-10-07,4,work,manual,null,null,null,null,fb8513ee-5592-4bc4-8c2f-b7cf42c38dfb,2026-03-22 17:55:56.296+00,null,true,2026-03-22 17:55:57.416269+00,2026-03-22 17:55:56.296+00,5c47ce16-f0e2-48b3-a288-18ee12ed838e,null,true,null,null
f5250890-6f5e-4426-b8b7-e906934b182b,1edb3a61-b1d4-4889-a89f-b43401ccf5a2,5d73f3d3-b6c5-4368-b753-1dcf38c16102,2025-10-07,7.6,work,manual,null,null,null,null,fb8513ee-5592-4bc4-8c2f-b7cf42c38dfb,2026-03-22 18:16:57.791+00,null,true,2026-03-22 18:17:00.33301+00,2026-03-22 18:16:57.791+00,0fb40ae0-18c5-4705-8c48-40f61c7a9b77,null,true,null,null
193ce10c-0be6-49a4-9647-75150c91dfa1,07f24df6-84e1-4eb7-91d2-41d2b5e5936a,5d73f3d3-b6c5-4368-b753-1dcf38c16102,2025-10-07,4,work,manual,null,null,null,null,fb8513ee-5592-4bc4-8c2f-b7cf42c38dfb,2026-03-22 18:25:25.249+00,null,true,2026-03-22 18:25:26.088363+00,2026-03-22 18:25:25.249+00,27b8a431-e9a2-45fc-a9c6-6faa895022be,null,true,null,null
8aafd4a3-304e-46b6-951a-16b8c9c6613c,26849e30-a026-45ae-814f-af82f129a74a,5d73f3d3-b6c5-4368-b753-1dcf38c16102,2025-10-08,4,work,manual,null,null,null,null,fb8513ee-5592-4bc4-8c2f-b7cf42c38dfb,2026-03-22 17:55:56.296+00,null,true,2026-03-22 17:55:57.521314+00,2026-03-22 17:55:56.296+00,5c47ce16-f0e2-48b3-a288-18ee12ed838e,null,true,null,null
d48e153b-1911-4ee2-af41-c33003a6c3c0,1edb3a61-b1d4-4889-a89f-b43401ccf5a2,5d73f3d3-b6c5-4368-b753-1dcf38c16102,2025-10-08,7.6,work,manual,null,null,null,null,fb8513ee-5592-4bc4-8c2f-b7cf42c38dfb,2026-03-22 18:16:57.791+00,null,true,2026-03-22 18:17:00.471786+00,2026-03-22 18:16:57.791+00,0fb40ae0-18c5-4705-8c48-40f61c7a9b77,null,true,null,null
75a1ad06-d666-4c5f-9532-fdb3f7b9fd34,07f24df6-84e1-4eb7-91d2-41d2b5e5936a,5d73f3d3-b6c5-4368-b753-1dcf38c16102,2025-10-08,4,work,manual,null,null,null,null,fb8513ee-5592-4bc4-8c2f-b7cf42c38dfb,2026-03-22 18:25:25.249+00,null,true,2026-03-22 18:25:26.194088+00,2026-03-22 18:25:25.249+00,27b8a431-e9a2-45fc-a9c6-6faa895022be,null,true,null,null
32801c7f-9518-4723-b859-775a64581f86,26849e30-a026-45ae-814f-af82f129a74a,5d73f3d3-b6c5-4368-b753-1dcf38c16102,2025-10-09,4,work,manual,null,null,null,null,fb8513ee-5592-4bc4-8c2f-b7cf42c38dfb,2026-03-22 17:55:56.296+00,null,true,2026-03-22 17:55:57.622431+00,2026-03-22 17:55:56.296+00,5c47ce16-f0e2-48b3-a288-18ee12ed838e,null,true,null,null
29dc9718-e6b0-40bf-84bc-fd0cbe0ce8ec,1edb3a61-b1d4-4889-a89f-b43401ccf5a2,5d73f3d3-b6c5-4368-b753-1dcf38c16102,2025-10-09,7.6,work,manual,null,null,null,null,fb8513ee-5592-4bc4-8c2f-b7cf42c38dfb,2026-03-22 18:16:57.791+00,null,true,2026-03-22 18:17:00.596152+00,2026-03-22 18:16:57.791+00,0fb40ae0-18c5-4705-8c48-40f61c7a9b77,null,true,null,null
10e9d327-89bd-4079-b711-d69289434f18,07f24df6-84e1-4eb7-91d2-41d2b5e5936a,5d73f3d3-b6c5-4368-b753-1dcf38c16102,2025-10-09,4,work,manual,null,null,null,null,fb8513ee-5592-4bc4-8c2f-b7cf42c38dfb,2026-03-22 18:25:25.249+00,null,true,2026-03-22 18:25:26.301678+00,2026-03-22 18:25:25.249+00,27b8a431-e9a2-45fc-a9c6-6faa895022be,null,true,null,null
e6c333e3-03b0-4ebb-b6ad-5e4286a95a02,26849e30-a026-45ae-814f-af82f129a74a,5d73f3d3-b6c5-4368-b753-1dcf38c16102,2025-10-10,4,work,manual,null,null,null,null,fb8513ee-5592-4bc4-8c2f-b7cf42c38dfb,2026-03-22 17:55:56.296+00,null,true,2026-03-22 17:55:57.725871+00,2026-03-22 17:55:56.296+00,5c47ce16-f0e2-48b3-a288-18ee12ed838e,null,true,null,null
9993fd3f-2388-41f4-901c-cd862d0da13b,1edb3a61-b1d4-4889-a89f-b43401ccf5a2,5d73f3d3-b6c5-4368-b753-1dcf38c16102,2025-10-10,5.07,work,manual,null,null,null,null,fb8513ee-5592-4bc4-8c2f-b7cf42c38dfb,2026-03-22 18:16:57.791+00,null,true,2026-03-22 18:17:00.705754+00,2026-03-22 18:16:57.791+00,0fb40ae0-18c5-4705-8c48-40f61c7a9b77,null,true,null,null
d5c6fe61-3f7c-41f7-82e5-1846b7b7e14e,1edb3a61-b1d4-4889-a89f-b43401ccf5a2,5d73f3d3-b6c5-4368-b753-1dcf38c16102,2025-10-10,2.6,work,manual,null,null,null,null,fb8513ee-5592-4bc4-8c2f-b7cf42c38dfb,2026-03-22 18:16:57.791+00,null,true,2026-03-22 18:17:00.815375+00,2026-03-22 18:16:57.791+00,null,null,false,null,null
756fba52-4406-4a78-97ca-cffd53ae7fb8,07f24df6-84e1-4eb7-91d2-41d2b5e5936a,5d73f3d3-b6c5-4368-b753-1dcf38c16102,2025-10-10,0,work,manual,null,null,null,null,fb8513ee-5592-4bc4-8c2f-b7cf42c38dfb,2026-03-22 18:25:25.249+00,null,true,2026-03-22 18:25:26.419784+00,2026-03-22 18:25:25.249+00,27b8a431-e9a2-45fc-a9c6-6faa895022be,null,true,null,null
63c455c0-d841-4815-9813-ad0bdb8661fc,26849e30-a026-45ae-814f-af82f129a74a,5d73f3d3-b6c5-4368-b753-1dcf38c16102,2025-10-13,4,work,manual,null,null,null,null,fb8513ee-5592-4bc4-8c2f-b7cf42c38dfb,2026-03-22 17:55:56.296+00,null,true,2026-03-22 17:55:56.60675+00,2026-03-22 17:55:56.296+00,27b8a431-e9a2-45fc-a9c6-6faa895022be,null,true,null,null
9654f882-b1a5-4612-b9c7-6475998811ed,1edb3a61-b1d4-4889-a89f-b43401ccf5a2,5d73f3d3-b6c5-4368-b753-1dcf38c16102,2025-10-13,7.6,work,manual,null,null,null,null,fb8513ee-5592-4bc4-8c2f-b7cf42c38dfb,2026-03-22 18:16:57.791+00,null,true,2026-03-22 18:16:58.144033+00,2026-03-22 18:16:57.791+00,17aad58a-011b-4106-a4ce-5cc55a7daaf0,null,true,null,null
ee333ae6-e7ec-4385-b891-f177245b9bc6,07f24df6-84e1-4eb7-91d2-41d2b5e5936a,5d73f3d3-b6c5-4368-b753-1dcf38c16102,2025-10-13,4,work,manual,null,null,null,null,fb8513ee-5592-4bc4-8c2f-b7cf42c38dfb,2026-03-22 18:25:25.249+00,null,true,2026-03-22 18:25:26.52997+00,2026-03-22 18:25:25.249+00,27b8a431-e9a2-45fc-a9c6-6faa895022be,null,true,null,null
d0dda4ef-2bd7-447d-b916-fb49470a7c7f,26849e30-a026-45ae-814f-af82f129a74a,5d73f3d3-b6c5-4368-b753-1dcf38c16102,2025-10-14,4,work,manual,null,null,null,null,fb8513ee-5592-4bc4-8c2f-b7cf42c38dfb,2026-03-22 17:55:56.296+00,null,true,2026-03-22 17:55:56.7333+00,2026-03-22 17:55:56.296+00,27b8a431-e9a2-45fc-a9c6-6faa895022be,null,true,null,null
77c38082-0a74-43cf-a411-edad4ab684e2,1edb3a61-b1d4-4889-a89f-b43401ccf5a2,5d73f3d3-b6c5-4368-b753-1dcf38c16102,2025-10-14,7.6,work,manual,null,null,null,null,fb8513ee-5592-4bc4-8c2f-b7cf42c38dfb,2026-03-22 18:16:57.791+00,null,true,2026-03-22 18:16:58.269542+00,2026-03-22 18:16:57.791+00,17aad58a-011b-4106-a4ce-5cc55a7daaf0,null,true,null,null
a31df0d2-7be8-40a5-ab56-e1042ac2252d,07f24df6-84e1-4eb7-91d2-41d2b5e5936a,5d73f3d3-b6c5-4368-b753-1dcf38c16102,2025-10-14,4,work,manual,null,null,null,null,fb8513ee-5592-4bc4-8c2f-b7cf42c38dfb,2026-03-22 18:25:25.249+00,null,true,2026-03-22 18:25:26.640663+00,2026-03-22 18:25:25.249+00,27b8a431-e9a2-45fc-a9c6-6faa895022be,null,true,null,null
3986a150-5382-43f7-8249-51e91f1aab30,26849e30-a026-45ae-814f-af82f129a74a,5d73f3d3-b6c5-4368-b753-1dcf38c16102,2025-10-15,4,work,manual,null,null,null,null,fb8513ee-5592-4bc4-8c2f-b7cf42c38dfb,2026-03-22 17:55:56.296+00,null,true,2026-03-22 17:55:56.843735+00,2026-03-22 17:55:56.296+00,27b8a431-e9a2-45fc-a9c6-6faa895022be,null,true,null,null
80966e7b-2a3d-4672-88cf-577f67394c9b,1edb3a61-b1d4-4889-a89f-b43401ccf5a2,5d73f3d3-b6c5-4368-b753-1dcf38c16102,2025-10-15,7.6,work,manual,null,null,null,null,fb8513ee-5592-4bc4-8c2f-b7cf42c38dfb,2026-03-22 18:16:57.791+00,null,true,2026-03-22 18:16:58.379219+00,2026-03-22 18:16:57.791+00,17aad58a-011b-4106-a4ce-5cc55a7daaf0,null,true,null,null
5facc3ed-2c71-4878-b854-72b1b9ecb280,07f24df6-84e1-4eb7-91d2-41d2b5e5936a,5d73f3d3-b6c5-4368-b753-1dcf38c16102,2025-10-15,4,work,manual,null,null,null,null,fb8513ee-5592-4bc4-8c2f-b7cf42c38dfb,2026-03-22 18:25:25.249+00,null,true,2026-03-22 18:25:26.863813+00,2026-03-22 18:25:25.249+00,27b8a431-e9a2-45fc-a9c6-6faa895022be,null,true,null,null
58a60ac0-efe9-4b02-94cd-76f361cdf0bd,26849e30-a026-45ae-814f-af82f129a74a,5d73f3d3-b6c5-4368-b753-1dcf38c16102,2025-10-16,3.67,work,manual,null,null,null,null,fb8513ee-5592-4bc4-8c2f-b7cf42c38dfb,2026-03-22 17:55:56.296+00,null,true,2026-03-22 17:55:56.95317+00,2026-03-22 17:55:56.296+00,27b8a431-e9a2-45fc-a9c6-6faa895022be,null,true,null,null
c09eddcf-1fad-4023-84a4-94c271e1d651,1edb3a61-b1d4-4889-a89f-b43401ccf5a2,5d73f3d3-b6c5-4368-b753-1dcf38c16102,2025-10-16,7.6,work,manual,null,null,null,null,fb8513ee-5592-4bc4-8c2f-b7cf42c38dfb,2026-03-22 18:16:57.791+00,null,true,2026-03-22 18:16:58.502158+00,2026-03-22 18:16:57.791+00,17aad58a-011b-4106-a4ce-5cc55a7daaf0,null,true,null,null
8efd2833-53ff-42b5-91e9-63272e52b013,07f24df6-84e1-4eb7-91d2-41d2b5e5936a,5d73f3d3-b6c5-4368-b753-1dcf38c16102,2025-10-16,1.33,work,manual,null,null,null,null,fb8513ee-5592-4bc4-8c2f-b7cf42c38dfb,2026-03-22 18:25:25.249+00,null,true,2026-03-22 18:25:27.002895+00,2026-03-22 18:25:25.249+00,27b8a431-e9a2-45fc-a9c6-6faa895022be,null,true,null,null
04bd5f15-1938-469a-a465-3d66b1a65f3c,1edb3a61-b1d4-4889-a89f-b43401ccf5a2,5d73f3d3-b6c5-4368-b753-1dcf38c16102,2025-10-17,7.6,work,manual,null,null,null,null,fb8513ee-5592-4bc4-8c2f-b7cf42c38dfb,2026-03-22 18:16:57.791+00,null,true,2026-03-22 18:16:58.665607+00,2026-03-22 18:16:57.791+00,17aad58a-011b-4106-a4ce-5cc55a7daaf0,null,true,null,null
225bf563-8212-4420-9b38-962753891c23,07f24df6-84e1-4eb7-91d2-41d2b5e5936a,5d73f3d3-b6c5-4368-b753-1dcf38c16102,2025-10-17,0,work,manual,null,null,null,null,fb8513ee-5592-4bc4-8c2f-b7cf42c38dfb,2026-03-22 18:25:25.249+00,null,true,2026-03-22 18:25:27.144977+00,2026-03-22 18:25:25.249+00,27b8a431-e9a2-45fc-a9c6-6faa895022be,null,true,null,null
1bcd2db4-6633-4a8d-b536-02a00427d2c2,26849e30-a026-45ae-814f-af82f129a74a,5d73f3d3-b6c5-4368-b753-1dcf38c16102,2025-10-20,1,work,manual,null,null,null,null,fb8513ee-5592-4bc4-8c2f-b7cf42c38dfb,2026-03-22 17:55:56.296+00,null,true,2026-03-22 17:55:57.842839+00,2026-03-22 17:55:56.296+00,173eaac4-3049-48ca-9b3c-0770840de594,null,true,null,null
0c57d461-160f-4096-8e21-2a5d6789799c,1edb3a61-b1d4-4889-a89f-b43401ccf5a2,5d73f3d3-b6c5-4368-b753-1dcf38c16102,2025-10-20,7.6,work,manual,null,null,null,null,fb8513ee-5592-4bc4-8c2f-b7cf42c38dfb,2026-03-22 18:16:57.791+00,null,true,2026-03-22 18:16:58.790565+00,2026-03-22 18:16:57.791+00,17aad58a-011b-4106-a4ce-5cc55a7daaf0,null,true,null,null
191a1f22-da97-4d5a-aec1-547bfb060cbe,07f24df6-84e1-4eb7-91d2-41d2b5e5936a,5d73f3d3-b6c5-4368-b753-1dcf38c16102,2025-10-20,4,work,manual,null,null,null,null,fb8513ee-5592-4bc4-8c2f-b7cf42c38dfb,2026-03-22 18:25:25.249+00,null,true,2026-03-22 18:25:27.270449+00,2026-03-22 18:25:25.249+00,27b8a431-e9a2-45fc-a9c6-6faa895022be,null,true,null,null
c15cff20-b194-45f8-a723-dc03ee3614a5,26849e30-a026-45ae-814f-af82f129a74a,5d73f3d3-b6c5-4368-b753-1dcf38c16102,2025-10-21,4,work,manual,null,null,null,null,fb8513ee-5592-4bc4-8c2f-b7cf42c38dfb,2026-03-22 17:55:56.296+00,null,true,2026-03-22 17:55:57.943289+00,2026-03-22 17:55:56.296+00,173eaac4-3049-48ca-9b3c-0770840de594,null,true,null,null
e65d023a-5f3b-4748-9077-9e74eaeed990,1edb3a61-b1d4-4889-a89f-b43401ccf5a2,5d73f3d3-b6c5-4368-b753-1dcf38c16102,2025-10-21,7.6,work,manual,null,null,null,null,fb8513ee-5592-4bc4-8c2f-b7cf42c38dfb,2026-03-22 18:16:57.791+00,null,true,2026-03-22 18:16:58.917969+00,2026-03-22 18:16:57.791+00,17aad58a-011b-4106-a4ce-5cc55a7daaf0,null,true,null,null
17920da7-d2a4-49e0-b193-56205059d841,07f24df6-84e1-4eb7-91d2-41d2b5e5936a,5d73f3d3-b6c5-4368-b753-1dcf38c16102,2025-10-21,4,work,manual,null,null,null,null,fb8513ee-5592-4bc4-8c2f-b7cf42c38dfb,2026-03-22 18:25:25.249+00,null,true,2026-03-22 18:25:27.382801+00,2026-03-22 18:25:25.249+00,27b8a431-e9a2-45fc-a9c6-6faa895022be,null,true,null,null
82aa56f7-5644-49ef-b533-cb51e34fd187,26849e30-a026-45ae-814f-af82f129a74a,5d73f3d3-b6c5-4368-b753-1dcf38c16102,2025-10-22,4,work,manual,null,null,null,null,fb8513ee-5592-4bc4-8c2f-b7cf42c38dfb,2026-03-22 17:55:56.296+00,null,true,2026-03-22 17:55:58.066952+00,2026-03-22 17:55:56.296+00,173eaac4-3049-48ca-9b3c-0770840de594,null,true,null,null
34c8ef92-39a2-4ac9-91a8-5b17ccb0d38a,1edb3a61-b1d4-4889-a89f-b43401ccf5a2,5d73f3d3-b6c5-4368-b753-1dcf38c16102,2025-10-22,7.6,work,manual,null,null,null,null,fb8513ee-5592-4bc4-8c2f-b7cf42c38dfb,2026-03-22 18:16:57.791+00,null,true,2026-03-22 18:16:59.023347+00,2026-03-22 18:16:57.791+00,17aad58a-011b-4106-a4ce-5cc55a7daaf0,null,true,null,null
3d2f4b91-a5f7-415f-a3a2-c27a31059292,07f24df6-84e1-4eb7-91d2-41d2b5e5936a,5d73f3d3-b6c5-4368-b753-1dcf38c16102,2025-10-22,4,work,manual,null,null,null,null,fb8513ee-5592-4bc4-8c2f-b7cf42c38dfb,2026-03-22 18:25:25.249+00,null,true,2026-03-22 18:25:27.494535+00,2026-03-22 18:25:25.249+00,27b8a431-e9a2-45fc-a9c6-6faa895022be,null,true,null,null
841c7037-d8c2-4b30-9705-983b78380009,26849e30-a026-45ae-814f-af82f129a74a,5d73f3d3-b6c5-4368-b753-1dcf38c16102,2025-10-23,4,work,manual,null,null,null,null,fb8513ee-5592-4bc4-8c2f-b7cf42c38dfb,2026-03-22 17:55:56.296+00,null,true,2026-03-22 17:55:58.184571+00,2026-03-22 17:55:56.296+00,173eaac4-3049-48ca-9b3c-0770840de594,null,true,null,null
b753eb63-e7f2-4a1b-be4e-d3be6838e00d,1edb3a61-b1d4-4889-a89f-b43401ccf5a2,5d73f3d3-b6c5-4368-b753-1dcf38c16102,2025-10-23,7.6,work,manual,null,null,null,null,fb8513ee-5592-4bc4-8c2f-b7cf42c38dfb,2026-03-22 18:16:57.791+00,null,true,2026-03-22 18:16:59.129249+00,2026-03-22 18:16:57.791+00,17aad58a-011b-4106-a4ce-5cc55a7daaf0,null,true,null,null
a0d1385d-ee94-456f-9dcb-5da52c85f343,07f24df6-84e1-4eb7-91d2-41d2b5e5936a,5d73f3d3-b6c5-4368-b753-1dcf38c16102,2025-10-23,4,work,manual,null,null,null,null,fb8513ee-5592-4bc4-8c2f-b7cf42c38dfb,2026-03-22 18:25:25.249+00,null,true,2026-03-22 18:25:27.59194+00,2026-03-22 18:25:25.249+00,27b8a431-e9a2-45fc-a9c6-6faa895022be,null,true,null,null
b9cfa8c5-fc29-4670-afd0-2a20d661a6a7,26849e30-a026-45ae-814f-af82f129a74a,5d73f3d3-b6c5-4368-b753-1dcf38c16102,2025-10-24,4,work,manual,null,null,null,null,fb8513ee-5592-4bc4-8c2f-b7cf42c38dfb,2026-03-22 17:55:56.296+00,null,true,2026-03-22 17:55:58.305237+00,2026-03-22 17:55:56.296+00,173eaac4-3049-48ca-9b3c-0770840de594,null,true,null,null
b632b532-5235-477c-9933-e0659874ad8f,1edb3a61-b1d4-4889-a89f-b43401ccf5a2,5d73f3d3-b6c5-4368-b753-1dcf38c16102,2025-10-24,7.6,work,manual,null,null,null,null,fb8513ee-5592-4bc4-8c2f-b7cf42c38dfb,2026-03-22 18:16:57.791+00,null,true,2026-03-22 18:16:59.24114+00,2026-03-22 18:16:57.791+00,17aad58a-011b-4106-a4ce-5cc55a7daaf0,null,true,null,null
cf75d2e4-0e3c-4429-ad87-a590e4feb8ba,07f24df6-84e1-4eb7-91d2-41d2b5e5936a,5d73f3d3-b6c5-4368-b753-1dcf38c16102,2025-10-24,0,work,manual,null,null,null,null,fb8513ee-5592-4bc4-8c2f-b7cf42c38dfb,2026-03-22 18:25:25.249+00,null,true,2026-03-22 18:25:27.705248+00,2026-03-22 18:25:25.249+00,27b8a431-e9a2-45fc-a9c6-6faa895022be,null,true,null,null
1a07ce6f-b477-4c88-ba0e-4fcf9133187d,1edb3a61-b1d4-4889-a89f-b43401ccf5a2,5d73f3d3-b6c5-4368-b753-1dcf38c16102,2025-10-27,7.6,work,manual,null,null,null,null,fb8513ee-5592-4bc4-8c2f-b7cf42c38dfb,2026-03-22 18:16:57.791+00,null,true,2026-03-22 18:16:59.365697+00,2026-03-22 18:16:57.791+00,17aad58a-011b-4106-a4ce-5cc55a7daaf0,null,true,null,null
defff6af-0145-4bde-b283-14d5d0560adb,07f24df6-84e1-4eb7-91d2-41d2b5e5936a,5d73f3d3-b6c5-4368-b753-1dcf38c16102,2025-10-27,4,work,manual,null,null,null,null,fb8513ee-5592-4bc4-8c2f-b7cf42c38dfb,2026-03-22 18:25:25.249+00,null,true,2026-03-22 18:25:27.820659+00,2026-03-22 18:25:25.249+00,27b8a431-e9a2-45fc-a9c6-6faa895022be,null,true,null,null
f5c1db49-2f95-4c78-b4c3-3fcdd3b0fe00,1edb3a61-b1d4-4889-a89f-b43401ccf5a2,5d73f3d3-b6c5-4368-b753-1dcf38c16102,2025-10-28,7.6,work,manual,null,null,null,null,fb8513ee-5592-4bc4-8c2f-b7cf42c38dfb,2026-03-22 18:16:57.791+00,null,true,2026-03-22 18:16:59.4809+00,2026-03-22 18:16:57.791+00,17aad58a-011b-4106-a4ce-5cc55a7daaf0,null,true,null,null
682b86db-f7d5-4875-915b-fc680d319416,07f24df6-84e1-4eb7-91d2-41d2b5e5936a,5d73f3d3-b6c5-4368-b753-1dcf38c16102,2025-10-28,4,work,manual,null,null,null,null,fb8513ee-5592-4bc4-8c2f-b7cf42c38dfb,2026-03-22 18:25:25.249+00,null,true,2026-03-22 18:25:27.926837+00,2026-03-22 18:25:25.249+00,27b8a431-e9a2-45fc-a9c6-6faa895022be,null,true,null,null
7b0f70d7-597e-47b9-8637-6f64c3a24141,1edb3a61-b1d4-4889-a89f-b43401ccf5a2,5d73f3d3-b6c5-4368-b753-1dcf38c16102,2025-10-29,7.6,work,manual,null,null,null,null,fb8513ee-5592-4bc4-8c2f-b7cf42c38dfb,2026-03-22 18:16:57.791+00,null,true,2026-03-22 18:16:59.606495+00,2026-03-22 18:16:57.791+00,17aad58a-011b-4106-a4ce-5cc55a7daaf0,null,true,null,null
3f7a942c-a752-4997-8e54-5a94ddd47b6d,07f24df6-84e1-4eb7-91d2-41d2b5e5936a,5d73f3d3-b6c5-4368-b753-1dcf38c16102,2025-10-29,4,work,manual,null,null,null,null,fb8513ee-5592-4bc4-8c2f-b7cf42c38dfb,2026-03-22 18:25:25.249+00,null,true,2026-03-22 18:25:28.104178+00,2026-03-22 18:25:25.249+00,27b8a431-e9a2-45fc-a9c6-6faa895022be,null,true,null,null
3d04a5d1-f567-4b0e-a8c9-c74449a7ea64,1edb3a61-b1d4-4889-a89f-b43401ccf5a2,5d73f3d3-b6c5-4368-b753-1dcf38c16102,2025-10-30,7.6,work,manual,null,null,null,null,fb8513ee-5592-4bc4-8c2f-b7cf42c38dfb,2026-03-22 18:16:57.791+00,null,true,2026-03-22 18:16:59.726892+00,2026-03-22 18:16:57.791+00,17aad58a-011b-4106-a4ce-5cc55a7daaf0,null,true,null,null
379499e2-9bc1-424b-8d51-723830031055,07f24df6-84e1-4eb7-91d2-41d2b5e5936a,5d73f3d3-b6c5-4368-b753-1dcf38c16102,2025-10-30,4,work,manual,null,null,null,null,fb8513ee-5592-4bc4-8c2f-b7cf42c38dfb,2026-03-22 18:25:25.249+00,null,true,2026-03-22 18:25:28.208333+00,2026-03-22 18:25:25.249+00,27b8a431-e9a2-45fc-a9c6-6faa895022be,null,true,null,null
09464e31-3e1d-48c8-9efb-1dd8e794f548,1edb3a61-b1d4-4889-a89f-b43401ccf5a2,5d73f3d3-b6c5-4368-b753-1dcf38c16102,2025-10-31,7.6,work,manual,null,null,null,null,fb8513ee-5592-4bc4-8c2f-b7cf42c38dfb,2026-03-22 18:16:57.791+00,null,true,2026-03-22 18:16:59.843505+00,2026-03-22 18:16:57.791+00,17aad58a-011b-4106-a4ce-5cc55a7daaf0,null,true,null,null
f3e00ce3-34bb-4557-abe2-ff843da443e4,07f24df6-84e1-4eb7-91d2-41d2b5e5936a,5d73f3d3-b6c5-4368-b753-1dcf38c16102,2025-10-31,0,work,manual,null,null,null,null,fb8513ee-5592-4bc4-8c2f-b7cf42c38dfb,2026-03-22 18:25:25.249+00,null,true,2026-03-22 18:25:28.330665+00,2026-03-22 18:25:25.249+00,27b8a431-e9a2-45fc-a9c6-6faa895022be,null,true,null,null
bbe3a9e7-2da9-44cb-bdca-b134b6ac0fe6,6bffc464-90bd-4ed8-bf33-3bd1d05bc2d3,9cdec770-8078-4426-a220-4520032e2acf,2025-11-03,4,work,manual,null,null,null,null,f4a8cab0-4004-4d53-8432-61683ccc6551,2026-02-16 22:37:59.902+00,null,false,2026-02-16 22:38:00.097452+00,2026-02-16 22:41:21.031794+00,274ab1d6-143b-4b38-9bb6-1c61ff6d356e,null,true,null,null
a0cda4b2-5da1-44fb-94b2-512e0d44742d,6bffc464-90bd-4ed8-bf33-3bd1d05bc2d3,9cdec770-8078-4426-a220-4520032e2acf,2025-11-03,4,work,manual,null,null,null,null,f4a8cab0-4004-4d53-8432-61683ccc6551,2026-02-16 22:41:20.785+00,null,false,2026-02-16 22:41:21.083245+00,2026-02-17 16:15:43.135663+00,274ab1d6-143b-4b38-9bb6-1c61ff6d356e,null,true,null,null
0b31e9c7-2757-4695-89e4-ca336ebcea3c,6c868fe7-61fe-48bd-8f6c-1095a81cec04,9cdec770-8078-4426-a220-4520032e2acf,2025-11-03,2,work,manual,null,null,null,null,fb8513ee-5592-4bc4-8c2f-b7cf42c38dfb,2026-03-02 09:36:05.714+00,null,true,2026-03-02 09:36:06.04104+00,2026-03-02 09:36:05.714+00,274ab1d6-143b-4b38-9bb6-1c61ff6d356e,null,true,null,null
a4bcb68e-f01d-4dd0-a077-41230ae292ff,6c868fe7-61fe-48bd-8f6c-1095a81cec04,9cdec770-8078-4426-a220-4520032e2acf,2025-11-03,6,work,manual,null,null,null,null,fb8513ee-5592-4bc4-8c2f-b7cf42c38dfb,2026-03-02 09:36:05.714+00,null,true,2026-03-02 09:36:06.649562+00,2026-03-02 09:36:05.714+00,null,null,false,null,null
fead11a9-69fd-4117-b995-08b4dea98efc,fa740b69-3551-4730-a26d-f44aac5b3f56,9cdec770-8078-4426-a220-4520032e2acf,2025-11-03,6,work,manual,null,null,null,null,d800f7c1-d56f-420e-b301-2826c837343a,2026-03-02 12:01:26.938+00,null,true,2026-03-02 12:01:27.171944+00,2026-03-02 12:01:26.938+00,8b8ae8ab-b954-4eee-9bff-44158ab62a97,null,true,null,null
73654ab9-9e94-43e2-a4ef-5f396bc53e50,26849e30-a026-45ae-814f-af82f129a74a,5d73f3d3-b6c5-4368-b753-1dcf38c16102,2025-11-03,4,work,manual,null,null,null,null,fb8513ee-5592-4bc4-8c2f-b7cf42c38dfb,2026-03-22 18:04:46.454+00,null,true,2026-03-22 18:04:46.838765+00,2026-03-22 18:04:46.454+00,0fb40ae0-18c5-4705-8c48-40f61c7a9b77,null,true,null,null
b5568074-4613-48e0-bc1d-a50dae258838,1edb3a61-b1d4-4889-a89f-b43401ccf5a2,5d73f3d3-b6c5-4368-b753-1dcf38c16102,2025-11-03,8,work,manual,null,null,null,null,fb8513ee-5592-4bc4-8c2f-b7cf42c38dfb,2026-03-22 18:18:36.634+00,null,true,2026-03-22 18:18:37.073231+00,2026-03-22 18:18:36.634+00,82464e94-6c06-4ed7-9fee-5055909fdc81,null,true,null,null
9b90f032-fc0f-4bcf-a0e5-22b18e97e408,07f24df6-84e1-4eb7-91d2-41d2b5e5936a,5d73f3d3-b6c5-4368-b753-1dcf38c16102,2025-11-03,4,work,manual,null,null,null,null,fb8513ee-5592-4bc4-8c2f-b7cf42c38dfb,2026-03-22 18:26:16.468+00,null,true,2026-03-22 18:26:16.883299+00,2026-03-22 18:26:16.468+00,27b8a431-e9a2-45fc-a9c6-6faa895022be,null,true,null,null
577cc7a9-82b4-428a-a4ce-688be572c287,6bffc464-90bd-4ed8-bf33-3bd1d05bc2d3,9cdec770-8078-4426-a220-4520032e2acf,2025-11-04,4,work,manual,null,null,null,null,f4a8cab0-4004-4d53-8432-61683ccc6551,2026-02-16 22:37:59.902+00,null,false,2026-02-16 22:38:00.14468+00,2026-02-16 22:41:21.031794+00,274ab1d6-143b-4b38-9bb6-1c61ff6d356e,null,true,null,null
e8f4e26c-f25c-43c2-a639-7ae8d21c0d9a,6bffc464-90bd-4ed8-bf33-3bd1d05bc2d3,9cdec770-8078-4426-a220-4520032e2acf,2025-11-04,4,work,manual,null,null,null,null,f4a8cab0-4004-4d53-8432-61683ccc6551,2026-02-16 22:41:20.785+00,null,false,2026-02-16 22:41:21.135051+00,2026-02-17 16:15:43.135663+00,274ab1d6-143b-4b38-9bb6-1c61ff6d356e,null,true,null,null
b53ef417-6d63-4816-89e7-cd89f5ade283,6c868fe7-61fe-48bd-8f6c-1095a81cec04,9cdec770-8078-4426-a220-4520032e2acf,2025-11-04,2,work,manual,null,null,null,null,fb8513ee-5592-4bc4-8c2f-b7cf42c38dfb,2026-03-02 09:36:05.714+00,null,true,2026-03-02 09:36:06.101785+00,2026-03-02 09:36:05.714+00,274ab1d6-143b-4b38-9bb6-1c61ff6d356e,null,true,null,null
b4e1393a-de3c-4a97-a3d3-0f4f8da8869b,6c868fe7-61fe-48bd-8f6c-1095a81cec04,9cdec770-8078-4426-a220-4520032e2acf,2025-11-04,6,work,manual,null,null,null,null,fb8513ee-5592-4bc4-8c2f-b7cf42c38dfb,2026-03-02 09:36:05.714+00,null,true,2026-03-02 09:36:06.701677+00,2026-03-02 09:36:05.714+00,null,null,false,null,null
a5ceaa7a-186c-47d3-93b7-cd35240b48cf,fa740b69-3551-4730-a26d-f44aac5b3f56,9cdec770-8078-4426-a220-4520032e2acf,2025-11-04,6,work,manual,null,null,null,null,d800f7c1-d56f-420e-b301-2826c837343a,2026-03-02 12:01:26.938+00,null,true,2026-03-02 12:01:27.233176+00,2026-03-02 12:01:26.938+00,8b8ae8ab-b954-4eee-9bff-44158ab62a97,null,true,null,null
8f9c8173-6c1d-46ac-b388-383a3d179560,26849e30-a026-45ae-814f-af82f129a74a,5d73f3d3-b6c5-4368-b753-1dcf38c16102,2025-11-04,4,work,manual,null,null,null,null,fb8513ee-5592-4bc4-8c2f-b7cf42c38dfb,2026-03-22 18:04:46.454+00,null,true,2026-03-22 18:04:46.955776+00,2026-03-22 18:04:46.454+00,0fb40ae0-18c5-4705-8c48-40f61c7a9b77,null,true,null,null
e1e22489-4cb4-4b5e-9a07-7797eef95962,1edb3a61-b1d4-4889-a89f-b43401ccf5a2,5d73f3d3-b6c5-4368-b753-1dcf38c16102,2025-11-04,8,work,manual,null,null,null,null,fb8513ee-5592-4bc4-8c2f-b7cf42c38dfb,2026-03-22 18:18:36.634+00,null,true,2026-03-22 18:18:37.198576+00,2026-03-22 18:18:36.634+00,a8cc3434-63a4-4833-b06c-50febc2d1ac9,null,true,null,null
777f5be4-ef2c-4718-b991-1a5538e725c6,07f24df6-84e1-4eb7-91d2-41d2b5e5936a,5d73f3d3-b6c5-4368-b753-1dcf38c16102,2025-11-04,4,work,manual,null,null,null,null,fb8513ee-5592-4bc4-8c2f-b7cf42c38dfb,2026-03-22 18:26:16.468+00,null,true,2026-03-22 18:26:17.007268+00,2026-03-22 18:26:16.468+00,27b8a431-e9a2-45fc-a9c6-6faa895022be,null,true,null,null
e061ff21-7c61-4163-baf5-80c0087cffcb,6bffc464-90bd-4ed8-bf33-3bd1d05bc2d3,9cdec770-8078-4426-a220-4520032e2acf,2025-11-05,4,work,manual,null,null,null,null,f4a8cab0-4004-4d53-8432-61683ccc6551,2026-02-16 22:37:59.902+00,null,false,2026-02-16 22:38:00.198542+00,2026-02-16 22:41:21.031794+00,274ab1d6-143b-4b38-9bb6-1c61ff6d356e,null,true,null,null
0d670ee5-01d3-49dc-8fa8-05dca2c84dd0,6bffc464-90bd-4ed8-bf33-3bd1d05bc2d3,9cdec770-8078-4426-a220-4520032e2acf,2025-11-05,4,work,manual,null,null,null,null,f4a8cab0-4004-4d53-8432-61683ccc6551,2026-02-16 22:41:20.785+00,null,false,2026-02-16 22:41:21.204465+00,2026-02-17 16:15:43.135663+00,274ab1d6-143b-4b38-9bb6-1c61ff6d356e,null,true,null,null
97c496ed-3804-4318-9f41-050c04cf7c04,6c868fe7-61fe-48bd-8f6c-1095a81cec04,9cdec770-8078-4426-a220-4520032e2acf,2025-11-05,2,work,manual,null,null,null,null,fb8513ee-5592-4bc4-8c2f-b7cf42c38dfb,2026-03-02 09:36:05.714+00,null,true,2026-03-02 09:36:06.151887+00,2026-03-02 09:36:05.714+00,274ab1d6-143b-4b38-9bb6-1c61ff6d356e,null,true,null,null
f71be267-3f7d-475a-b6ab-7c81f9802727,6c868fe7-61fe-48bd-8f6c-1095a81cec04,9cdec770-8078-4426-a220-4520032e2acf,2025-11-05,6,work,manual,null,null,null,null,fb8513ee-5592-4bc4-8c2f-b7cf42c38dfb,2026-03-02 09:36:05.714+00,null,true,2026-03-02 09:36:06.752811+00,2026-03-02 09:36:05.714+00,null,null,false,null,null
d668dd95-3408-44ec-a540-fc3411cce135,fa740b69-3551-4730-a26d-f44aac5b3f56,9cdec770-8078-4426-a220-4520032e2acf,2025-11-05,6,work,manual,null,null,null,null,d800f7c1-d56f-420e-b301-2826c837343a,2026-03-02 12:01:26.938+00,null,true,2026-03-02 12:01:27.292265+00,2026-03-02 12:01:26.938+00,8b8ae8ab-b954-4eee-9bff-44158ab62a97,null,true,null,null
522bc89c-df4e-465e-bca1-6c712b3a0d94,26849e30-a026-45ae-814f-af82f129a74a,5d73f3d3-b6c5-4368-b753-1dcf38c16102,2025-11-05,4,work,manual,null,null,null,null,fb8513ee-5592-4bc4-8c2f-b7cf42c38dfb,2026-03-22 18:04:46.454+00,null,true,2026-03-22 18:04:47.078886+00,2026-03-22 18:04:46.454+00,0fb40ae0-18c5-4705-8c48-40f61c7a9b77,null,true,null,null
780910cb-cb2d-4fbe-ae93-01c7e7dc0e58,1edb3a61-b1d4-4889-a89f-b43401ccf5a2,5d73f3d3-b6c5-4368-b753-1dcf38c16102,2025-11-05,8,work,manual,null,null,null,null,fb8513ee-5592-4bc4-8c2f-b7cf42c38dfb,2026-03-22 18:18:36.634+00,null,true,2026-03-22 18:18:37.331836+00,2026-03-22 18:18:36.634+00,a8cc3434-63a4-4833-b06c-50febc2d1ac9,null,true,null,null
6252dc49-2ad9-490e-a73c-9921dfe3f3f9,07f24df6-84e1-4eb7-91d2-41d2b5e5936a,5d73f3d3-b6c5-4368-b753-1dcf38c16102,2025-11-05,4,work,manual,null,null,null,null,fb8513ee-5592-4bc4-8c2f-b7cf42c38dfb,2026-03-22 18:26:16.468+00,null,true,2026-03-22 18:26:17.108298+00,2026-03-22 18:26:16.468+00,27b8a431-e9a2-45fc-a9c6-6faa895022be,null,true,null,null
62461a11-7bd1-4de4-a10c-fcd309a4e2c0,6bffc464-90bd-4ed8-bf33-3bd1d05bc2d3,9cdec770-8078-4426-a220-4520032e2acf,2025-11-06,4,work,manual,null,null,null,null,f4a8cab0-4004-4d53-8432-61683ccc6551,2026-02-16 22:37:59.902+00,null,false,2026-02-16 22:38:00.244359+00,2026-02-16 22:41:21.031794+00,274ab1d6-143b-4b38-9bb6-1c61ff6d356e,null,true,null,null
66c6ae87-d023-4655-ace1-59463ac0a1a6,6bffc464-90bd-4ed8-bf33-3bd1d05bc2d3,9cdec770-8078-4426-a220-4520032e2acf,2025-11-06,4,work,manual,null,null,null,null,f4a8cab0-4004-4d53-8432-61683ccc6551,2026-02-16 22:41:20.785+00,null,false,2026-02-16 22:41:21.262049+00,2026-02-17 16:15:43.135663+00,274ab1d6-143b-4b38-9bb6-1c61ff6d356e,null,true,null,null
55a26ba8-46d7-4a3b-86f2-6a96d7ad7d50,6c868fe7-61fe-48bd-8f6c-1095a81cec04,9cdec770-8078-4426-a220-4520032e2acf,2025-11-06,2,work,manual,null,null,null,null,fb8513ee-5592-4bc4-8c2f-b7cf42c38dfb,2026-03-02 09:36:05.714+00,null,true,2026-03-02 09:36:06.200268+00,2026-03-02 09:36:05.714+00,274ab1d6-143b-4b38-9bb6-1c61ff6d356e,null,true,null,null
06dc8c8f-7be3-4f4e-a5aa-ee65bf8e4f43,6c868fe7-61fe-48bd-8f6c-1095a81cec04,9cdec770-8078-4426-a220-4520032e2acf,2025-11-06,6,work,manual,null,null,null,null,fb8513ee-5592-4bc4-8c2f-b7cf42c38dfb,2026-03-02 09:36:05.714+00,null,true,2026-03-02 09:36:06.801432+00,2026-03-02 09:36:05.714+00,null,null,false,null,null
1f9c7daa-b90c-43c1-bd32-61be887487d2,fa740b69-3551-4730-a26d-f44aac5b3f56,9cdec770-8078-4426-a220-4520032e2acf,2025-11-06,6,work,manual,null,null,null,null,d800f7c1-d56f-420e-b301-2826c837343a,2026-03-02 12:01:26.938+00,null,true,2026-03-02 12:01:27.347801+00,2026-03-02 12:01:26.938+00,8b8ae8ab-b954-4eee-9bff-44158ab62a97,null,true,null,null
c41c2903-7f6c-43ed-9bc5-6c0feee52c76,26849e30-a026-45ae-814f-af82f129a74a,5d73f3d3-b6c5-4368-b753-1dcf38c16102,2025-11-06,4,work,manual,null,null,null,null,fb8513ee-5592-4bc4-8c2f-b7cf42c38dfb,2026-03-22 18:04:46.454+00,null,true,2026-03-22 18:04:47.195265+00,2026-03-22 18:04:46.454+00,0fb40ae0-18c5-4705-8c48-40f61c7a9b77,null,true,null,null
8e35a751-a8c4-4fee-a32e-e4e50c3d2d46,1edb3a61-b1d4-4889-a89f-b43401ccf5a2,5d73f3d3-b6c5-4368-b753-1dcf38c16102,2025-11-06,8,work,manual,null,null,null,null,fb8513ee-5592-4bc4-8c2f-b7cf42c38dfb,2026-03-22 18:18:36.634+00,null,true,2026-03-22 18:18:37.500053+00,2026-03-22 18:18:36.634+00,a8cc3434-63a4-4833-b06c-50febc2d1ac9,null,true,null,null
338a6d85-112c-4f37-9969-68dd1cd45f60,07f24df6-84e1-4eb7-91d2-41d2b5e5936a,5d73f3d3-b6c5-4368-b753-1dcf38c16102,2025-11-06,4,work,manual,null,null,null,null,fb8513ee-5592-4bc4-8c2f-b7cf42c38dfb,2026-03-22 18:26:16.468+00,null,true,2026-03-22 18:26:17.25257+00,2026-03-22 18:26:16.468+00,27b8a431-e9a2-45fc-a9c6-6faa895022be,null,true,null,null
44bd17f6-5773-4a48-885e-b5ecac2b4fed,6bffc464-90bd-4ed8-bf33-3bd1d05bc2d3,9cdec770-8078-4426-a220-4520032e2acf,2025-11-07,4,work,manual,null,null,null,null,f4a8cab0-4004-4d53-8432-61683ccc6551,2026-02-16 22:37:59.902+00,null,false,2026-02-16 22:38:00.29871+00,2026-02-16 22:41:21.031794+00,274ab1d6-143b-4b38-9bb6-1c61ff6d356e,null,true,null,null
0df7c5dd-dbe8-4be4-ab83-506e0ec0cfea,6bffc464-90bd-4ed8-bf33-3bd1d05bc2d3,9cdec770-8078-4426-a220-4520032e2acf,2025-11-07,4,work,manual,null,null,null,null,f4a8cab0-4004-4d53-8432-61683ccc6551,2026-02-16 22:41:20.785+00,null,false,2026-02-16 22:41:21.308655+00,2026-02-17 16:15:43.135663+00,274ab1d6-143b-4b38-9bb6-1c61ff6d356e,null,true,null,null
8f900cb7-1e03-4bec-8b04-69c64ccfa30b,6c868fe7-61fe-48bd-8f6c-1095a81cec04,9cdec770-8078-4426-a220-4520032e2acf,2025-11-07,2,work,manual,null,null,null,null,fb8513ee-5592-4bc4-8c2f-b7cf42c38dfb,2026-03-02 09:36:05.714+00,null,true,2026-03-02 09:36:06.25453+00,2026-03-02 09:36:05.714+00,274ab1d6-143b-4b38-9bb6-1c61ff6d356e,null,true,null,null
d0805da8-3c79-459f-9ff5-b31cf517d696,6c868fe7-61fe-48bd-8f6c-1095a81cec04,9cdec770-8078-4426-a220-4520032e2acf,2025-11-07,6,work,manual,null,null,null,null,fb8513ee-5592-4bc4-8c2f-b7cf42c38dfb,2026-03-02 09:36:05.714+00,null,true,2026-03-02 09:36:06.861268+00,2026-03-02 09:36:05.714+00,null,null,false,null,null
596a63ed-a236-405d-b838-5d03500de219,fa740b69-3551-4730-a26d-f44aac5b3f56,9cdec770-8078-4426-a220-4520032e2acf,2025-11-07,6,work,manual,null,null,null,null,d800f7c1-d56f-420e-b301-2826c837343a,2026-03-02 12:01:26.938+00,null,true,2026-03-02 12:01:27.407247+00,2026-03-02 12:01:26.938+00,8b8ae8ab-b954-4eee-9bff-44158ab62a97,null,true,null,null
3aaba489-d7f4-4c38-94bf-cd48bee94b1f,1edb3a61-b1d4-4889-a89f-b43401ccf5a2,5d73f3d3-b6c5-4368-b753-1dcf38c16102,2025-11-07,8,work,manual,null,null,null,null,fb8513ee-5592-4bc4-8c2f-b7cf42c38dfb,2026-03-22 18:18:36.634+00,null,true,2026-03-22 18:18:37.647766+00,2026-03-22 18:18:36.634+00,a8cc3434-63a4-4833-b06c-50febc2d1ac9,null,true,null,null
daf5efd7-7f82-4227-980c-b19e5d36ff11,07f24df6-84e1-4eb7-91d2-41d2b5e5936a,5d73f3d3-b6c5-4368-b753-1dcf38c16102,2025-11-07,6,work,manual,null,null,null,null,fb8513ee-5592-4bc4-8c2f-b7cf42c38dfb,2026-03-22 18:26:16.468+00,null,true,2026-03-22 18:26:17.376386+00,2026-03-22 18:26:16.468+00,27b8a431-e9a2-45fc-a9c6-6faa895022be,null,true,null,null
ec499474-4eac-43e3-bc0b-b84b43bf6b29,6c868fe7-61fe-48bd-8f6c-1095a81cec04,9cdec770-8078-4426-a220-4520032e2acf,2025-11-10,2,work,manual,null,null,null,null,fb8513ee-5592-4bc4-8c2f-b7cf42c38dfb,2026-03-02 09:36:05.714+00,null,true,2026-03-02 09:36:06.306681+00,2026-03-02 09:36:05.714+00,274ab1d6-143b-4b38-9bb6-1c61ff6d356e,null,true,null,null
45b6abf2-264e-4f22-95e4-27e4c6550d59,6c868fe7-61fe-48bd-8f6c-1095a81cec04,9cdec770-8078-4426-a220-4520032e2acf,2025-11-10,6,work,manual,null,null,null,null,fb8513ee-5592-4bc4-8c2f-b7cf42c38dfb,2026-03-02 09:36:05.714+00,null,true,2026-03-02 09:36:06.911406+00,2026-03-02 09:36:05.714+00,null,null,false,null,null
28065079-9221-4b76-8527-3ea9ffa2b875,fa740b69-3551-4730-a26d-f44aac5b3f56,9cdec770-8078-4426-a220-4520032e2acf,2025-11-10,6,work,manual,null,null,null,null,d800f7c1-d56f-420e-b301-2826c837343a,2026-03-02 12:01:26.938+00,null,true,2026-03-02 12:01:27.45948+00,2026-03-02 12:01:26.938+00,8b8ae8ab-b954-4eee-9bff-44158ab62a97,null,true,null,null
60aab196-9ee6-4d17-9aac-63e72f3624d4,26849e30-a026-45ae-814f-af82f129a74a,5d73f3d3-b6c5-4368-b753-1dcf38c16102,2025-11-10,4,work,manual,null,null,null,null,fb8513ee-5592-4bc4-8c2f-b7cf42c38dfb,2026-03-22 18:04:46.454+00,null,true,2026-03-22 18:04:47.335905+00,2026-03-22 18:04:46.454+00,3e2fcc81-6da7-44b9-95b0-485a46611948,null,true,null,null
6834acba-3717-4f7a-b849-b2ad8049fec8,1edb3a61-b1d4-4889-a89f-b43401ccf5a2,5d73f3d3-b6c5-4368-b753-1dcf38c16102,2025-11-10,8,work,manual,null,null,null,null,fb8513ee-5592-4bc4-8c2f-b7cf42c38dfb,2026-03-22 18:18:36.634+00,null,true,2026-03-22 18:18:37.855573+00,2026-03-22 18:18:36.634+00,a8cc3434-63a4-4833-b06c-50febc2d1ac9,null,true,null,null
b315f7f5-2c3e-49cd-8f56-29c9455fb6b1,07f24df6-84e1-4eb7-91d2-41d2b5e5936a,5d73f3d3-b6c5-4368-b753-1dcf38c16102,2025-11-10,2,work,manual,null,null,null,null,fb8513ee-5592-4bc4-8c2f-b7cf42c38dfb,2026-03-22 18:26:16.468+00,null,true,2026-03-22 18:26:17.497013+00,2026-03-22 18:26:16.468+00,27b8a431-e9a2-45fc-a9c6-6faa895022be,null,true,null,null
29f9f6b6-11f4-42e9-8ab7-0cda2548389c,6c868fe7-61fe-48bd-8f6c-1095a81cec04,9cdec770-8078-4426-a220-4520032e2acf,2025-11-11,2,work,manual,null,null,null,null,fb8513ee-5592-4bc4-8c2f-b7cf42c38dfb,2026-03-02 09:36:05.714+00,null,true,2026-03-02 09:36:06.356255+00,2026-03-02 09:36:05.714+00,274ab1d6-143b-4b38-9bb6-1c61ff6d356e,null,true,null,null
5eb764f2-73f2-44cd-ad0d-88a8af50d44b,6c868fe7-61fe-48bd-8f6c-1095a81cec04,9cdec770-8078-4426-a220-4520032e2acf,2025-11-11,6,work,manual,null,null,null,null,fb8513ee-5592-4bc4-8c2f-b7cf42c38dfb,2026-03-02 09:36:05.714+00,null,true,2026-03-02 09:36:06.965146+00,2026-03-02 09:36:05.714+00,null,null,false,null,null
58d120f0-5cfe-41dd-a74c-e5aedcaef546,fa740b69-3551-4730-a26d-f44aac5b3f56,9cdec770-8078-4426-a220-4520032e2acf,2025-11-11,6,work,manual,null,null,null,null,d800f7c1-d56f-420e-b301-2826c837343a,2026-03-02 12:01:26.938+00,null,true,2026-03-02 12:01:27.515485+00,2026-03-02 12:01:26.938+00,8b8ae8ab-b954-4eee-9bff-44158ab62a97,null,true,null,null
868a66e1-be74-4f6f-b238-7e8b1331e5e1,26849e30-a026-45ae-814f-af82f129a74a,5d73f3d3-b6c5-4368-b753-1dcf38c16102,2025-11-11,4,work,manual,null,null,null,null,fb8513ee-5592-4bc4-8c2f-b7cf42c38dfb,2026-03-22 18:04:46.454+00,null,true,2026-03-22 18:04:47.447595+00,2026-03-22 18:04:46.454+00,3e2fcc81-6da7-44b9-95b0-485a46611948,null,true,null,null
be595262-d140-4797-878c-787a093429f4,1edb3a61-b1d4-4889-a89f-b43401ccf5a2,5d73f3d3-b6c5-4368-b753-1dcf38c16102,2025-11-11,8,work,manual,null,null,null,null,fb8513ee-5592-4bc4-8c2f-b7cf42c38dfb,2026-03-22 18:18:36.634+00,null,true,2026-03-22 18:18:38.212823+00,2026-03-22 18:18:36.634+00,a8cc3434-63a4-4833-b06c-50febc2d1ac9,null,true,null,null
6b43bda3-25c6-4268-a42d-5c6d1da426ec,07f24df6-84e1-4eb7-91d2-41d2b5e5936a,5d73f3d3-b6c5-4368-b753-1dcf38c16102,2025-11-11,2,work,manual,null,null,null,null,fb8513ee-5592-4bc4-8c2f-b7cf42c38dfb,2026-03-22 18:26:16.468+00,null,true,2026-03-22 18:26:17.607306+00,2026-03-22 18:26:16.468+00,27b8a431-e9a2-45fc-a9c6-6faa895022be,null,true,null,null
1851b613-0ea2-41a9-bdc5-bb08a631df63,6c868fe7-61fe-48bd-8f6c-1095a81cec04,9cdec770-8078-4426-a220-4520032e2acf,2025-11-12,2,work,manual,null,null,null,null,fb8513ee-5592-4bc4-8c2f-b7cf42c38dfb,2026-03-02 09:36:05.714+00,null,true,2026-03-02 09:36:06.467288+00,2026-03-02 09:36:05.714+00,274ab1d6-143b-4b38-9bb6-1c61ff6d356e,null,true,null,null
5ea6d4ce-aa28-4be9-bdd2-935707e7dc36,6c868fe7-61fe-48bd-8f6c-1095a81cec04,9cdec770-8078-4426-a220-4520032e2acf,2025-11-12,6,work,manual,null,null,null,null,fb8513ee-5592-4bc4-8c2f-b7cf42c38dfb,2026-03-02 09:36:05.714+00,null,true,2026-03-02 09:36:07.022566+00,2026-03-02 09:36:05.714+00,null,null,false,null,null
9a1e8a0f-9207-4b00-b89e-41eb5adbe268,fa740b69-3551-4730-a26d-f44aac5b3f56,9cdec770-8078-4426-a220-4520032e2acf,2025-11-12,6,work,manual,null,null,null,null,d800f7c1-d56f-420e-b301-2826c837343a,2026-03-02 12:01:26.938+00,null,true,2026-03-02 12:01:27.572004+00,2026-03-02 12:01:26.938+00,8b8ae8ab-b954-4eee-9bff-44158ab62a97,null,true,null,null
84f56e7c-1fa6-480e-a62f-e2a878e1e233,26849e30-a026-45ae-814f-af82f129a74a,5d73f3d3-b6c5-4368-b753-1dcf38c16102,2025-11-12,4,work,manual,null,null,null,null,fb8513ee-5592-4bc4-8c2f-b7cf42c38dfb,2026-03-22 18:04:46.454+00,null,true,2026-03-22 18:04:47.557584+00,2026-03-22 18:04:46.454+00,3e2fcc81-6da7-44b9-95b0-485a46611948,null,true,null,null
8910e132-5730-4a4f-9c4c-d8cb2107d22f,1edb3a61-b1d4-4889-a89f-b43401ccf5a2,5d73f3d3-b6c5-4368-b753-1dcf38c16102,2025-11-12,8,work,manual,null,null,null,null,fb8513ee-5592-4bc4-8c2f-b7cf42c38dfb,2026-03-22 18:18:36.634+00,null,true,2026-03-22 18:18:38.370443+00,2026-03-22 18:18:36.634+00,a8cc3434-63a4-4833-b06c-50febc2d1ac9,null,true,null,null
03ebe299-be5b-46d5-9178-f96cb361105b,07f24df6-84e1-4eb7-91d2-41d2b5e5936a,5d73f3d3-b6c5-4368-b753-1dcf38c16102,2025-11-12,2,work,manual,null,null,null,null,fb8513ee-5592-4bc4-8c2f-b7cf42c38dfb,2026-03-22 18:26:16.468+00,null,true,2026-03-22 18:26:17.712013+00,2026-03-22 18:26:16.468+00,27b8a431-e9a2-45fc-a9c6-6faa895022be,null,true,null,null
864cb49d-582e-4a10-9e97-8ace50687275,6c868fe7-61fe-48bd-8f6c-1095a81cec04,9cdec770-8078-4426-a220-4520032e2acf,2025-11-13,2,work,manual,null,null,null,null,fb8513ee-5592-4bc4-8c2f-b7cf42c38dfb,2026-03-02 09:36:05.714+00,null,true,2026-03-02 09:36:06.537168+00,2026-03-02 09:36:05.714+00,274ab1d6-143b-4b38-9bb6-1c61ff6d356e,null,true,null,null
55ec9e4c-f3cc-48c7-9b60-c41241cddc8e,6c868fe7-61fe-48bd-8f6c-1095a81cec04,9cdec770-8078-4426-a220-4520032e2acf,2025-11-13,6,work,manual,null,null,null,null,fb8513ee-5592-4bc4-8c2f-b7cf42c38dfb,2026-03-02 09:36:05.714+00,null,true,2026-03-02 09:36:07.072211+00,2026-03-02 09:36:05.714+00,null,null,false,null,null
43d9e8ef-fd6e-4dd8-a750-503870ab50ef,fa740b69-3551-4730-a26d-f44aac5b3f56,9cdec770-8078-4426-a220-4520032e2acf,2025-11-13,6,work,manual,null,null,null,null,d800f7c1-d56f-420e-b301-2826c837343a,2026-03-02 12:01:26.938+00,null,true,2026-03-02 12:01:27.633018+00,2026-03-02 12:01:26.938+00,8b8ae8ab-b954-4eee-9bff-44158ab62a97,null,true,null,null
bc853eda-6640-493d-9f46-39205a6c05eb,26849e30-a026-45ae-814f-af82f129a74a,5d73f3d3-b6c5-4368-b753-1dcf38c16102,2025-11-13,4,work,manual,null,null,null,null,fb8513ee-5592-4bc4-8c2f-b7cf42c38dfb,2026-03-22 18:04:46.454+00,null,true,2026-03-22 18:04:47.664677+00,2026-03-22 18:04:46.454+00,3e2fcc81-6da7-44b9-95b0-485a46611948,null,true,null,null
2724dbbe-43ca-4f95-9684-adc4c747a92c,1edb3a61-b1d4-4889-a89f-b43401ccf5a2,5d73f3d3-b6c5-4368-b753-1dcf38c16102,2025-11-13,8,work,manual,null,null,null,null,fb8513ee-5592-4bc4-8c2f-b7cf42c38dfb,2026-03-22 18:18:36.634+00,null,true,2026-03-22 18:18:38.545813+00,2026-03-22 18:18:36.634+00,a8cc3434-63a4-4833-b06c-50febc2d1ac9,null,true,null,null
c8bb402b-2544-4082-b94e-83e3745fa322,07f24df6-84e1-4eb7-91d2-41d2b5e5936a,5d73f3d3-b6c5-4368-b753-1dcf38c16102,2025-11-13,2,work,manual,null,null,null,null,fb8513ee-5592-4bc4-8c2f-b7cf42c38dfb,2026-03-22 18:26:16.468+00,null,true,2026-03-22 18:26:17.884117+00,2026-03-22 18:26:16.468+00,27b8a431-e9a2-45fc-a9c6-6faa895022be,null,true,null,null
9f634084-1eec-4bac-9db1-d7e373290190,6c868fe7-61fe-48bd-8f6c-1095a81cec04,9cdec770-8078-4426-a220-4520032e2acf,2025-11-14,2,work,manual,null,null,null,null,fb8513ee-5592-4bc4-8c2f-b7cf42c38dfb,2026-03-02 09:36:05.714+00,null,true,2026-03-02 09:36:06.594388+00,2026-03-02 09:36:05.714+00,274ab1d6-143b-4b38-9bb6-1c61ff6d356e,null,true,null,null
2f2a14d6-edd4-4c22-a44c-5b109e73599f,6c868fe7-61fe-48bd-8f6c-1095a81cec04,9cdec770-8078-4426-a220-4520032e2acf,2025-11-14,6,work,manual,null,null,null,null,fb8513ee-5592-4bc4-8c2f-b7cf42c38dfb,2026-03-02 09:36:05.714+00,null,true,2026-03-02 09:36:07.122694+00,2026-03-02 09:36:05.714+00,null,null,false,null,null
a513d92e-51da-42f0-99d8-10418eeb1bb2,fa740b69-3551-4730-a26d-f44aac5b3f56,9cdec770-8078-4426-a220-4520032e2acf,2025-11-14,6,work,manual,null,null,null,null,d800f7c1-d56f-420e-b301-2826c837343a,2026-03-02 12:01:26.938+00,null,true,2026-03-02 12:01:27.697979+00,2026-03-02 12:01:26.938+00,8b8ae8ab-b954-4eee-9bff-44158ab62a97,null,true,null,null
01afa095-064d-485a-99aa-50444074e1ff,26849e30-a026-45ae-814f-af82f129a74a,5d73f3d3-b6c5-4368-b753-1dcf38c16102,2025-11-14,4,work,manual,null,null,null,null,fb8513ee-5592-4bc4-8c2f-b7cf42c38dfb,2026-03-22 18:04:46.454+00,null,true,2026-03-22 18:04:48.3426+00,2026-03-22 18:04:46.454+00,6bfe3880-b466-44cd-937a-743487e42d65,null,true,null,null
ae933892-c60b-4349-bf86-aa068a835434,1edb3a61-b1d4-4889-a89f-b43401ccf5a2,5d73f3d3-b6c5-4368-b753-1dcf38c16102,2025-11-14,8,work,manual,null,null,null,null,fb8513ee-5592-4bc4-8c2f-b7cf42c38dfb,2026-03-22 18:18:36.634+00,null,true,2026-03-22 18:18:38.71941+00,2026-03-22 18:18:36.634+00,a8cc3434-63a4-4833-b06c-50febc2d1ac9,null,true,null,null
73e50686-0a0a-4f7f-92aa-7967172b7b84,07f24df6-84e1-4eb7-91d2-41d2b5e5936a,5d73f3d3-b6c5-4368-b753-1dcf38c16102,2025-11-14,6,work,manual,null,null,null,null,fb8513ee-5592-4bc4-8c2f-b7cf42c38dfb,2026-03-22 18:26:16.468+00,null,true,2026-03-22 18:26:18.000625+00,2026-03-22 18:26:16.468+00,27b8a431-e9a2-45fc-a9c6-6faa895022be,null,true,null,null
593517f5-88f4-418c-a3a1-40e56c41f890,6c868fe7-61fe-48bd-8f6c-1095a81cec04,9cdec770-8078-4426-a220-4520032e2acf,2025-11-17,8,work,manual,null,null,null,null,fb8513ee-5592-4bc4-8c2f-b7cf42c38dfb,2026-03-02 09:36:05.714+00,null,true,2026-03-02 09:36:07.178291+00,2026-03-02 09:36:05.714+00,null,null,false,null,null
04b70eea-2af9-4c43-8619-d10d1856ec04,fa740b69-3551-4730-a26d-f44aac5b3f56,9cdec770-8078-4426-a220-4520032e2acf,2025-11-17,8,work,manual,null,null,null,null,d800f7c1-d56f-420e-b301-2826c837343a,2026-03-02 12:01:26.938+00,null,true,2026-03-02 12:01:27.761506+00,2026-03-02 12:01:26.938+00,null,U,false,null,null
a752f167-5ffc-4197-9795-22923dc0a772,26849e30-a026-45ae-814f-af82f129a74a,5d73f3d3-b6c5-4368-b753-1dcf38c16102,2025-11-17,4,work,manual,null,null,null,null,fb8513ee-5592-4bc4-8c2f-b7cf42c38dfb,2026-03-22 18:04:46.454+00,null,true,2026-03-22 18:04:47.765901+00,2026-03-22 18:04:46.454+00,27b8a431-e9a2-45fc-a9c6-6faa895022be,null,true,null,null
0fc4d1af-6101-4b34-aaca-ac61f9327fc0,1edb3a61-b1d4-4889-a89f-b43401ccf5a2,5d73f3d3-b6c5-4368-b753-1dcf38c16102,2025-11-17,8,work,manual,null,null,null,null,fb8513ee-5592-4bc4-8c2f-b7cf42c38dfb,2026-03-22 18:18:36.634+00,null,true,2026-03-22 18:18:38.890564+00,2026-03-22 18:18:36.634+00,a8cc3434-63a4-4833-b06c-50febc2d1ac9,null,true,null,null
9377f214-9134-4c61-8eb6-11b29420148c,07f24df6-84e1-4eb7-91d2-41d2b5e5936a,5d73f3d3-b6c5-4368-b753-1dcf38c16102,2025-11-17,2,work,manual,null,null,null,null,fb8513ee-5592-4bc4-8c2f-b7cf42c38dfb,2026-03-22 18:26:16.468+00,null,true,2026-03-22 18:26:18.158131+00,2026-03-22 18:26:16.468+00,27b8a431-e9a2-45fc-a9c6-6faa895022be,null,true,null,null
9f74f5f4-5b52-45e3-a8c9-9e2b4268ee78,6c868fe7-61fe-48bd-8f6c-1095a81cec04,9cdec770-8078-4426-a220-4520032e2acf,2025-11-18,8,work,manual,null,null,null,null,fb8513ee-5592-4bc4-8c2f-b7cf42c38dfb,2026-03-02 09:36:05.714+00,null,true,2026-03-02 09:36:07.22723+00,2026-03-02 09:36:05.714+00,null,null,false,null,null
a27d5efd-9975-4205-8c4c-b9056642dbe0,fa740b69-3551-4730-a26d-f44aac5b3f56,9cdec770-8078-4426-a220-4520032e2acf,2025-11-18,6,work,manual,null,null,null,null,d800f7c1-d56f-420e-b301-2826c837343a,2026-03-02 12:01:26.938+00,null,true,2026-03-02 12:01:27.860483+00,2026-03-02 12:01:26.938+00,8b8ae8ab-b954-4eee-9bff-44158ab62a97,null,true,null,null
9e44aac9-ca4e-49bc-9dbf-6252d6841026,26849e30-a026-45ae-814f-af82f129a74a,5d73f3d3-b6c5-4368-b753-1dcf38c16102,2025-11-18,4,work,manual,null,null,null,null,fb8513ee-5592-4bc4-8c2f-b7cf42c38dfb,2026-03-22 18:04:46.454+00,null,true,2026-03-22 18:04:47.895294+00,2026-03-22 18:04:46.454+00,27b8a431-e9a2-45fc-a9c6-6faa895022be,null,true,null,null
2c71fe23-0ac5-4e68-a43b-266d74f5ecc2,1edb3a61-b1d4-4889-a89f-b43401ccf5a2,5d73f3d3-b6c5-4368-b753-1dcf38c16102,2025-11-18,2.33,work,manual,null,null,null,null,fb8513ee-5592-4bc4-8c2f-b7cf42c38dfb,2026-03-22 18:18:36.634+00,null,true,2026-03-22 18:18:39.041898+00,2026-03-22 18:18:36.634+00,a8cc3434-63a4-4833-b06c-50febc2d1ac9,null,true,null,null
f09d5356-e4d9-47be-a4e9-86a2995c3e94,1edb3a61-b1d4-4889-a89f-b43401ccf5a2,5d73f3d3-b6c5-4368-b753-1dcf38c16102,2025-11-18,6,work,manual,null,null,null,null,fb8513ee-5592-4bc4-8c2f-b7cf42c38dfb,2026-03-22 18:18:36.634+00,null,true,2026-03-22 18:18:39.227263+00,2026-03-22 18:18:36.634+00,17aad58a-011b-4106-a4ce-5cc55a7daaf0,null,true,null,null
fdebb31a-0d32-417e-8708-cc7e1b1302da,07f24df6-84e1-4eb7-91d2-41d2b5e5936a,5d73f3d3-b6c5-4368-b753-1dcf38c16102,2025-11-18,3,work,manual,null,null,null,null,fb8513ee-5592-4bc4-8c2f-b7cf42c38dfb,2026-03-22 18:26:16.468+00,null,true,2026-03-22 18:26:18.277004+00,2026-03-22 18:26:16.468+00,27b8a431-e9a2-45fc-a9c6-6faa895022be,null,true,null,null
d18e10c1-c100-47c7-bd4d-36f2fc9820ce,6c868fe7-61fe-48bd-8f6c-1095a81cec04,9cdec770-8078-4426-a220-4520032e2acf,2025-11-19,8,work,manual,null,null,null,null,fb8513ee-5592-4bc4-8c2f-b7cf42c38dfb,2026-03-02 09:36:05.714+00,null,true,2026-03-02 09:36:07.277723+00,2026-03-02 09:36:05.714+00,null,null,false,null,null
16bbd7ea-67a1-4fc3-9b78-e73ff6f4a6e8,fa740b69-3551-4730-a26d-f44aac5b3f56,9cdec770-8078-4426-a220-4520032e2acf,2025-11-19,6,work,manual,null,null,null,null,d800f7c1-d56f-420e-b301-2826c837343a,2026-03-02 12:01:26.938+00,null,true,2026-03-02 12:01:27.916464+00,2026-03-02 12:01:26.938+00,8b8ae8ab-b954-4eee-9bff-44158ab62a97,null,true,null,null
6db79a62-70dd-4aea-ac78-ebe1d6837e18,26849e30-a026-45ae-814f-af82f129a74a,5d73f3d3-b6c5-4368-b753-1dcf38c16102,2025-11-19,4,work,manual,null,null,null,null,fb8513ee-5592-4bc4-8c2f-b7cf42c38dfb,2026-03-22 18:04:46.454+00,null,true,2026-03-22 18:04:48.007388+00,2026-03-22 18:04:46.454+00,27b8a431-e9a2-45fc-a9c6-6faa895022be,null,true,null,null
0dbcaa9f-d52d-4152-8f4e-a8e9b5e24ea7,1edb3a61-b1d4-4889-a89f-b43401ccf5a2,5d73f3d3-b6c5-4368-b753-1dcf38c16102,2025-11-19,8,work,manual,null,null,null,null,fb8513ee-5592-4bc4-8c2f-b7cf42c38dfb,2026-03-22 18:18:36.634+00,null,true,2026-03-22 18:18:39.353896+00,2026-03-22 18:18:36.634+00,17aad58a-011b-4106-a4ce-5cc55a7daaf0,null,true,null,null
8ecaaf2b-7176-4764-9328-80c7ad34790d,07f24df6-84e1-4eb7-91d2-41d2b5e5936a,5d73f3d3-b6c5-4368-b753-1dcf38c16102,2025-11-19,3,work,manual,null,null,null,null,fb8513ee-5592-4bc4-8c2f-b7cf42c38dfb,2026-03-22 18:26:16.468+00,null,true,2026-03-22 18:26:18.38816+00,2026-03-22 18:26:16.468+00,27b8a431-e9a2-45fc-a9c6-6faa895022be,null,true,null,null
78491259-3ad0-474f-bf48-0627660dc812,6c868fe7-61fe-48bd-8f6c-1095a81cec04,9cdec770-8078-4426-a220-4520032e2acf,2025-11-20,8,work,manual,null,null,null,null,fb8513ee-5592-4bc4-8c2f-b7cf42c38dfb,2026-03-02 09:36:05.714+00,null,true,2026-03-02 09:36:07.33434+00,2026-03-02 09:36:05.714+00,null,null,false,null,null
79ca5312-5de7-4982-9c2e-643f97fa8a82,fa740b69-3551-4730-a26d-f44aac5b3f56,9cdec770-8078-4426-a220-4520032e2acf,2025-11-20,6,work,manual,null,null,null,null,d800f7c1-d56f-420e-b301-2826c837343a,2026-03-02 12:01:26.938+00,null,true,2026-03-02 12:01:27.997541+00,2026-03-02 12:01:26.938+00,8b8ae8ab-b954-4eee-9bff-44158ab62a97,null,true,null,null
2b81597e-8433-4c42-9b30-1a75c0208968,26849e30-a026-45ae-814f-af82f129a74a,5d73f3d3-b6c5-4368-b753-1dcf38c16102,2025-11-20,4,work,manual,null,null,null,null,fb8513ee-5592-4bc4-8c2f-b7cf42c38dfb,2026-03-22 18:04:46.454+00,null,true,2026-03-22 18:04:48.11883+00,2026-03-22 18:04:46.454+00,27b8a431-e9a2-45fc-a9c6-6faa895022be,null,true,null,null
383ad251-a0e9-4967-99eb-418aa986f094,1edb3a61-b1d4-4889-a89f-b43401ccf5a2,5d73f3d3-b6c5-4368-b753-1dcf38c16102,2025-11-20,8,work,manual,null,null,null,null,fb8513ee-5592-4bc4-8c2f-b7cf42c38dfb,2026-03-22 18:18:36.634+00,null,true,2026-03-22 18:18:39.49961+00,2026-03-22 18:18:36.634+00,17aad58a-011b-4106-a4ce-5cc55a7daaf0,null,true,null,null
769e1878-2745-4be4-82da-69b88df7f714,07f24df6-84e1-4eb7-91d2-41d2b5e5936a,5d73f3d3-b6c5-4368-b753-1dcf38c16102,2025-11-20,3,work,manual,null,null,null,null,fb8513ee-5592-4bc4-8c2f-b7cf42c38dfb,2026-03-22 18:26:16.468+00,null,true,2026-03-22 18:26:18.538517+00,2026-03-22 18:26:16.468+00,27b8a431-e9a2-45fc-a9c6-6faa895022be,null,true,null,null
80d9e3f8-ae03-43be-8adf-4308eead099c,6c868fe7-61fe-48bd-8f6c-1095a81cec04,9cdec770-8078-4426-a220-4520032e2acf,2025-11-21,8,work,manual,null,null,null,null,fb8513ee-5592-4bc4-8c2f-b7cf42c38dfb,2026-03-02 09:36:05.714+00,null,true,2026-03-02 09:36:07.395583+00,2026-03-02 09:36:05.714+00,null,null,false,null,null
97c674ed-bc2c-410d-bca3-235c38367ed5,fa740b69-3551-4730-a26d-f44aac5b3f56,9cdec770-8078-4426-a220-4520032e2acf,2025-11-21,6,work,manual,null,null,null,null,d800f7c1-d56f-420e-b301-2826c837343a,2026-03-02 12:01:26.938+00,null,true,2026-03-02 12:01:28.064745+00,2026-03-02 12:01:26.938+00,8b8ae8ab-b954-4eee-9bff-44158ab62a97,null,true,null,null
b2172bb6-38b7-44cb-8896-e464d0cb615f,26849e30-a026-45ae-814f-af82f129a74a,5d73f3d3-b6c5-4368-b753-1dcf38c16102,2025-11-21,4,work,manual,null,null,null,null,fb8513ee-5592-4bc4-8c2f-b7cf42c38dfb,2026-03-22 18:04:46.454+00,null,true,2026-03-22 18:04:48.233265+00,2026-03-22 18:04:46.454+00,27b8a431-e9a2-45fc-a9c6-6faa895022be,null,true,null,null
d5149245-acc7-491b-b7fe-4c1d021a0eda,1edb3a61-b1d4-4889-a89f-b43401ccf5a2,5d73f3d3-b6c5-4368-b753-1dcf38c16102,2025-11-21,8,work,manual,null,null,null,null,fb8513ee-5592-4bc4-8c2f-b7cf42c38dfb,2026-03-22 18:18:36.634+00,null,true,2026-03-22 18:18:39.622923+00,2026-03-22 18:18:36.634+00,17aad58a-011b-4106-a4ce-5cc55a7daaf0,null,true,null,null
a4c9301d-5a78-449d-8bda-678d06c277fa,07f24df6-84e1-4eb7-91d2-41d2b5e5936a,5d73f3d3-b6c5-4368-b753-1dcf38c16102,2025-11-21,6,work,manual,null,null,null,null,fb8513ee-5592-4bc4-8c2f-b7cf42c38dfb,2026-03-22 18:26:16.468+00,null,true,2026-03-22 18:26:18.687248+00,2026-03-22 18:26:16.468+00,27b8a431-e9a2-45fc-a9c6-6faa895022be,null,true,null,null
08413699-783d-489d-b96d-7cdee23bba3b,6c868fe7-61fe-48bd-8f6c-1095a81cec04,9cdec770-8078-4426-a220-4520032e2acf,2025-11-24,8,work,manual,null,null,null,null,fb8513ee-5592-4bc4-8c2f-b7cf42c38dfb,2026-03-02 09:36:05.714+00,null,true,2026-03-02 09:36:07.594765+00,2026-03-02 09:36:05.714+00,null,null,false,null,null
4c66f64a-0b7e-4a59-82b6-be2a49d9c11c,fa740b69-3551-4730-a26d-f44aac5b3f56,9cdec770-8078-4426-a220-4520032e2acf,2025-11-24,6,work,manual,null,null,null,null,d800f7c1-d56f-420e-b301-2826c837343a,2026-03-02 12:01:26.938+00,null,true,2026-03-02 12:01:28.129064+00,2026-03-02 12:01:26.938+00,8b8ae8ab-b954-4eee-9bff-44158ab62a97,null,true,null,null
2688a350-6167-4553-b5ff-899f3386c59b,26849e30-a026-45ae-814f-af82f129a74a,5d73f3d3-b6c5-4368-b753-1dcf38c16102,2025-11-24,4.67,work,manual,null,null,null,null,fb8513ee-5592-4bc4-8c2f-b7cf42c38dfb,2026-03-22 18:04:46.454+00,null,true,2026-03-22 18:04:48.449725+00,2026-03-22 18:04:46.454+00,6bfe3880-b466-44cd-937a-743487e42d65,null,true,null,null
21ef5d49-aea8-43cb-8b23-c74530123259,1edb3a61-b1d4-4889-a89f-b43401ccf5a2,5d73f3d3-b6c5-4368-b753-1dcf38c16102,2025-11-24,8,work,manual,null,null,null,null,fb8513ee-5592-4bc4-8c2f-b7cf42c38dfb,2026-03-22 18:18:36.634+00,null,true,2026-03-22 18:18:40.012623+00,2026-03-22 18:18:36.634+00,17aad58a-011b-4106-a4ce-5cc55a7daaf0,null,true,null,null
ef1c0afa-75cd-40da-a839-1bb2b20ad243,07f24df6-84e1-4eb7-91d2-41d2b5e5936a,5d73f3d3-b6c5-4368-b753-1dcf38c16102,2025-11-24,3,work,manual,null,null,null,null,fb8513ee-5592-4bc4-8c2f-b7cf42c38dfb,2026-03-22 18:26:16.468+00,null,true,2026-03-22 18:26:18.824495+00,2026-03-22 18:26:16.468+00,27b8a431-e9a2-45fc-a9c6-6faa895022be,null,true,null,null
05ba53a5-0194-4bef-acda-6a23128479e9,6c868fe7-61fe-48bd-8f6c-1095a81cec04,9cdec770-8078-4426-a220-4520032e2acf,2025-11-25,8,work,manual,null,null,null,null,fb8513ee-5592-4bc4-8c2f-b7cf42c38dfb,2026-03-02 09:36:05.714+00,null,true,2026-03-02 09:36:07.645786+00,2026-03-02 09:36:05.714+00,null,null,false,null,null
48666c6c-3424-400b-a5ad-d95f0321229b,fa740b69-3551-4730-a26d-f44aac5b3f56,9cdec770-8078-4426-a220-4520032e2acf,2025-11-25,6,work,manual,null,null,null,null,d800f7c1-d56f-420e-b301-2826c837343a,2026-03-02 12:01:26.938+00,null,true,2026-03-02 12:01:28.201975+00,2026-03-02 12:01:26.938+00,8b8ae8ab-b954-4eee-9bff-44158ab62a97,null,true,null,null
653bbc26-8375-45a6-9338-77922b699f65,1edb3a61-b1d4-4889-a89f-b43401ccf5a2,5d73f3d3-b6c5-4368-b753-1dcf38c16102,2025-11-25,8,work,manual,null,null,null,null,fb8513ee-5592-4bc4-8c2f-b7cf42c38dfb,2026-03-22 18:18:36.634+00,null,true,2026-03-22 18:18:40.141179+00,2026-03-22 18:18:36.634+00,17aad58a-011b-4106-a4ce-5cc55a7daaf0,null,true,null,null
6ee849de-c6ea-42a6-aba3-449a4ac30751,07f24df6-84e1-4eb7-91d2-41d2b5e5936a,5d73f3d3-b6c5-4368-b753-1dcf38c16102,2025-11-25,3,work,manual,null,null,null,null,fb8513ee-5592-4bc4-8c2f-b7cf42c38dfb,2026-03-22 18:26:16.468+00,null,true,2026-03-22 18:26:18.95507+00,2026-03-22 18:26:16.468+00,27b8a431-e9a2-45fc-a9c6-6faa895022be,null,true,null,null
199d2d22-d04f-44ff-96f6-1786aeb4de6f,6c868fe7-61fe-48bd-8f6c-1095a81cec04,9cdec770-8078-4426-a220-4520032e2acf,2025-11-26,8,work,manual,null,null,null,null,fb8513ee-5592-4bc4-8c2f-b7cf42c38dfb,2026-03-02 09:36:05.714+00,null,true,2026-03-02 09:36:07.699682+00,2026-03-02 09:36:05.714+00,null,null,false,null,null
170efc10-1716-4c35-8687-aa812f4a5a40,fa740b69-3551-4730-a26d-f44aac5b3f56,9cdec770-8078-4426-a220-4520032e2acf,2025-11-26,6,work,manual,null,null,null,null,d800f7c1-d56f-420e-b301-2826c837343a,2026-03-02 12:01:26.938+00,null,true,2026-03-02 12:01:28.259669+00,2026-03-02 12:01:26.938+00,8b8ae8ab-b954-4eee-9bff-44158ab62a97,null,true,null,null
38e2ecd5-2ab6-4964-bbbb-4452ca9c50fe,1edb3a61-b1d4-4889-a89f-b43401ccf5a2,5d73f3d3-b6c5-4368-b753-1dcf38c16102,2025-11-26,8,work,manual,null,null,null,null,fb8513ee-5592-4bc4-8c2f-b7cf42c38dfb,2026-03-22 18:18:36.634+00,null,true,2026-03-22 18:18:40.275219+00,2026-03-22 18:18:36.634+00,17aad58a-011b-4106-a4ce-5cc55a7daaf0,null,true,null,null
69fdac55-01ed-464d-b6d5-bbb2e5b55c81,07f24df6-84e1-4eb7-91d2-41d2b5e5936a,5d73f3d3-b6c5-4368-b753-1dcf38c16102,2025-11-26,2,work,manual,null,null,null,null,fb8513ee-5592-4bc4-8c2f-b7cf42c38dfb,2026-03-22 18:26:16.468+00,null,true,2026-03-22 18:26:19.076989+00,2026-03-22 18:26:16.468+00,27b8a431-e9a2-45fc-a9c6-6faa895022be,null,true,null,null
fca328ee-878f-4da5-a8cb-5033c5bbfc77,6c868fe7-61fe-48bd-8f6c-1095a81cec04,9cdec770-8078-4426-a220-4520032e2acf,2025-11-27,8,work,manual,null,null,null,null,fb8513ee-5592-4bc4-8c2f-b7cf42c38dfb,2026-03-02 09:36:05.714+00,null,true,2026-03-02 09:36:07.757648+00,2026-03-02 09:36:05.714+00,null,null,false,null,null
172a488b-ca0f-467e-9176-65a9604de424,fa740b69-3551-4730-a26d-f44aac5b3f56,9cdec770-8078-4426-a220-4520032e2acf,2025-11-27,6,work,manual,null,null,null,null,d800f7c1-d56f-420e-b301-2826c837343a,2026-03-02 12:01:26.938+00,null,true,2026-03-02 12:01:28.31496+00,2026-03-02 12:01:26.938+00,8b8ae8ab-b954-4eee-9bff-44158ab62a97,null,true,null,null
0087ae35-dff8-48bc-9676-1aed049e24cc,1edb3a61-b1d4-4889-a89f-b43401ccf5a2,5d73f3d3-b6c5-4368-b753-1dcf38c16102,2025-11-27,8,work,manual,null,null,null,null,fb8513ee-5592-4bc4-8c2f-b7cf42c38dfb,2026-03-22 18:18:36.634+00,null,true,2026-03-22 18:18:40.413492+00,2026-03-22 18:18:36.634+00,17aad58a-011b-4106-a4ce-5cc55a7daaf0,null,true,null,null
ff7235e6-655f-43e4-84eb-5893d6936657,07f24df6-84e1-4eb7-91d2-41d2b5e5936a,5d73f3d3-b6c5-4368-b753-1dcf38c16102,2025-11-27,2,work,manual,null,null,null,null,fb8513ee-5592-4bc4-8c2f-b7cf42c38dfb,2026-03-22 18:26:16.468+00,null,true,2026-03-22 18:26:19.188573+00,2026-03-22 18:26:16.468+00,27b8a431-e9a2-45fc-a9c6-6faa895022be,null,true,null,null
fb08c99b-24c6-45cd-aa12-e380dba27ccc,6c868fe7-61fe-48bd-8f6c-1095a81cec04,9cdec770-8078-4426-a220-4520032e2acf,2025-11-28,8,work,manual,null,null,null,null,fb8513ee-5592-4bc4-8c2f-b7cf42c38dfb,2026-03-02 09:36:05.714+00,null,true,2026-03-02 09:36:07.816768+00,2026-03-02 09:36:05.714+00,null,null,false,null,null
5052a970-752a-4163-b540-93399c7b492a,fa740b69-3551-4730-a26d-f44aac5b3f56,9cdec770-8078-4426-a220-4520032e2acf,2025-11-28,6,work,manual,null,null,null,null,d800f7c1-d56f-420e-b301-2826c837343a,2026-03-02 12:01:26.938+00,null,true,2026-03-02 12:01:28.378426+00,2026-03-02 12:01:26.938+00,8b8ae8ab-b954-4eee-9bff-44158ab62a97,null,true,null,null
f5a7e5d8-b626-40b2-ae47-03270cedd8e7,1edb3a61-b1d4-4889-a89f-b43401ccf5a2,5d73f3d3-b6c5-4368-b753-1dcf38c16102,2025-11-28,8,work,manual,null,null,null,null,fb8513ee-5592-4bc4-8c2f-b7cf42c38dfb,2026-03-22 18:18:36.634+00,null,true,2026-03-22 18:18:40.528893+00,2026-03-22 18:18:36.634+00,17aad58a-011b-4106-a4ce-5cc55a7daaf0,null,true,null,null
30deebd0-c964-4f66-95e6-60c405854317,07f24df6-84e1-4eb7-91d2-41d2b5e5936a,5d73f3d3-b6c5-4368-b753-1dcf38c16102,2025-11-28,6.33,work,manual,null,null,null,null,fb8513ee-5592-4bc4-8c2f-b7cf42c38dfb,2026-03-22 18:26:16.468+00,null,true,2026-03-22 18:26:19.396435+00,2026-03-22 18:26:16.468+00,27b8a431-e9a2-45fc-a9c6-6faa895022be,null,true,null,null
0ca7089e-a7d3-469a-96a2-72802c43d8f0,6c868fe7-61fe-48bd-8f6c-1095a81cec04,9cdec770-8078-4426-a220-4520032e2acf,2025-12-01,8,work,manual,null,null,null,null,d800f7c1-d56f-420e-b301-2826c837343a,2026-03-02 11:52:53.707+00,null,false,2026-03-02 11:52:55.129732+00,2026-03-02 11:52:56.098649+00,null,null,false,null,null
97e130d7-87e9-4fe7-b93d-9cca0b587a19,6c868fe7-61fe-48bd-8f6c-1095a81cec04,9cdec770-8078-4426-a220-4520032e2acf,2025-12-01,8,work,manual,null,null,null,null,d800f7c1-d56f-420e-b301-2826c837343a,2026-03-02 11:52:55.816+00,null,false,2026-03-02 11:52:56.735476+00,2026-03-02 11:54:07.812113+00,null,null,false,null,null
d2aa91ab-55b6-44de-822c-1c35d9cce5dc,6c868fe7-61fe-48bd-8f6c-1095a81cec04,9cdec770-8078-4426-a220-4520032e2acf,2025-12-01,8,work,manual,null,null,null,null,d800f7c1-d56f-420e-b301-2826c837343a,2026-03-02 20:51:53.693+00,null,true,2026-03-02 20:51:54.457088+00,2026-03-02 20:51:53.693+00,null,null,false,null,null
72743b88-5b54-434a-b39b-8f9d1f0c31c1,fa740b69-3551-4730-a26d-f44aac5b3f56,9cdec770-8078-4426-a220-4520032e2acf,2025-12-01,8,work,manual,null,null,null,null,d2c2a722-94c8-49d0-87e7-755c95bba02d,2026-03-02 21:15:15.514+00,null,true,2026-03-02 21:15:17.335175+00,2026-03-02 21:15:15.514+00,null,null,false,null,null
d4a1b3dd-9ca5-4d92-a81f-f6a9387fa043,26849e30-a026-45ae-814f-af82f129a74a,5d73f3d3-b6c5-4368-b753-1dcf38c16102,2025-12-01,5,work,manual,null,null,null,null,fb8513ee-5592-4bc4-8c2f-b7cf42c38dfb,2026-03-22 18:07:28.237+00,null,true,2026-03-22 18:07:28.504796+00,2026-03-22 18:07:28.237+00,a8cc3434-63a4-4833-b06c-50febc2d1ac9,null,true,null,null
c32fd30b-e6ac-4562-aef2-a24fa7acdfff,1edb3a61-b1d4-4889-a89f-b43401ccf5a2,5d73f3d3-b6c5-4368-b753-1dcf38c16102,2025-12-01,9,work,manual,null,null,null,null,fb8513ee-5592-4bc4-8c2f-b7cf42c38dfb,2026-03-22 18:19:41.862+00,null,true,2026-03-22 18:19:42.297173+00,2026-03-22 18:19:41.862+00,17aad58a-011b-4106-a4ce-5cc55a7daaf0,null,true,null,null
800ee3c8-27f6-4a11-a391-43365abb8916,07f24df6-84e1-4eb7-91d2-41d2b5e5936a,5d73f3d3-b6c5-4368-b753-1dcf38c16102,2025-12-01,4,work,manual,null,null,null,null,fb8513ee-5592-4bc4-8c2f-b7cf42c38dfb,2026-03-22 18:32:58.803+00,null,true,2026-03-22 18:32:59.613345+00,2026-03-22 18:32:58.803+00,27b8a431-e9a2-45fc-a9c6-6faa895022be,null,true,null,null
34edf0f3-b412-4943-bf6f-fd63b348013f,15e5f959-410f-489c-b055-7591d6922751,cada9ea4-45a5-42d4-981e-3a6ac60efa62,2025-12-01,8,work,manual,null,null,null,null,fb8513ee-5592-4bc4-8c2f-b7cf42c38dfb,2026-03-24 09:15:31.484+00,null,true,2026-03-24 09:15:31.926648+00,2026-03-24 09:15:31.484+00,c63b62e4-529c-450e-985f-a3d7c7723f99,null,true,null,null
417fe0ce-67ad-4510-9a05-a87393b3404e,6c868fe7-61fe-48bd-8f6c-1095a81cec04,9cdec770-8078-4426-a220-4520032e2acf,2025-12-02,4,work,manual,null,null,null,null,d800f7c1-d56f-420e-b301-2826c837343a,2026-03-02 20:51:53.693+00,null,true,2026-03-02 11:47:02.591154+00,2026-03-02 20:51:53.884027+00,274ab1d6-143b-4b38-9bb6-1c61ff6d356e,null,true,null,null
5ce78815-429f-4d43-8629-fee93ea05718,6c868fe7-61fe-48bd-8f6c-1095a81cec04,9cdec770-8078-4426-a220-4520032e2acf,2025-12-02,4,work,manual,null,null,null,null,d800f7c1-d56f-420e-b301-2826c837343a,2026-03-02 11:52:53.707+00,null,false,2026-03-02 11:52:55.212728+00,2026-03-02 11:52:56.098649+00,null,null,false,null,null
ae003fc0-9588-4f12-97d5-ef79e47f40d1,6c868fe7-61fe-48bd-8f6c-1095a81cec04,9cdec770-8078-4426-a220-4520032e2acf,2025-12-02,4,work,manual,null,null,null,null,d800f7c1-d56f-420e-b301-2826c837343a,2026-03-02 11:52:55.816+00,null,false,2026-03-02 11:52:56.801103+00,2026-03-02 11:54:07.812113+00,null,null,false,null,null
d8ba183a-59f3-4649-8d89-a471837309de,fa740b69-3551-4730-a26d-f44aac5b3f56,9cdec770-8078-4426-a220-4520032e2acf,2025-12-02,6,work,manual,null,null,null,null,d2c2a722-94c8-49d0-87e7-755c95bba02d,2026-03-02 21:15:15.514+00,null,true,2026-03-02 12:03:35.241028+00,2026-03-02 21:15:15.691372+00,8b8ae8ab-b954-4eee-9bff-44158ab62a97,null,true,null,null
6faab2cb-973a-46e1-b8a2-0cacdf28f216,26849e30-a026-45ae-814f-af82f129a74a,5d73f3d3-b6c5-4368-b753-1dcf38c16102,2025-12-02,5,work,manual,null,null,null,null,fb8513ee-5592-4bc4-8c2f-b7cf42c38dfb,2026-03-22 18:07:28.237+00,null,true,2026-03-22 18:07:28.604842+00,2026-03-22 18:07:28.237+00,a8cc3434-63a4-4833-b06c-50febc2d1ac9,null,true,null,null
4dd0e175-dc1e-4099-925c-78f88bd09d03,1edb3a61-b1d4-4889-a89f-b43401ccf5a2,5d73f3d3-b6c5-4368-b753-1dcf38c16102,2025-12-02,9,work,manual,null,null,null,null,fb8513ee-5592-4bc4-8c2f-b7cf42c38dfb,2026-03-22 18:19:41.862+00,null,true,2026-03-22 18:19:42.501707+00,2026-03-22 18:19:41.862+00,17aad58a-011b-4106-a4ce-5cc55a7daaf0,null,true,null,null
633dbfc6-010b-4721-855a-ea5327262f58,07f24df6-84e1-4eb7-91d2-41d2b5e5936a,5d73f3d3-b6c5-4368-b753-1dcf38c16102,2025-12-02,4,work,manual,null,null,null,null,fb8513ee-5592-4bc4-8c2f-b7cf42c38dfb,2026-03-22 18:32:58.803+00,null,true,2026-03-22 18:32:59.727557+00,2026-03-22 18:32:58.803+00,27b8a431-e9a2-45fc-a9c6-6faa895022be,null,true,null,null
442e5443-0f6a-4d49-a3d7-23256d7d1974,15e5f959-410f-489c-b055-7591d6922751,cada9ea4-45a5-42d4-981e-3a6ac60efa62,2025-12-02,8,work,manual,null,null,null,null,fb8513ee-5592-4bc4-8c2f-b7cf42c38dfb,2026-03-24 09:15:31.484+00,null,true,2026-03-24 09:15:32.052024+00,2026-03-24 09:15:31.484+00,c63b62e4-529c-450e-985f-a3d7c7723f99,null,true,null,null
2206a9e6-bebf-4576-9ca7-56e491ebf405,6c868fe7-61fe-48bd-8f6c-1095a81cec04,9cdec770-8078-4426-a220-4520032e2acf,2025-12-03,4,work,manual,null,null,null,null,d800f7c1-d56f-420e-b301-2826c837343a,2026-03-02 20:51:53.693+00,null,true,2026-03-02 11:47:02.645489+00,2026-03-02 20:51:53.970538+00,274ab1d6-143b-4b38-9bb6-1c61ff6d356e,null,true,null,null
80dd54a2-b3db-44cf-a76c-5491d3589fc8,6c868fe7-61fe-48bd-8f6c-1095a81cec04,9cdec770-8078-4426-a220-4520032e2acf,2025-12-03,4,work,manual,null,null,null,null,d800f7c1-d56f-420e-b301-2826c837343a,2026-03-02 11:52:53.707+00,null,false,2026-03-02 11:52:55.286281+00,2026-03-02 11:52:56.098649+00,null,null,false,null,null
7695b2d6-7e6a-423f-9a8f-eced6a737033,6c868fe7-61fe-48bd-8f6c-1095a81cec04,9cdec770-8078-4426-a220-4520032e2acf,2025-12-03,4,work,manual,null,null,null,null,d800f7c1-d56f-420e-b301-2826c837343a,2026-03-02 11:52:55.816+00,null,false,2026-03-02 11:52:56.869393+00,2026-03-02 11:54:07.812113+00,null,null,false,null,null
19bc36a4-fde6-4ba3-9d06-f1d492d4d47a,fa740b69-3551-4730-a26d-f44aac5b3f56,9cdec770-8078-4426-a220-4520032e2acf,2025-12-03,6,work,manual,null,null,null,null,d2c2a722-94c8-49d0-87e7-755c95bba02d,2026-03-02 21:15:15.514+00,null,true,2026-03-02 12:03:35.289006+00,2026-03-02 21:15:15.773551+00,8b8ae8ab-b954-4eee-9bff-44158ab62a97,null,true,null,null
2de66952-b464-4117-b34a-4b8e846a1ddd,26849e30-a026-45ae-814f-af82f129a74a,5d73f3d3-b6c5-4368-b753-1dcf38c16102,2025-12-03,5,work,manual,null,null,null,null,fb8513ee-5592-4bc4-8c2f-b7cf42c38dfb,2026-03-22 18:07:28.237+00,null,true,2026-03-22 18:07:28.707514+00,2026-03-22 18:07:28.237+00,a8cc3434-63a4-4833-b06c-50febc2d1ac9,null,true,null,null
288660a7-848b-48e5-8f46-3174d21ee20c,1edb3a61-b1d4-4889-a89f-b43401ccf5a2,5d73f3d3-b6c5-4368-b753-1dcf38c16102,2025-12-03,9,work,manual,null,null,null,null,fb8513ee-5592-4bc4-8c2f-b7cf42c38dfb,2026-03-22 18:19:41.862+00,null,true,2026-03-22 18:19:42.660097+00,2026-03-22 18:19:41.862+00,17aad58a-011b-4106-a4ce-5cc55a7daaf0,null,true,null,null
9cf8f25c-7804-492c-95d1-382c57ce15af,07f24df6-84e1-4eb7-91d2-41d2b5e5936a,5d73f3d3-b6c5-4368-b753-1dcf38c16102,2025-12-03,4,work,manual,null,null,null,null,fb8513ee-5592-4bc4-8c2f-b7cf42c38dfb,2026-03-22 18:32:58.803+00,null,true,2026-03-22 18:32:59.847161+00,2026-03-22 18:32:58.803+00,27b8a431-e9a2-45fc-a9c6-6faa895022be,null,true,null,null
bcd3dc34-7ab6-447d-b0d5-8aa1e83f804a,15e5f959-410f-489c-b055-7591d6922751,cada9ea4-45a5-42d4-981e-3a6ac60efa62,2025-12-03,8,work,manual,null,null,null,null,fb8513ee-5592-4bc4-8c2f-b7cf42c38dfb,2026-03-24 09:15:31.484+00,null,true,2026-03-24 09:15:32.162318+00,2026-03-24 09:15:31.484+00,c63b62e4-529c-450e-985f-a3d7c7723f99,null,true,null,null
b4990857-9e4a-4f5f-946d-194eaf424e20,6c868fe7-61fe-48bd-8f6c-1095a81cec04,9cdec770-8078-4426-a220-4520032e2acf,2025-12-04,4,work,manual,null,null,null,null,d800f7c1-d56f-420e-b301-2826c837343a,2026-03-02 20:51:53.693+00,null,true,2026-03-02 11:47:02.698723+00,2026-03-02 20:51:54.057889+00,274ab1d6-143b-4b38-9bb6-1c61ff6d356e,null,true,null,null
180261e8-a14d-41fe-8e86-62cb3bd728e6,6c868fe7-61fe-48bd-8f6c-1095a81cec04,9cdec770-8078-4426-a220-4520032e2acf,2025-12-04,4,work,manual,null,null,null,null,d800f7c1-d56f-420e-b301-2826c837343a,2026-03-02 11:52:53.707+00,null,false,2026-03-02 11:52:55.365615+00,2026-03-02 11:52:56.098649+00,null,null,false,null,null
563b51a0-0b05-42e1-87f8-1780cf6ecf78,6c868fe7-61fe-48bd-8f6c-1095a81cec04,9cdec770-8078-4426-a220-4520032e2acf,2025-12-04,4,work,manual,null,null,null,null,d800f7c1-d56f-420e-b301-2826c837343a,2026-03-02 11:52:55.816+00,null,false,2026-03-02 11:52:56.939433+00,2026-03-02 11:54:07.812113+00,null,null,false,null,null
6bc335c4-c545-41a9-bc4e-68e6a27515ef,fa740b69-3551-4730-a26d-f44aac5b3f56,9cdec770-8078-4426-a220-4520032e2acf,2025-12-04,6,work,manual,null,null,null,null,d2c2a722-94c8-49d0-87e7-755c95bba02d,2026-03-02 21:15:15.514+00,null,true,2026-03-02 12:03:35.366286+00,2026-03-02 21:15:15.854536+00,8b8ae8ab-b954-4eee-9bff-44158ab62a97,null,true,null,null
54baa7ba-7af7-47a7-a8ec-d6a172e5584b,26849e30-a026-45ae-814f-af82f129a74a,5d73f3d3-b6c5-4368-b753-1dcf38c16102,2025-12-04,5,work,manual,null,null,null,null,fb8513ee-5592-4bc4-8c2f-b7cf42c38dfb,2026-03-22 18:07:28.237+00,null,true,2026-03-22 18:07:28.808566+00,2026-03-22 18:07:28.237+00,a8cc3434-63a4-4833-b06c-50febc2d1ac9,null,true,null,null
77044ecc-f290-4160-b1d6-3c89dc385ad4,1edb3a61-b1d4-4889-a89f-b43401ccf5a2,5d73f3d3-b6c5-4368-b753-1dcf38c16102,2025-12-04,9,work,manual,null,null,null,null,fb8513ee-5592-4bc4-8c2f-b7cf42c38dfb,2026-03-22 18:19:41.862+00,null,true,2026-03-22 18:19:42.795787+00,2026-03-22 18:19:41.862+00,17aad58a-011b-4106-a4ce-5cc55a7daaf0,null,true,null,null
85a568fd-09d8-43df-be20-1b5e942d5c56,07f24df6-84e1-4eb7-91d2-41d2b5e5936a,5d73f3d3-b6c5-4368-b753-1dcf38c16102,2025-12-04,4,work,manual,null,null,null,null,fb8513ee-5592-4bc4-8c2f-b7cf42c38dfb,2026-03-22 18:32:58.803+00,null,true,2026-03-22 18:32:59.996807+00,2026-03-22 18:32:58.803+00,27b8a431-e9a2-45fc-a9c6-6faa895022be,null,true,null,null
6b1de1a4-9fc8-4e16-9eb6-76ad5ea70e3d,15e5f959-410f-489c-b055-7591d6922751,cada9ea4-45a5-42d4-981e-3a6ac60efa62,2025-12-04,8,work,manual,null,null,null,null,fb8513ee-5592-4bc4-8c2f-b7cf42c38dfb,2026-03-24 09:15:31.484+00,null,true,2026-03-24 09:15:32.269836+00,2026-03-24 09:15:31.484+00,c63b62e4-529c-450e-985f-a3d7c7723f99,null,true,null,null
4c7644d7-ff8e-4881-beed-377fbbd6359d,6c868fe7-61fe-48bd-8f6c-1095a81cec04,9cdec770-8078-4426-a220-4520032e2acf,2025-12-05,4,work,manual,null,null,null,null,d800f7c1-d56f-420e-b301-2826c837343a,2026-03-02 20:51:53.693+00,null,true,2026-03-02 11:47:02.756754+00,2026-03-02 20:51:54.144559+00,274ab1d6-143b-4b38-9bb6-1c61ff6d356e,null,true,null,null
e45b828a-75ba-4225-9ff8-09b980677b6f,6c868fe7-61fe-48bd-8f6c-1095a81cec04,9cdec770-8078-4426-a220-4520032e2acf,2025-12-05,4,work,manual,null,null,null,null,d800f7c1-d56f-420e-b301-2826c837343a,2026-03-02 11:52:53.707+00,null,false,2026-03-02 11:52:55.437528+00,2026-03-02 11:52:56.098649+00,null,null,false,null,null
078609b7-79f5-4689-8317-87fb09401a18,6c868fe7-61fe-48bd-8f6c-1095a81cec04,9cdec770-8078-4426-a220-4520032e2acf,2025-12-05,4,work,manual,null,null,null,null,d800f7c1-d56f-420e-b301-2826c837343a,2026-03-02 11:52:55.816+00,null,false,2026-03-02 11:52:57.022424+00,2026-03-02 11:54:07.812113+00,null,null,false,null,null
3f10cc87-82a2-473e-bb10-0ccc75e1c27c,fa740b69-3551-4730-a26d-f44aac5b3f56,9cdec770-8078-4426-a220-4520032e2acf,2025-12-05,6,work,manual,null,null,null,null,d800f7c1-d56f-420e-b301-2826c837343a,2026-03-02 12:03:34.975+00,null,false,2026-03-02 12:03:35.417533+00,2026-03-02 12:26:29.822351+00,013cb68d-bbe2-45fe-b796-cfb2a51a9097,null,true,null,null
ef29ad20-411c-4008-af93-fda181ab3d68,fa740b69-3551-4730-a26d-f44aac5b3f56,9cdec770-8078-4426-a220-4520032e2acf,2025-12-05,6,work,manual,null,null,null,null,d2c2a722-94c8-49d0-87e7-755c95bba02d,2026-03-02 21:15:15.514+00,null,true,2026-03-02 12:26:30.40714+00,2026-03-02 21:15:15.951674+00,8b8ae8ab-b954-4eee-9bff-44158ab62a97,null,true,null,null
cb19f9fb-141c-4755-9d31-490b85dd0a36,26849e30-a026-45ae-814f-af82f129a74a,5d73f3d3-b6c5-4368-b753-1dcf38c16102,2025-12-05,5,work,manual,null,null,null,null,fb8513ee-5592-4bc4-8c2f-b7cf42c38dfb,2026-03-22 18:07:28.237+00,null,true,2026-03-22 18:07:28.907542+00,2026-03-22 18:07:28.237+00,a8cc3434-63a4-4833-b06c-50febc2d1ac9,null,true,null,null
71aa20c9-3e7f-49e4-96cb-5654227c52dc,1edb3a61-b1d4-4889-a89f-b43401ccf5a2,5d73f3d3-b6c5-4368-b753-1dcf38c16102,2025-12-05,9,work,manual,null,null,null,null,fb8513ee-5592-4bc4-8c2f-b7cf42c38dfb,2026-03-22 18:19:41.862+00,null,true,2026-03-22 18:19:42.917601+00,2026-03-22 18:19:41.862+00,17aad58a-011b-4106-a4ce-5cc55a7daaf0,null,true,null,null
df476695-0e39-4c5d-8c93-7e945c106f01,15e5f959-410f-489c-b055-7591d6922751,cada9ea4-45a5-42d4-981e-3a6ac60efa62,2025-12-05,8,work,manual,null,null,null,null,fb8513ee-5592-4bc4-8c2f-b7cf42c38dfb,2026-03-24 09:15:31.484+00,null,true,2026-03-24 09:15:32.37549+00,2026-03-24 09:15:31.484+00,c63b62e4-529c-450e-985f-a3d7c7723f99,null,true,null,null
04451f03-b4c0-49a7-99e1-2011f71a806e,6c868fe7-61fe-48bd-8f6c-1095a81cec04,9cdec770-8078-4426-a220-4520032e2acf,2025-12-08,4,work,manual,null,null,null,null,d800f7c1-d56f-420e-b301-2826c837343a,2026-03-02 20:51:53.693+00,null,true,2026-03-02 11:47:02.815047+00,2026-03-02 20:51:54.232169+00,274ab1d6-143b-4b38-9bb6-1c61ff6d356e,null,true,null,null
a1220b9d-bff1-4a38-897d-94f67af57125,6c868fe7-61fe-48bd-8f6c-1095a81cec04,9cdec770-8078-4426-a220-4520032e2acf,2025-12-08,4,work,manual,null,null,null,null,d800f7c1-d56f-420e-b301-2826c837343a,2026-03-02 11:52:53.707+00,null,false,2026-03-02 11:52:55.524971+00,2026-03-02 11:52:56.098649+00,null,null,false,null,null
695dea80-2265-4b48-844b-265afec3dcea,6c868fe7-61fe-48bd-8f6c-1095a81cec04,9cdec770-8078-4426-a220-4520032e2acf,2025-12-08,4,work,manual,null,null,null,null,d800f7c1-d56f-420e-b301-2826c837343a,2026-03-02 11:52:55.816+00,null,false,2026-03-02 11:52:57.089699+00,2026-03-02 11:54:07.812113+00,null,null,false,null,null
82015c2a-ecf4-49f9-a352-4bed1446bf67,fa740b69-3551-4730-a26d-f44aac5b3f56,9cdec770-8078-4426-a220-4520032e2acf,2025-12-08,6,work,manual,null,null,null,null,d800f7c1-d56f-420e-b301-2826c837343a,2026-03-02 12:03:34.975+00,null,false,2026-03-02 12:03:35.471999+00,2026-03-02 12:26:29.822351+00,013cb68d-bbe2-45fe-b796-cfb2a51a9097,null,true,null,null
7761955c-b7c0-4674-84c1-8342338d7c07,fa740b69-3551-4730-a26d-f44aac5b3f56,9cdec770-8078-4426-a220-4520032e2acf,2025-12-08,6,work,manual,null,null,null,null,d2c2a722-94c8-49d0-87e7-755c95bba02d,2026-03-02 21:15:15.514+00,null,true,2026-03-02 12:26:30.462579+00,2026-03-02 21:15:16.549144+00,013cb68d-bbe2-45fe-b796-cfb2a51a9097,null,true,null,null
682dd66f-823a-4c80-9b5a-4c8a1c7bd4ca,26849e30-a026-45ae-814f-af82f129a74a,5d73f3d3-b6c5-4368-b753-1dcf38c16102,2025-12-08,5,work,manual,null,null,null,null,fb8513ee-5592-4bc4-8c2f-b7cf42c38dfb,2026-03-22 18:07:28.237+00,null,true,2026-03-22 18:07:29.00114+00,2026-03-22 18:07:28.237+00,a8cc3434-63a4-4833-b06c-50febc2d1ac9,null,true,null,null
775e27bb-1139-4163-ab98-766cea59d4ff,1edb3a61-b1d4-4889-a89f-b43401ccf5a2,5d73f3d3-b6c5-4368-b753-1dcf38c16102,2025-12-08,9,work,manual,null,null,null,null,fb8513ee-5592-4bc4-8c2f-b7cf42c38dfb,2026-03-22 18:19:41.862+00,null,true,2026-03-22 18:19:43.043944+00,2026-03-22 18:19:41.862+00,17aad58a-011b-4106-a4ce-5cc55a7daaf0,null,true,null,null
40100156-173f-4460-b386-acc9bb846c38,07f24df6-84e1-4eb7-91d2-41d2b5e5936a,5d73f3d3-b6c5-4368-b753-1dcf38c16102,2025-12-08,4,work,manual,null,null,null,null,fb8513ee-5592-4bc4-8c2f-b7cf42c38dfb,2026-03-22 18:32:58.803+00,null,true,2026-03-22 18:33:00.120292+00,2026-03-22 18:32:58.803+00,27b8a431-e9a2-45fc-a9c6-6faa895022be,null,true,null,null
2f239fc3-7477-4c53-bd5e-59642a545b5d,15e5f959-410f-489c-b055-7591d6922751,cada9ea4-45a5-42d4-981e-3a6ac60efa62,2025-12-08,8,work,manual,null,null,null,null,fb8513ee-5592-4bc4-8c2f-b7cf42c38dfb,2026-03-24 09:15:31.484+00,null,true,2026-03-24 09:15:32.47272+00,2026-03-24 09:15:31.484+00,c63b62e4-529c-450e-985f-a3d7c7723f99,null,true,null,null
f1bc0aee-1360-4741-be6e-4358468ebe46,6c868fe7-61fe-48bd-8f6c-1095a81cec04,9cdec770-8078-4426-a220-4520032e2acf,2025-12-09,8,work,manual,null,null,null,null,d800f7c1-d56f-420e-b301-2826c837343a,2026-03-02 11:52:53.707+00,null,false,2026-03-02 11:52:55.604133+00,2026-03-02 11:52:56.098649+00,null,null,false,null,null
ce7e3528-ac01-4439-8df2-8da96d8722de,6c868fe7-61fe-48bd-8f6c-1095a81cec04,9cdec770-8078-4426-a220-4520032e2acf,2025-12-09,8,work,manual,null,null,null,null,d800f7c1-d56f-420e-b301-2826c837343a,2026-03-02 11:52:55.816+00,null,false,2026-03-02 11:52:57.16807+00,2026-03-02 11:54:07.812113+00,null,null,false,null,null
62693ae7-5eaa-4674-bb33-17dc4dcfba0d,fa740b69-3551-4730-a26d-f44aac5b3f56,9cdec770-8078-4426-a220-4520032e2acf,2025-12-09,6,work,manual,null,null,null,null,d800f7c1-d56f-420e-b301-2826c837343a,2026-03-02 12:03:34.975+00,null,false,2026-03-02 12:03:35.533766+00,2026-03-02 12:26:29.822351+00,013cb68d-bbe2-45fe-b796-cfb2a51a9097,null,true,null,null
48b2d6d9-4ab3-4ce7-a4ca-5d5a0060105d,fa740b69-3551-4730-a26d-f44aac5b3f56,9cdec770-8078-4426-a220-4520032e2acf,2025-12-09,6,work,manual,null,null,null,null,d2c2a722-94c8-49d0-87e7-755c95bba02d,2026-03-02 21:15:15.514+00,null,true,2026-03-02 12:26:30.518543+00,2026-03-02 21:15:16.626899+00,013cb68d-bbe2-45fe-b796-cfb2a51a9097,null,true,null,null
ead95e4e-6200-4f5d-a99a-3659cbc7faf1,6c868fe7-61fe-48bd-8f6c-1095a81cec04,9cdec770-8078-4426-a220-4520032e2acf,2025-12-09,8,work,manual,null,null,null,null,d800f7c1-d56f-420e-b301-2826c837343a,2026-03-02 20:51:53.693+00,null,true,2026-03-02 20:51:54.504619+00,2026-03-02 20:51:53.693+00,null,null,false,null,null
6e569bdf-c4f5-4c91-bc16-dbe1e4c51361,26849e30-a026-45ae-814f-af82f129a74a,5d73f3d3-b6c5-4368-b753-1dcf38c16102,2025-12-09,5,work,manual,null,null,null,null,fb8513ee-5592-4bc4-8c2f-b7cf42c38dfb,2026-03-22 18:07:28.237+00,null,true,2026-03-22 18:07:29.104241+00,2026-03-22 18:07:28.237+00,a8cc3434-63a4-4833-b06c-50febc2d1ac9,null,true,null,null
0a436c7c-d56b-4b97-8308-b3703d809245,1edb3a61-b1d4-4889-a89f-b43401ccf5a2,5d73f3d3-b6c5-4368-b753-1dcf38c16102,2025-12-09,9,work,manual,null,null,null,null,fb8513ee-5592-4bc4-8c2f-b7cf42c38dfb,2026-03-22 18:19:41.862+00,null,true,2026-03-22 18:19:43.146611+00,2026-03-22 18:19:41.862+00,17aad58a-011b-4106-a4ce-5cc55a7daaf0,null,true,null,null
efa3c8a6-8d90-4c74-b72b-819e0a81ef70,07f24df6-84e1-4eb7-91d2-41d2b5e5936a,5d73f3d3-b6c5-4368-b753-1dcf38c16102,2025-12-09,4,work,manual,null,null,null,null,fb8513ee-5592-4bc4-8c2f-b7cf42c38dfb,2026-03-22 18:32:58.803+00,null,true,2026-03-22 18:33:00.244157+00,2026-03-22 18:32:58.803+00,27b8a431-e9a2-45fc-a9c6-6faa895022be,null,true,null,null
c4c0c48c-5776-4b17-9e7d-ca6ae9b3c75c,15e5f959-410f-489c-b055-7591d6922751,cada9ea4-45a5-42d4-981e-3a6ac60efa62,2025-12-09,8,work,manual,null,null,null,null,fb8513ee-5592-4bc4-8c2f-b7cf42c38dfb,2026-03-24 09:15:31.484+00,null,true,2026-03-24 09:15:32.580053+00,2026-03-24 09:15:31.484+00,c63b62e4-529c-450e-985f-a3d7c7723f99,null,true,null,null
52a67e85-c9f5-4886-a9d5-ccd5b914e553,6c868fe7-61fe-48bd-8f6c-1095a81cec04,9cdec770-8078-4426-a220-4520032e2acf,2025-12-10,8,work,manual,null,null,null,null,d800f7c1-d56f-420e-b301-2826c837343a,2026-03-02 11:52:53.707+00,null,false,2026-03-02 11:52:55.678825+00,2026-03-02 11:52:56.098649+00,null,null,false,null,null
dbc2120d-ea17-44a8-9068-bdc350c79cd9,6c868fe7-61fe-48bd-8f6c-1095a81cec04,9cdec770-8078-4426-a220-4520032e2acf,2025-12-10,8,work,manual,null,null,null,null,d800f7c1-d56f-420e-b301-2826c837343a,2026-03-02 11:52:55.816+00,null,false,2026-03-02 11:52:57.237904+00,2026-03-02 11:54:07.812113+00,null,null,false,null,null
f66c3b9c-0fea-4f6e-91c0-d15026805d6f,fa740b69-3551-4730-a26d-f44aac5b3f56,9cdec770-8078-4426-a220-4520032e2acf,2025-12-10,6,work,manual,null,null,null,null,d800f7c1-d56f-420e-b301-2826c837343a,2026-03-02 12:03:34.975+00,null,false,2026-03-02 12:03:35.580311+00,2026-03-02 12:26:29.822351+00,013cb68d-bbe2-45fe-b796-cfb2a51a9097,null,true,null,null
05ff3d77-1c5e-4216-bf47-cfb5e8e5c304,fa740b69-3551-4730-a26d-f44aac5b3f56,9cdec770-8078-4426-a220-4520032e2acf,2025-12-10,6,work,manual,null,null,null,null,d2c2a722-94c8-49d0-87e7-755c95bba02d,2026-03-02 21:15:15.514+00,null,true,2026-03-02 12:26:30.577878+00,2026-03-02 21:15:16.708751+00,013cb68d-bbe2-45fe-b796-cfb2a51a9097,null,true,null,null
52d8f394-fac8-4304-8b45-e42712082a9d,6c868fe7-61fe-48bd-8f6c-1095a81cec04,9cdec770-8078-4426-a220-4520032e2acf,2025-12-10,8,work,manual,null,null,null,null,d800f7c1-d56f-420e-b301-2826c837343a,2026-03-02 20:51:53.693+00,null,true,2026-03-02 20:51:54.560918+00,2026-03-02 20:51:53.693+00,null,null,false,null,null
eb053485-83cd-410d-9cde-d1cd55ed1bcd,26849e30-a026-45ae-814f-af82f129a74a,5d73f3d3-b6c5-4368-b753-1dcf38c16102,2025-12-10,5,work,manual,null,null,null,null,fb8513ee-5592-4bc4-8c2f-b7cf42c38dfb,2026-03-22 18:07:28.237+00,null,true,2026-03-22 18:07:29.198887+00,2026-03-22 18:07:28.237+00,a8cc3434-63a4-4833-b06c-50febc2d1ac9,null,true,null,null
22c67679-0a5f-4e15-a968-7963fe366497,1edb3a61-b1d4-4889-a89f-b43401ccf5a2,5d73f3d3-b6c5-4368-b753-1dcf38c16102,2025-12-10,9,work,manual,null,null,null,null,fb8513ee-5592-4bc4-8c2f-b7cf42c38dfb,2026-03-22 18:19:41.862+00,null,true,2026-03-22 18:19:43.283261+00,2026-03-22 18:19:41.862+00,17aad58a-011b-4106-a4ce-5cc55a7daaf0,null,true,null,null
cc1ab1aa-a375-4b5d-82d0-ee0a5fcbd53c,07f24df6-84e1-4eb7-91d2-41d2b5e5936a,5d73f3d3-b6c5-4368-b753-1dcf38c16102,2025-12-10,4,work,manual,null,null,null,null,fb8513ee-5592-4bc4-8c2f-b7cf42c38dfb,2026-03-22 18:32:58.803+00,null,true,2026-03-22 18:33:00.35302+00,2026-03-22 18:32:58.803+00,27b8a431-e9a2-45fc-a9c6-6faa895022be,null,true,null,null
8fb56a1e-0231-46d6-899b-e4263e17d903,15e5f959-410f-489c-b055-7591d6922751,cada9ea4-45a5-42d4-981e-3a6ac60efa62,2025-12-10,8,work,manual,null,null,null,null,fb8513ee-5592-4bc4-8c2f-b7cf42c38dfb,2026-03-24 09:15:31.484+00,null,true,2026-03-24 09:15:32.68734+00,2026-03-24 09:15:31.484+00,c63b62e4-529c-450e-985f-a3d7c7723f99,null,true,null,null
b1491be9-4677-40cf-ac71-9cf22d9d476f,6c868fe7-61fe-48bd-8f6c-1095a81cec04,9cdec770-8078-4426-a220-4520032e2acf,2025-12-11,8,work,manual,null,null,null,null,d800f7c1-d56f-420e-b301-2826c837343a,2026-03-02 11:52:53.707+00,null,false,2026-03-02 11:52:55.78237+00,2026-03-02 11:52:56.098649+00,null,null,false,null,null
221dde63-9443-441a-bd35-7880743f0432,6c868fe7-61fe-48bd-8f6c-1095a81cec04,9cdec770-8078-4426-a220-4520032e2acf,2025-12-11,8,work,manual,null,null,null,null,d800f7c1-d56f-420e-b301-2826c837343a,2026-03-02 11:52:55.816+00,null,false,2026-03-02 11:52:57.306282+00,2026-03-02 11:54:07.812113+00,null,null,false,null,null
2d745035-49fa-4fbb-b397-e64b4ea14747,fa740b69-3551-4730-a26d-f44aac5b3f56,9cdec770-8078-4426-a220-4520032e2acf,2025-12-11,6,work,manual,null,null,null,null,d800f7c1-d56f-420e-b301-2826c837343a,2026-03-02 12:03:34.975+00,null,false,2026-03-02 12:03:35.626126+00,2026-03-02 12:26:29.822351+00,013cb68d-bbe2-45fe-b796-cfb2a51a9097,null,true,null,null
0273f472-c682-4431-8875-0a3c1b195aed,fa740b69-3551-4730-a26d-f44aac5b3f56,9cdec770-8078-4426-a220-4520032e2acf,2025-12-11,6,work,manual,null,null,null,null,d2c2a722-94c8-49d0-87e7-755c95bba02d,2026-03-02 21:15:15.514+00,null,true,2026-03-02 12:26:30.630991+00,2026-03-02 21:15:16.792489+00,013cb68d-bbe2-45fe-b796-cfb2a51a9097,null,true,null,null
10993fce-589d-49b3-b1c1-06edde54bf93,6c868fe7-61fe-48bd-8f6c-1095a81cec04,9cdec770-8078-4426-a220-4520032e2acf,2025-12-11,8,work,manual,null,null,null,null,d800f7c1-d56f-420e-b301-2826c837343a,2026-03-02 20:51:53.693+00,null,true,2026-03-02 20:51:54.6128+00,2026-03-02 20:51:53.693+00,null,null,false,null,null
a19e2c86-c051-4541-bf45-91b383d653de,26849e30-a026-45ae-814f-af82f129a74a,5d73f3d3-b6c5-4368-b753-1dcf38c16102,2025-12-11,5,work,manual,null,null,null,null,fb8513ee-5592-4bc4-8c2f-b7cf42c38dfb,2026-03-22 18:07:28.237+00,null,true,2026-03-22 18:07:29.295824+00,2026-03-22 18:07:28.237+00,a8cc3434-63a4-4833-b06c-50febc2d1ac9,null,true,null,null
45413763-e71e-4616-b3e1-751a860389ff,1edb3a61-b1d4-4889-a89f-b43401ccf5a2,5d73f3d3-b6c5-4368-b753-1dcf38c16102,2025-12-11,9,work,manual,null,null,null,null,fb8513ee-5592-4bc4-8c2f-b7cf42c38dfb,2026-03-22 18:19:41.862+00,null,true,2026-03-22 18:19:43.429154+00,2026-03-22 18:19:41.862+00,17aad58a-011b-4106-a4ce-5cc55a7daaf0,null,true,null,null
f12c0f04-fcb4-4cd6-b908-add051936d87,15e5f959-410f-489c-b055-7591d6922751,cada9ea4-45a5-42d4-981e-3a6ac60efa62,2025-12-11,8,work,manual,null,null,null,null,fb8513ee-5592-4bc4-8c2f-b7cf42c38dfb,2026-03-24 09:15:31.484+00,null,true,2026-03-24 09:15:32.792202+00,2026-03-24 09:15:31.484+00,c63b62e4-529c-450e-985f-a3d7c7723f99,null,true,null,null
83ad4ff9-4b9f-4673-b873-f5427ad11f97,6c868fe7-61fe-48bd-8f6c-1095a81cec04,9cdec770-8078-4426-a220-4520032e2acf,2025-12-12,8,work,manual,null,null,null,null,d800f7c1-d56f-420e-b301-2826c837343a,2026-03-02 11:52:53.707+00,null,false,2026-03-02 11:52:55.8623+00,2026-03-02 11:52:56.098649+00,null,null,false,null,null
6001ab63-7353-45e7-8cf1-171bec10049f,6c868fe7-61fe-48bd-8f6c-1095a81cec04,9cdec770-8078-4426-a220-4520032e2acf,2025-12-12,8,work,manual,null,null,null,null,d800f7c1-d56f-420e-b301-2826c837343a,2026-03-02 11:52:55.816+00,null,false,2026-03-02 11:52:57.388958+00,2026-03-02 11:54:07.812113+00,null,null,false,null,null
bbcc5b95-e1e5-41aa-8345-64e6ba75b66e,fa740b69-3551-4730-a26d-f44aac5b3f56,9cdec770-8078-4426-a220-4520032e2acf,2025-12-12,6,work,manual,null,null,null,null,d800f7c1-d56f-420e-b301-2826c837343a,2026-03-02 12:03:34.975+00,null,false,2026-03-02 12:03:35.678439+00,2026-03-02 12:26:29.822351+00,013cb68d-bbe2-45fe-b796-cfb2a51a9097,null,true,null,null
6ee80c44-5d27-4f46-8101-93864a597f7c,fa740b69-3551-4730-a26d-f44aac5b3f56,9cdec770-8078-4426-a220-4520032e2acf,2025-12-12,6,work,manual,null,null,null,null,d2c2a722-94c8-49d0-87e7-755c95bba02d,2026-03-02 21:15:15.514+00,null,true,2026-03-02 12:26:30.686898+00,2026-03-02 21:15:16.874059+00,013cb68d-bbe2-45fe-b796-cfb2a51a9097,null,true,null,null
8feafb29-8372-41dd-89c1-693191089f6f,6c868fe7-61fe-48bd-8f6c-1095a81cec04,9cdec770-8078-4426-a220-4520032e2acf,2025-12-12,8,work,manual,null,null,null,null,d800f7c1-d56f-420e-b301-2826c837343a,2026-03-02 20:51:53.693+00,null,true,2026-03-02 20:51:54.665535+00,2026-03-02 20:51:53.693+00,null,null,false,null,null
422af8bb-abe4-4710-ac1d-9cd88aa1ce84,26849e30-a026-45ae-814f-af82f129a74a,5d73f3d3-b6c5-4368-b753-1dcf38c16102,2025-12-12,5,work,manual,null,null,null,null,fb8513ee-5592-4bc4-8c2f-b7cf42c38dfb,2026-03-22 18:07:28.237+00,null,true,2026-03-22 18:07:29.395924+00,2026-03-22 18:07:28.237+00,a8cc3434-63a4-4833-b06c-50febc2d1ac9,null,true,null,null
4e8ba6f0-bfdd-4ab4-8064-a5985ec63dd9,1edb3a61-b1d4-4889-a89f-b43401ccf5a2,5d73f3d3-b6c5-4368-b753-1dcf38c16102,2025-12-12,9,work,manual,null,null,null,null,fb8513ee-5592-4bc4-8c2f-b7cf42c38dfb,2026-03-22 18:19:41.862+00,null,true,2026-03-22 18:19:43.581412+00,2026-03-22 18:19:41.862+00,17aad58a-011b-4106-a4ce-5cc55a7daaf0,null,true,null,null
f6cad7b6-da80-44bc-803a-8015da02866d,15e5f959-410f-489c-b055-7591d6922751,cada9ea4-45a5-42d4-981e-3a6ac60efa62,2025-12-12,8,work,manual,null,null,null,null,fb8513ee-5592-4bc4-8c2f-b7cf42c38dfb,2026-03-24 09:15:31.484+00,null,true,2026-03-24 09:15:32.886339+00,2026-03-24 09:15:31.484+00,c63b62e4-529c-450e-985f-a3d7c7723f99,null,true,null,null
9f0b29c4-344d-421d-9af5-a3f8ac845ce8,6c868fe7-61fe-48bd-8f6c-1095a81cec04,9cdec770-8078-4426-a220-4520032e2acf,2025-12-15,8,work,manual,null,null,null,null,d800f7c1-d56f-420e-b301-2826c837343a,2026-03-02 11:52:53.707+00,null,false,2026-03-02 11:52:55.977269+00,2026-03-02 11:54:07.812113+00,null,null,false,null,null
35e9b58e-ca2d-4584-b46f-92a4d80a2c8a,6c868fe7-61fe-48bd-8f6c-1095a81cec04,9cdec770-8078-4426-a220-4520032e2acf,2025-12-15,8,work,manual,null,null,null,null,d800f7c1-d56f-420e-b301-2826c837343a,2026-03-02 11:52:55.816+00,null,false,2026-03-02 11:52:57.483755+00,2026-03-02 11:54:07.812113+00,null,null,false,null,null
3c8a0ef5-c146-485e-92f0-d69a34cecddc,fa740b69-3551-4730-a26d-f44aac5b3f56,9cdec770-8078-4426-a220-4520032e2acf,2025-12-15,6,work,manual,null,null,null,null,d800f7c1-d56f-420e-b301-2826c837343a,2026-03-02 12:03:34.975+00,null,false,2026-03-02 12:03:35.750635+00,2026-03-02 12:26:29.822351+00,013cb68d-bbe2-45fe-b796-cfb2a51a9097,null,true,null,null
e40be281-e86b-46d8-b624-d3bd66e05044,fa740b69-3551-4730-a26d-f44aac5b3f56,9cdec770-8078-4426-a220-4520032e2acf,2025-12-15,6,work,manual,null,null,null,null,d2c2a722-94c8-49d0-87e7-755c95bba02d,2026-03-02 21:15:15.514+00,null,true,2026-03-02 12:26:30.745394+00,2026-03-02 21:15:16.976367+00,013cb68d-bbe2-45fe-b796-cfb2a51a9097,null,true,null,null
e61f7ab2-9e2c-41d7-9514-1e68cd774186,6c868fe7-61fe-48bd-8f6c-1095a81cec04,9cdec770-8078-4426-a220-4520032e2acf,2025-12-15,8,work,manual,null,null,null,null,d800f7c1-d56f-420e-b301-2826c837343a,2026-03-02 20:51:53.693+00,null,true,2026-03-02 20:51:54.717077+00,2026-03-02 20:51:53.693+00,null,null,false,null,null
951bb3ed-c804-4fcf-a482-0ca9ada32e87,26849e30-a026-45ae-814f-af82f129a74a,5d73f3d3-b6c5-4368-b753-1dcf38c16102,2025-12-15,5,work,manual,null,null,null,null,fb8513ee-5592-4bc4-8c2f-b7cf42c38dfb,2026-03-22 18:07:28.237+00,null,true,2026-03-22 18:07:29.493552+00,2026-03-22 18:07:28.237+00,a8cc3434-63a4-4833-b06c-50febc2d1ac9,null,true,null,null
c10db183-860d-4b49-a766-6d18bb56c2e3,1edb3a61-b1d4-4889-a89f-b43401ccf5a2,5d73f3d3-b6c5-4368-b753-1dcf38c16102,2025-12-15,9,work,manual,null,null,null,null,fb8513ee-5592-4bc4-8c2f-b7cf42c38dfb,2026-03-22 18:19:41.862+00,null,true,2026-03-22 18:19:43.732908+00,2026-03-22 18:19:41.862+00,17aad58a-011b-4106-a4ce-5cc55a7daaf0,null,true,null,null
aeeac8e4-d6f1-4838-bdc4-fb409ddcb849,07f24df6-84e1-4eb7-91d2-41d2b5e5936a,5d73f3d3-b6c5-4368-b753-1dcf38c16102,2025-12-15,7.6,work,manual,null,null,null,null,fb8513ee-5592-4bc4-8c2f-b7cf42c38dfb,2026-03-22 18:32:58.803+00,null,true,2026-03-22 18:33:00.47414+00,2026-03-22 18:32:58.803+00,null,U,false,null,null
ee858329-352d-466c-b3a9-67bc6bd3f940,15e5f959-410f-489c-b055-7591d6922751,cada9ea4-45a5-42d4-981e-3a6ac60efa62,2025-12-15,8,work,manual,null,null,null,null,fb8513ee-5592-4bc4-8c2f-b7cf42c38dfb,2026-03-24 09:15:31.484+00,null,true,2026-03-24 09:15:32.990688+00,2026-03-24 09:15:31.484+00,c63b62e4-529c-450e-985f-a3d7c7723f99,null,true,null,null
276eff83-f68c-46ac-bc31-d84db2ea568d,6c868fe7-61fe-48bd-8f6c-1095a81cec04,9cdec770-8078-4426-a220-4520032e2acf,2025-12-16,8,work,manual,null,null,null,null,d800f7c1-d56f-420e-b301-2826c837343a,2026-03-02 11:52:53.707+00,null,false,2026-03-02 11:52:56.064126+00,2026-03-02 11:54:07.812113+00,null,null,false,null,null
1df53eb7-9829-4573-9987-49d40e6ce913,6c868fe7-61fe-48bd-8f6c-1095a81cec04,9cdec770-8078-4426-a220-4520032e2acf,2025-12-16,8,work,manual,null,null,null,null,d800f7c1-d56f-420e-b301-2826c837343a,2026-03-02 11:52:55.816+00,null,false,2026-03-02 11:52:57.582173+00,2026-03-02 11:54:07.812113+00,null,null,false,null,null
d5282d28-f616-4964-8746-5b43d4e624d7,fa740b69-3551-4730-a26d-f44aac5b3f56,9cdec770-8078-4426-a220-4520032e2acf,2025-12-16,6,work,manual,null,null,null,null,d800f7c1-d56f-420e-b301-2826c837343a,2026-03-02 12:03:34.975+00,null,false,2026-03-02 12:03:35.800362+00,2026-03-02 12:26:29.822351+00,013cb68d-bbe2-45fe-b796-cfb2a51a9097,null,true,null,null
e9aa2e43-fd5b-4ffb-87f0-2f46bb129625,fa740b69-3551-4730-a26d-f44aac5b3f56,9cdec770-8078-4426-a220-4520032e2acf,2025-12-16,6,work,manual,null,null,null,null,d2c2a722-94c8-49d0-87e7-755c95bba02d,2026-03-02 21:15:15.514+00,null,true,2026-03-02 12:26:30.795042+00,2026-03-02 21:15:17.055142+00,013cb68d-bbe2-45fe-b796-cfb2a51a9097,null,true,null,null
904e0647-5105-4710-ae37-3e2121ad3d93,6c868fe7-61fe-48bd-8f6c-1095a81cec04,9cdec770-8078-4426-a220-4520032e2acf,2025-12-16,8,work,manual,null,null,null,null,d800f7c1-d56f-420e-b301-2826c837343a,2026-03-02 20:51:53.693+00,null,true,2026-03-02 20:51:54.766286+00,2026-03-02 20:51:53.693+00,null,null,false,null,null
854f0214-dc93-488a-aa36-e6e03de8a461,26849e30-a026-45ae-814f-af82f129a74a,5d73f3d3-b6c5-4368-b753-1dcf38c16102,2025-12-16,5,work,manual,null,null,null,null,fb8513ee-5592-4bc4-8c2f-b7cf42c38dfb,2026-03-22 18:07:28.237+00,null,true,2026-03-22 18:07:29.591643+00,2026-03-22 18:07:28.237+00,a8cc3434-63a4-4833-b06c-50febc2d1ac9,null,true,null,null
490d9e68-d9cf-4485-8ca1-0ab6fec881b5,1edb3a61-b1d4-4889-a89f-b43401ccf5a2,5d73f3d3-b6c5-4368-b753-1dcf38c16102,2025-12-16,9,work,manual,null,null,null,null,fb8513ee-5592-4bc4-8c2f-b7cf42c38dfb,2026-03-22 18:19:41.862+00,null,true,2026-03-22 18:19:43.935231+00,2026-03-22 18:19:41.862+00,17aad58a-011b-4106-a4ce-5cc55a7daaf0,null,true,null,null
5869dbce-0a35-491e-addc-6bc73c43a3ff,07f24df6-84e1-4eb7-91d2-41d2b5e5936a,5d73f3d3-b6c5-4368-b753-1dcf38c16102,2025-12-16,4,work,manual,null,null,null,null,fb8513ee-5592-4bc4-8c2f-b7cf42c38dfb,2026-03-22 18:32:58.803+00,null,true,2026-03-22 18:33:00.597822+00,2026-03-22 18:32:58.803+00,27b8a431-e9a2-45fc-a9c6-6faa895022be,null,true,null,null
4d7c56b4-4b0c-4a07-9996-94ba1728a065,15e5f959-410f-489c-b055-7591d6922751,cada9ea4-45a5-42d4-981e-3a6ac60efa62,2025-12-16,8,work,manual,null,null,null,null,fb8513ee-5592-4bc4-8c2f-b7cf42c38dfb,2026-03-24 09:15:31.484+00,null,true,2026-03-24 09:15:33.089396+00,2026-03-24 09:15:31.484+00,c63b62e4-529c-450e-985f-a3d7c7723f99,null,true,null,null
a996e293-c5ed-4911-966e-e06e58a2de95,6c868fe7-61fe-48bd-8f6c-1095a81cec04,9cdec770-8078-4426-a220-4520032e2acf,2025-12-17,8,work,manual,null,null,null,null,d800f7c1-d56f-420e-b301-2826c837343a,2026-03-02 11:52:53.707+00,null,false,2026-03-02 11:52:56.146842+00,2026-03-02 11:54:07.812113+00,null,null,false,null,null
ac730ba6-d0b5-4f27-9a07-c4b5747a825e,6c868fe7-61fe-48bd-8f6c-1095a81cec04,9cdec770-8078-4426-a220-4520032e2acf,2025-12-17,8,work,manual,null,null,null,null,d800f7c1-d56f-420e-b301-2826c837343a,2026-03-02 11:52:55.816+00,null,false,2026-03-02 11:52:57.650821+00,2026-03-02 11:54:07.812113+00,null,null,false,null,null
a85c876e-fe8c-41d7-875e-9e170d95dd8c,fa740b69-3551-4730-a26d-f44aac5b3f56,9cdec770-8078-4426-a220-4520032e2acf,2025-12-17,6,work,manual,null,null,null,null,d800f7c1-d56f-420e-b301-2826c837343a,2026-03-02 12:03:34.975+00,null,false,2026-03-02 12:03:35.856695+00,2026-03-02 12:26:29.822351+00,013cb68d-bbe2-45fe-b796-cfb2a51a9097,null,true,null,null
6c364134-c592-4796-aa1a-ee2c45868db7,fa740b69-3551-4730-a26d-f44aac5b3f56,9cdec770-8078-4426-a220-4520032e2acf,2025-12-17,6,work,manual,null,null,null,null,d2c2a722-94c8-49d0-87e7-755c95bba02d,2026-03-02 21:15:15.514+00,null,true,2026-03-02 12:26:30.847731+00,2026-03-02 21:15:17.135632+00,013cb68d-bbe2-45fe-b796-cfb2a51a9097,null,true,null,null
c223a4f5-4bca-46b5-9230-3a0ae111f3d6,6c868fe7-61fe-48bd-8f6c-1095a81cec04,9cdec770-8078-4426-a220-4520032e2acf,2025-12-17,8,work,manual,null,null,null,null,d800f7c1-d56f-420e-b301-2826c837343a,2026-03-02 20:51:53.693+00,null,true,2026-03-02 20:51:54.814382+00,2026-03-02 20:51:53.693+00,null,null,false,null,null
020c7697-0871-4dc5-8b74-e1dbc9bb08b7,26849e30-a026-45ae-814f-af82f129a74a,5d73f3d3-b6c5-4368-b753-1dcf38c16102,2025-12-17,5,work,manual,null,null,null,null,fb8513ee-5592-4bc4-8c2f-b7cf42c38dfb,2026-03-22 18:07:28.237+00,null,true,2026-03-22 18:07:29.695843+00,2026-03-22 18:07:28.237+00,a8cc3434-63a4-4833-b06c-50febc2d1ac9,null,true,null,null
46e6ff16-1fab-4d3f-b118-36fa7c7ed1b9,1edb3a61-b1d4-4889-a89f-b43401ccf5a2,5d73f3d3-b6c5-4368-b753-1dcf38c16102,2025-12-17,9,work,manual,null,null,null,null,fb8513ee-5592-4bc4-8c2f-b7cf42c38dfb,2026-03-22 18:19:41.862+00,null,true,2026-03-22 18:19:44.087296+00,2026-03-22 18:19:41.862+00,17aad58a-011b-4106-a4ce-5cc55a7daaf0,null,true,null,null
c830a002-1856-4664-b530-3661a47fcdce,07f24df6-84e1-4eb7-91d2-41d2b5e5936a,5d73f3d3-b6c5-4368-b753-1dcf38c16102,2025-12-17,4,work,manual,null,null,null,null,fb8513ee-5592-4bc4-8c2f-b7cf42c38dfb,2026-03-22 18:32:58.803+00,null,true,2026-03-22 18:33:00.719517+00,2026-03-22 18:32:58.803+00,27b8a431-e9a2-45fc-a9c6-6faa895022be,null,true,null,null
7457ebf3-898c-437b-a501-d1b7c6c713c5,15e5f959-410f-489c-b055-7591d6922751,cada9ea4-45a5-42d4-981e-3a6ac60efa62,2025-12-17,8,work,manual,null,null,null,null,fb8513ee-5592-4bc4-8c2f-b7cf42c38dfb,2026-03-24 09:15:31.484+00,null,true,2026-03-24 09:15:33.198418+00,2026-03-24 09:15:31.484+00,c63b62e4-529c-450e-985f-a3d7c7723f99,null,true,null,null
0f0c1afc-f4aa-428b-9563-9c3eaad1d2bf,6c868fe7-61fe-48bd-8f6c-1095a81cec04,9cdec770-8078-4426-a220-4520032e2acf,2025-12-18,8,work,manual,null,null,null,null,d800f7c1-d56f-420e-b301-2826c837343a,2026-03-02 11:52:53.707+00,null,false,2026-03-02 11:52:56.219918+00,2026-03-02 11:54:07.812113+00,null,null,false,null,null
978787b6-813f-4bb5-bdb2-ce502e6f1155,6c868fe7-61fe-48bd-8f6c-1095a81cec04,9cdec770-8078-4426-a220-4520032e2acf,2025-12-18,8,work,manual,null,null,null,null,d800f7c1-d56f-420e-b301-2826c837343a,2026-03-02 11:52:55.816+00,null,false,2026-03-02 11:52:57.731878+00,2026-03-02 11:54:07.812113+00,null,null,false,null,null
07f6e504-6484-4067-8e8b-5b7d3d19dfa2,fa740b69-3551-4730-a26d-f44aac5b3f56,9cdec770-8078-4426-a220-4520032e2acf,2025-12-18,6,work,manual,null,null,null,null,d800f7c1-d56f-420e-b301-2826c837343a,2026-03-02 12:03:34.975+00,null,false,2026-03-02 12:03:35.904583+00,2026-03-02 12:26:29.822351+00,013cb68d-bbe2-45fe-b796-cfb2a51a9097,null,true,null,null
a7c3f824-a956-4da0-ad5c-b5ad7bbcc3cc,fa740b69-3551-4730-a26d-f44aac5b3f56,9cdec770-8078-4426-a220-4520032e2acf,2025-12-18,6,work,manual,null,null,null,null,d2c2a722-94c8-49d0-87e7-755c95bba02d,2026-03-02 21:15:15.514+00,null,true,2026-03-02 12:26:30.904408+00,2026-03-02 21:15:17.211813+00,013cb68d-bbe2-45fe-b796-cfb2a51a9097,null,true,null,null
3427ec7d-3d4d-47c9-9a1c-830a9ecee62e,6c868fe7-61fe-48bd-8f6c-1095a81cec04,9cdec770-8078-4426-a220-4520032e2acf,2025-12-18,8,work,manual,null,null,null,null,d800f7c1-d56f-420e-b301-2826c837343a,2026-03-02 20:51:53.693+00,null,true,2026-03-02 20:51:54.864618+00,2026-03-02 20:51:53.693+00,null,null,false,null,null
16e80eae-6c7b-49ca-8b5a-fb08f5b75337,26849e30-a026-45ae-814f-af82f129a74a,5d73f3d3-b6c5-4368-b753-1dcf38c16102,2025-12-18,7.6,work,manual,null,null,null,null,fb8513ee-5592-4bc4-8c2f-b7cf42c38dfb,2026-03-22 18:07:28.237+00,null,true,2026-03-22 18:07:29.798581+00,2026-03-22 18:07:28.237+00,null,U,false,null,null
af36192f-f22b-452b-81d8-f125b0093856,1edb3a61-b1d4-4889-a89f-b43401ccf5a2,5d73f3d3-b6c5-4368-b753-1dcf38c16102,2025-12-18,7.6,work,manual,null,null,null,null,fb8513ee-5592-4bc4-8c2f-b7cf42c38dfb,2026-03-22 18:19:41.862+00,null,true,2026-03-22 18:19:44.311603+00,2026-03-22 18:19:41.862+00,null,U,false,null,null
d029eb19-26a6-43c6-92f6-b652cafe8308,07f24df6-84e1-4eb7-91d2-41d2b5e5936a,5d73f3d3-b6c5-4368-b753-1dcf38c16102,2025-12-18,7.6,work,manual,null,null,null,null,fb8513ee-5592-4bc4-8c2f-b7cf42c38dfb,2026-03-22 18:32:58.803+00,null,true,2026-03-22 18:33:00.862149+00,2026-03-22 18:32:58.803+00,null,U,false,null,null
0c377914-708f-4aaa-af18-429192312cc3,15e5f959-410f-489c-b055-7591d6922751,cada9ea4-45a5-42d4-981e-3a6ac60efa62,2025-12-18,8,work,manual,null,null,null,null,fb8513ee-5592-4bc4-8c2f-b7cf42c38dfb,2026-03-24 09:15:31.484+00,null,true,2026-03-24 09:15:33.308527+00,2026-03-24 09:15:31.484+00,c63b62e4-529c-450e-985f-a3d7c7723f99,null,true,null,null
4dbeed14-6892-4d7b-898f-5e8ef0ce825d,6c868fe7-61fe-48bd-8f6c-1095a81cec04,9cdec770-8078-4426-a220-4520032e2acf,2025-12-19,8,work,manual,null,null,null,null,d800f7c1-d56f-420e-b301-2826c837343a,2026-03-02 11:52:53.707+00,null,false,2026-03-02 11:52:56.304425+00,2026-03-02 11:54:07.812113+00,null,null,false,null,null
752c3f0a-1f77-496d-b861-7ecd8cb29e72,6c868fe7-61fe-48bd-8f6c-1095a81cec04,9cdec770-8078-4426-a220-4520032e2acf,2025-12-19,8,work,manual,null,null,null,null,d800f7c1-d56f-420e-b301-2826c837343a,2026-03-02 11:52:55.816+00,null,false,2026-03-02 11:52:57.812907+00,2026-03-02 11:54:07.812113+00,null,null,false,null,null
20a307ed-2b8f-4908-b4a3-ee3e91721440,fa740b69-3551-4730-a26d-f44aac5b3f56,9cdec770-8078-4426-a220-4520032e2acf,2025-12-19,6,work,manual,null,null,null,null,d800f7c1-d56f-420e-b301-2826c837343a,2026-03-02 12:03:34.975+00,null,false,2026-03-02 12:03:35.950231+00,2026-03-02 12:26:29.822351+00,013cb68d-bbe2-45fe-b796-cfb2a51a9097,null,true,null,null
ea380aa3-ef44-4002-9b0e-bee623b33f28,fa740b69-3551-4730-a26d-f44aac5b3f56,9cdec770-8078-4426-a220-4520032e2acf,2025-12-19,6,work,manual,null,null,null,null,d2c2a722-94c8-49d0-87e7-755c95bba02d,2026-03-02 21:15:15.514+00,null,true,2026-03-02 12:26:30.964329+00,2026-03-02 21:15:17.286465+00,013cb68d-bbe2-45fe-b796-cfb2a51a9097,null,true,null,null
045404f4-ead5-476e-ba1b-734a1553696b,6c868fe7-61fe-48bd-8f6c-1095a81cec04,9cdec770-8078-4426-a220-4520032e2acf,2025-12-19,8,work,manual,null,null,null,null,d800f7c1-d56f-420e-b301-2826c837343a,2026-03-02 20:51:53.693+00,null,true,2026-03-02 20:51:54.92188+00,2026-03-02 20:51:53.693+00,null,null,false,null,null
15d4c4b0-4abe-4bf1-857c-29e50f6bdbf0,26849e30-a026-45ae-814f-af82f129a74a,5d73f3d3-b6c5-4368-b753-1dcf38c16102,2025-12-19,7.6,work,manual,null,null,null,null,fb8513ee-5592-4bc4-8c2f-b7cf42c38dfb,2026-03-22 18:07:28.237+00,null,true,2026-03-22 18:07:29.902605+00,2026-03-22 18:07:28.237+00,null,U,false,null,null
02aafb0b-9012-402c-b202-fbe8e36f31f9,1edb3a61-b1d4-4889-a89f-b43401ccf5a2,5d73f3d3-b6c5-4368-b753-1dcf38c16102,2025-12-19,7.6,work,manual,null,null,null,null,fb8513ee-5592-4bc4-8c2f-b7cf42c38dfb,2026-03-22 18:19:41.862+00,null,true,2026-03-22 18:19:44.445831+00,2026-03-22 18:19:41.862+00,null,U,false,null,null
5a060c4b-f1ea-4c55-b08c-dd880608cb6f,07f24df6-84e1-4eb7-91d2-41d2b5e5936a,5d73f3d3-b6c5-4368-b753-1dcf38c16102,2025-12-19,7.6,work,manual,null,null,null,null,fb8513ee-5592-4bc4-8c2f-b7cf42c38dfb,2026-03-22 18:32:58.803+00,null,true,2026-03-22 18:33:01.028042+00,2026-03-22 18:32:58.803+00,null,U,false,null,null
ac4bd76c-2856-4110-877c-6e8e2dc6f814,15e5f959-410f-489c-b055-7591d6922751,cada9ea4-45a5-42d4-981e-3a6ac60efa62,2025-12-19,8,work,manual,null,null,null,null,fb8513ee-5592-4bc4-8c2f-b7cf42c38dfb,2026-03-24 09:15:31.484+00,null,true,2026-03-24 09:15:33.426905+00,2026-03-24 09:15:31.484+00,null,U,false,null,null
52f15036-f235-4b4b-b04e-15d4682eaef9,6c868fe7-61fe-48bd-8f6c-1095a81cec04,9cdec770-8078-4426-a220-4520032e2acf,2025-12-22,8,work,manual,null,null,null,null,d800f7c1-d56f-420e-b301-2826c837343a,2026-03-02 11:52:53.707+00,null,false,2026-03-02 11:52:56.390738+00,2026-03-02 11:54:07.812113+00,null,null,false,null,null
2b53ff5d-0094-46ba-8d5b-7748a3b33a43,6c868fe7-61fe-48bd-8f6c-1095a81cec04,9cdec770-8078-4426-a220-4520032e2acf,2025-12-22,8,work,manual,null,null,null,null,d800f7c1-d56f-420e-b301-2826c837343a,2026-03-02 11:52:55.816+00,null,false,2026-03-02 11:52:57.878429+00,2026-03-02 11:54:07.812113+00,null,null,false,null,null
df68bad2-9845-4f5f-8add-cfcf5ab75d9f,fa740b69-3551-4730-a26d-f44aac5b3f56,9cdec770-8078-4426-a220-4520032e2acf,2025-12-22,8,work,manual,null,null,null,null,d800f7c1-d56f-420e-b301-2826c837343a,2026-03-02 12:03:34.975+00,null,false,2026-03-02 12:03:35.994528+00,2026-03-02 12:26:29.822351+00,null,U,false,null,null
a99ca7d7-16bf-490f-a189-408517be8b08,fa740b69-3551-4730-a26d-f44aac5b3f56,9cdec770-8078-4426-a220-4520032e2acf,2025-12-22,8,work,manual,null,null,null,null,d2c2a722-94c8-49d0-87e7-755c95bba02d,2026-03-02 21:15:15.514+00,null,true,2026-03-02 12:26:31.020292+00,2026-03-02 21:15:16.031822+00,null,U,false,null,null
caabab75-6e38-4525-9f8d-dcfb4d3cf727,6c868fe7-61fe-48bd-8f6c-1095a81cec04,9cdec770-8078-4426-a220-4520032e2acf,2025-12-22,8,work,manual,null,null,null,null,d800f7c1-d56f-420e-b301-2826c837343a,2026-03-02 20:51:53.693+00,null,true,2026-03-02 20:51:54.984021+00,2026-03-02 20:51:53.693+00,null,null,false,null,null
63510e4a-3154-4171-ab89-c0c786cc352e,26849e30-a026-45ae-814f-af82f129a74a,5d73f3d3-b6c5-4368-b753-1dcf38c16102,2025-12-22,7.6,work,manual,null,null,null,null,fb8513ee-5592-4bc4-8c2f-b7cf42c38dfb,2026-03-22 18:07:28.237+00,null,true,2026-03-22 18:07:30.009161+00,2026-03-22 18:07:28.237+00,null,U,false,null,null
1878a22e-22a9-4b8b-b99f-b58e068e4bce,1edb3a61-b1d4-4889-a89f-b43401ccf5a2,5d73f3d3-b6c5-4368-b753-1dcf38c16102,2025-12-22,7.6,work,manual,null,null,null,null,fb8513ee-5592-4bc4-8c2f-b7cf42c38dfb,2026-03-22 18:19:41.862+00,null,true,2026-03-22 18:19:44.596842+00,2026-03-22 18:19:41.862+00,null,U,false,null,null
7b932153-239c-4fdc-af69-8db3fd3a07de,07f24df6-84e1-4eb7-91d2-41d2b5e5936a,5d73f3d3-b6c5-4368-b753-1dcf38c16102,2025-12-22,7.6,work,manual,null,null,null,null,fb8513ee-5592-4bc4-8c2f-b7cf42c38dfb,2026-03-22 18:32:58.803+00,null,true,2026-03-22 18:33:01.150446+00,2026-03-22 18:32:58.803+00,null,U,false,null,null
0ffb0aec-1ea6-4101-8955-330fb0a06935,15e5f959-410f-489c-b055-7591d6922751,cada9ea4-45a5-42d4-981e-3a6ac60efa62,2025-12-22,8,work,manual,null,null,null,null,fb8513ee-5592-4bc4-8c2f-b7cf42c38dfb,2026-03-24 09:15:31.484+00,null,true,2026-03-24 09:15:33.530361+00,2026-03-24 09:15:31.484+00,null,U,false,null,null
1ae33c3e-fc95-41d0-b234-42a4f4c17489,6c868fe7-61fe-48bd-8f6c-1095a81cec04,9cdec770-8078-4426-a220-4520032e2acf,2025-12-23,8,work,manual,null,null,null,null,d800f7c1-d56f-420e-b301-2826c837343a,2026-03-02 11:52:53.707+00,null,false,2026-03-02 11:52:56.470193+00,2026-03-02 11:54:07.812113+00,null,null,false,null,null
2c88ee72-9c8d-465a-bed5-a82be771cab6,6c868fe7-61fe-48bd-8f6c-1095a81cec04,9cdec770-8078-4426-a220-4520032e2acf,2025-12-23,8,work,manual,null,null,null,null,d800f7c1-d56f-420e-b301-2826c837343a,2026-03-02 11:52:55.816+00,null,false,2026-03-02 11:52:57.939555+00,2026-03-02 11:54:07.812113+00,null,null,false,null,null
09487aa8-e493-4d7c-b909-b25d02cbc1cc,fa740b69-3551-4730-a26d-f44aac5b3f56,9cdec770-8078-4426-a220-4520032e2acf,2025-12-23,8,work,manual,null,null,null,null,d800f7c1-d56f-420e-b301-2826c837343a,2026-03-02 12:03:34.975+00,null,false,2026-03-02 12:03:36.04008+00,2026-03-02 12:26:29.822351+00,null,U,false,null,null
0fec8566-d490-4313-b044-3e5392a70bf2,fa740b69-3551-4730-a26d-f44aac5b3f56,9cdec770-8078-4426-a220-4520032e2acf,2025-12-23,8,work,manual,null,null,null,null,d2c2a722-94c8-49d0-87e7-755c95bba02d,2026-03-02 21:15:15.514+00,null,true,2026-03-02 12:26:31.07482+00,2026-03-02 21:15:16.10928+00,null,U,false,null,null
61f43595-c204-4532-8555-600b32aeb0c3,6c868fe7-61fe-48bd-8f6c-1095a81cec04,9cdec770-8078-4426-a220-4520032e2acf,2025-12-23,8,work,manual,null,null,null,null,d800f7c1-d56f-420e-b301-2826c837343a,2026-03-02 20:51:53.693+00,null,true,2026-03-02 20:51:55.038744+00,2026-03-02 20:51:53.693+00,null,null,false,null,null
9f82fb99-76bd-4faa-bc02-7ae4020845b0,26849e30-a026-45ae-814f-af82f129a74a,5d73f3d3-b6c5-4368-b753-1dcf38c16102,2025-12-23,7.6,work,manual,null,null,null,null,fb8513ee-5592-4bc4-8c2f-b7cf42c38dfb,2026-03-22 18:07:28.237+00,null,true,2026-03-22 18:07:30.111201+00,2026-03-22 18:07:28.237+00,null,U,false,null,null
923c2c11-12a7-49b8-b092-0c9d01071e94,1edb3a61-b1d4-4889-a89f-b43401ccf5a2,5d73f3d3-b6c5-4368-b753-1dcf38c16102,2025-12-23,7.6,work,manual,null,null,null,null,fb8513ee-5592-4bc4-8c2f-b7cf42c38dfb,2026-03-22 18:19:41.862+00,null,true,2026-03-22 18:19:44.727314+00,2026-03-22 18:19:41.862+00,null,U,false,null,null
4cb6e32f-a8d2-4afc-852a-b31fe3e9a3ec,07f24df6-84e1-4eb7-91d2-41d2b5e5936a,5d73f3d3-b6c5-4368-b753-1dcf38c16102,2025-12-23,7.6,work,manual,null,null,null,null,fb8513ee-5592-4bc4-8c2f-b7cf42c38dfb,2026-03-22 18:32:58.803+00,null,true,2026-03-22 18:33:01.335248+00,2026-03-22 18:32:58.803+00,null,U,false,null,null
f0c68081-b5c3-4690-8430-00d51594f835,15e5f959-410f-489c-b055-7591d6922751,cada9ea4-45a5-42d4-981e-3a6ac60efa62,2025-12-23,8,work,manual,null,null,null,null,fb8513ee-5592-4bc4-8c2f-b7cf42c38dfb,2026-03-24 09:15:31.484+00,null,true,2026-03-24 09:15:33.639125+00,2026-03-24 09:15:31.484+00,null,U,false,null,null
9e3c59f4-a86f-48e0-beee-d42674e7a3ff,6c868fe7-61fe-48bd-8f6c-1095a81cec04,9cdec770-8078-4426-a220-4520032e2acf,2025-12-24,8,work,manual,null,null,null,null,d800f7c1-d56f-420e-b301-2826c837343a,2026-03-02 20:51:53.693+00,null,true,2026-03-02 11:47:02.872289+00,2026-03-02 20:51:54.322602+00,null,U,false,null,null
1838dfff-a58f-4514-a487-03f40ce611e7,fa740b69-3551-4730-a26d-f44aac5b3f56,9cdec770-8078-4426-a220-4520032e2acf,2025-12-24,8,work,manual,null,null,null,null,d800f7c1-d56f-420e-b301-2826c837343a,2026-03-02 12:03:34.975+00,null,false,2026-03-02 12:03:36.085493+00,2026-03-02 12:26:29.822351+00,null,S,false,null,null
4c4cb4da-ded4-4ee6-a03b-01c30e6232e9,fa740b69-3551-4730-a26d-f44aac5b3f56,9cdec770-8078-4426-a220-4520032e2acf,2025-12-24,8,work,manual,null,null,null,null,d2c2a722-94c8-49d0-87e7-755c95bba02d,2026-03-02 21:15:15.514+00,null,true,2026-03-02 12:26:31.125928+00,2026-03-02 21:15:16.190947+00,null,S,false,null,null
efe169ae-759e-4751-bab5-17b72064a1bc,26849e30-a026-45ae-814f-af82f129a74a,5d73f3d3-b6c5-4368-b753-1dcf38c16102,2025-12-24,7.6,work,manual,null,null,null,null,fb8513ee-5592-4bc4-8c2f-b7cf42c38dfb,2026-03-22 18:07:28.237+00,null,true,2026-03-22 18:07:30.209527+00,2026-03-22 18:07:28.237+00,null,U,false,null,null
7f845484-736d-4cfc-bc1d-705f613387e1,1edb3a61-b1d4-4889-a89f-b43401ccf5a2,5d73f3d3-b6c5-4368-b753-1dcf38c16102,2025-12-24,7.6,work,manual,null,null,null,null,fb8513ee-5592-4bc4-8c2f-b7cf42c38dfb,2026-03-22 18:19:41.862+00,null,true,2026-03-22 18:19:44.877182+00,2026-03-22 18:19:41.862+00,null,U,false,null,null
57978209-c02a-4a4f-9e7a-a4165f4864eb,07f24df6-84e1-4eb7-91d2-41d2b5e5936a,5d73f3d3-b6c5-4368-b753-1dcf38c16102,2025-12-24,7.6,work,manual,null,null,null,null,fb8513ee-5592-4bc4-8c2f-b7cf42c38dfb,2026-03-22 18:32:58.803+00,null,true,2026-03-22 18:33:01.485338+00,2026-03-22 18:32:58.803+00,null,U,false,null,null
8a31b6ff-06ff-4f4a-824d-8077db6f40e3,15e5f959-410f-489c-b055-7591d6922751,cada9ea4-45a5-42d4-981e-3a6ac60efa62,2025-12-24,8,work,manual,null,null,null,null,fb8513ee-5592-4bc4-8c2f-b7cf42c38dfb,2026-03-24 09:15:31.484+00,null,true,2026-03-24 09:15:33.744742+00,2026-03-24 09:15:31.484+00,null,U,false,null,null
7f5ef8af-7481-413a-9f83-7283167477c1,6c868fe7-61fe-48bd-8f6c-1095a81cec04,9cdec770-8078-4426-a220-4520032e2acf,2025-12-29,8,work,manual,null,null,null,null,d800f7c1-d56f-420e-b301-2826c837343a,2026-03-02 11:52:53.707+00,null,false,2026-03-02 11:52:56.549723+00,2026-03-02 11:54:07.812113+00,null,null,false,null,null
25bee177-90be-4c55-81b2-8d586396b34e,6c868fe7-61fe-48bd-8f6c-1095a81cec04,9cdec770-8078-4426-a220-4520032e2acf,2025-12-29,8,work,manual,null,null,null,null,d800f7c1-d56f-420e-b301-2826c837343a,2026-03-02 11:52:55.816+00,null,false,2026-03-02 11:52:58.025886+00,2026-03-02 11:54:07.812113+00,null,null,false,null,null
7b748761-9ffd-4348-8b5e-54379b7f2b5d,fa740b69-3551-4730-a26d-f44aac5b3f56,9cdec770-8078-4426-a220-4520032e2acf,2025-12-29,8,work,manual,null,null,null,null,d800f7c1-d56f-420e-b301-2826c837343a,2026-03-02 12:03:34.975+00,null,false,2026-03-02 12:03:36.137562+00,2026-03-02 12:26:29.822351+00,null,U,false,null,null
a27f141e-daf7-48f4-b2df-e3135784a9b4,fa740b69-3551-4730-a26d-f44aac5b3f56,9cdec770-8078-4426-a220-4520032e2acf,2025-12-29,8,work,manual,null,null,null,null,d2c2a722-94c8-49d0-87e7-755c95bba02d,2026-03-02 21:15:15.514+00,null,true,2026-03-02 12:26:31.18372+00,2026-03-02 21:15:16.274506+00,null,U,false,null,null
a5af447c-93d6-40f5-8cbf-b5bd69a84cb4,6c868fe7-61fe-48bd-8f6c-1095a81cec04,9cdec770-8078-4426-a220-4520032e2acf,2025-12-29,8,work,manual,null,null,null,null,d800f7c1-d56f-420e-b301-2826c837343a,2026-03-02 20:51:53.693+00,null,true,2026-03-02 20:51:55.096988+00,2026-03-02 20:51:53.693+00,null,null,false,null,null
2d639b18-5be8-451c-b89f-2d01c5985fbf,26849e30-a026-45ae-814f-af82f129a74a,5d73f3d3-b6c5-4368-b753-1dcf38c16102,2025-12-29,7.6,work,manual,null,null,null,null,fb8513ee-5592-4bc4-8c2f-b7cf42c38dfb,2026-03-22 18:07:28.237+00,null,true,2026-03-22 18:07:30.566842+00,2026-03-22 18:07:28.237+00,null,U,false,null,null
f09ec8a3-9bde-47a2-ad15-615a93277221,1edb3a61-b1d4-4889-a89f-b43401ccf5a2,5d73f3d3-b6c5-4368-b753-1dcf38c16102,2025-12-29,7.6,work,manual,null,null,null,null,fb8513ee-5592-4bc4-8c2f-b7cf42c38dfb,2026-03-22 18:19:41.862+00,null,true,2026-03-22 18:19:45.084698+00,2026-03-22 18:19:41.862+00,null,U,false,null,null
8a6b21c6-d7a3-40d9-8bd1-f9d0ebce70f2,07f24df6-84e1-4eb7-91d2-41d2b5e5936a,5d73f3d3-b6c5-4368-b753-1dcf38c16102,2025-12-29,7.6,work,manual,null,null,null,null,fb8513ee-5592-4bc4-8c2f-b7cf42c38dfb,2026-03-22 18:32:58.803+00,null,true,2026-03-22 18:33:01.62399+00,2026-03-22 18:32:58.803+00,null,U,false,null,null
60b31b4a-9f49-4545-a171-b19f9fc648fe,15e5f959-410f-489c-b055-7591d6922751,cada9ea4-45a5-42d4-981e-3a6ac60efa62,2025-12-29,8,work,manual,null,null,null,null,fb8513ee-5592-4bc4-8c2f-b7cf42c38dfb,2026-03-24 09:15:31.484+00,null,true,2026-03-24 09:15:33.848542+00,2026-03-24 09:15:31.484+00,null,U,false,null,null
ad28ce0d-d5db-4935-928f-4f744d1f0dc5,6c868fe7-61fe-48bd-8f6c-1095a81cec04,9cdec770-8078-4426-a220-4520032e2acf,2025-12-30,8,work,manual,null,null,null,null,d800f7c1-d56f-420e-b301-2826c837343a,2026-03-02 11:52:55.816+00,null,false,2026-03-02 11:52:58.121507+00,2026-03-02 11:54:07.812113+00,null,null,false,null,null
20d94471-a910-45e6-bb26-70ee81e5897b,6c868fe7-61fe-48bd-8f6c-1095a81cec04,9cdec770-8078-4426-a220-4520032e2acf,2025-12-30,8,work,manual,null,null,null,null,d800f7c1-d56f-420e-b301-2826c837343a,2026-03-02 11:52:53.707+00,null,false,2026-03-02 11:52:56.621635+00,2026-03-02 11:54:07.812113+00,null,null,false,null,null
9f5b257c-c155-48c1-a90d-9e093b256403,fa740b69-3551-4730-a26d-f44aac5b3f56,9cdec770-8078-4426-a220-4520032e2acf,2025-12-30,8,work,manual,null,null,null,null,d800f7c1-d56f-420e-b301-2826c837343a,2026-03-02 12:03:34.975+00,null,false,2026-03-02 12:03:36.182985+00,2026-03-02 12:26:29.822351+00,null,U,false,null,null
0900522d-9b89-46cf-99b5-a096fbf1c2c3,fa740b69-3551-4730-a26d-f44aac5b3f56,9cdec770-8078-4426-a220-4520032e2acf,2025-12-30,8,work,manual,null,null,null,null,d2c2a722-94c8-49d0-87e7-755c95bba02d,2026-03-02 21:15:15.514+00,null,true,2026-03-02 12:26:31.23401+00,2026-03-02 21:15:16.352789+00,null,U,false,null,null
e45bf968-4e18-414c-944f-6c88f2984169,6c868fe7-61fe-48bd-8f6c-1095a81cec04,9cdec770-8078-4426-a220-4520032e2acf,2025-12-30,8,work,manual,null,null,null,null,d800f7c1-d56f-420e-b301-2826c837343a,2026-03-02 20:51:53.693+00,null,true,2026-03-02 20:51:55.149891+00,2026-03-02 20:51:53.693+00,null,null,false,null,null
43c07c4f-e4e4-47d0-b0e0-95af40f8342e,26849e30-a026-45ae-814f-af82f129a74a,5d73f3d3-b6c5-4368-b753-1dcf38c16102,2025-12-30,7.6,work,manual,null,null,null,null,fb8513ee-5592-4bc4-8c2f-b7cf42c38dfb,2026-03-22 18:07:28.237+00,null,true,2026-03-22 18:07:30.670663+00,2026-03-22 18:07:28.237+00,null,U,false,null,null
4781a3ce-4b1c-464a-b18a-305f3758604d,1edb3a61-b1d4-4889-a89f-b43401ccf5a2,5d73f3d3-b6c5-4368-b753-1dcf38c16102,2025-12-30,7.6,work,manual,null,null,null,null,fb8513ee-5592-4bc4-8c2f-b7cf42c38dfb,2026-03-22 18:19:41.862+00,null,true,2026-03-22 18:19:45.269919+00,2026-03-22 18:19:41.862+00,null,U,false,null,null
fa8867f1-4488-434d-8ea9-a9a5e10cb8b8,07f24df6-84e1-4eb7-91d2-41d2b5e5936a,5d73f3d3-b6c5-4368-b753-1dcf38c16102,2025-12-30,7.6,work,manual,null,null,null,null,fb8513ee-5592-4bc4-8c2f-b7cf42c38dfb,2026-03-22 18:32:58.803+00,null,true,2026-03-22 18:33:01.743162+00,2026-03-22 18:32:58.803+00,null,U,false,null,null
2c647cba-ce10-4ece-9291-7113b45e95ee,15e5f959-410f-489c-b055-7591d6922751,cada9ea4-45a5-42d4-981e-3a6ac60efa62,2025-12-30,8,work,manual,null,null,null,null,fb8513ee-5592-4bc4-8c2f-b7cf42c38dfb,2026-03-24 09:15:31.484+00,null,true,2026-03-24 09:15:33.942465+00,2026-03-24 09:15:31.484+00,null,U,false,null,null
de3f7c76-4b34-4e9e-9a0f-de5a662968a9,6c868fe7-61fe-48bd-8f6c-1095a81cec04,9cdec770-8078-4426-a220-4520032e2acf,2025-12-31,8,work,manual,null,null,null,null,d800f7c1-d56f-420e-b301-2826c837343a,2026-03-02 20:51:53.693+00,null,true,2026-03-02 11:47:02.932093+00,2026-03-02 20:51:54.404695+00,null,U,false,null,null
d0dcf7a4-7123-4d5a-8710-10bfc8190d7a,fa740b69-3551-4730-a26d-f44aac5b3f56,9cdec770-8078-4426-a220-4520032e2acf,2025-12-31,8,work,manual,null,null,null,null,d800f7c1-d56f-420e-b301-2826c837343a,2026-03-02 12:03:34.975+00,null,false,2026-03-02 12:03:36.230879+00,2026-03-02 12:26:29.822351+00,null,S,false,null,null
7fdcf130-efa0-4063-9a38-e7b722ad4607,fa740b69-3551-4730-a26d-f44aac5b3f56,9cdec770-8078-4426-a220-4520032e2acf,2025-12-31,8,work,manual,null,null,null,null,d2c2a722-94c8-49d0-87e7-755c95bba02d,2026-03-02 21:15:15.514+00,null,true,2026-03-02 12:26:31.287287+00,2026-03-02 21:15:16.435431+00,null,S,false,null,null
770f8980-d76b-4ae5-996f-0d391fb62e3c,26849e30-a026-45ae-814f-af82f129a74a,5d73f3d3-b6c5-4368-b753-1dcf38c16102,2025-12-31,7.6,work,manual,null,null,null,null,fb8513ee-5592-4bc4-8c2f-b7cf42c38dfb,2026-03-22 18:07:28.237+00,null,true,2026-03-22 18:07:30.778899+00,2026-03-22 18:07:28.237+00,null,U,false,null,null
eb8b6ca5-9349-4ece-a236-a62161726c87,1edb3a61-b1d4-4889-a89f-b43401ccf5a2,5d73f3d3-b6c5-4368-b753-1dcf38c16102,2025-12-31,7.6,work,manual,null,null,null,null,fb8513ee-5592-4bc4-8c2f-b7cf42c38dfb,2026-03-22 18:19:41.862+00,null,true,2026-03-22 18:19:45.392898+00,2026-03-22 18:19:41.862+00,null,U,false,null,null
3d15e3ee-8d5f-4e12-b06c-1c15939155e0,07f24df6-84e1-4eb7-91d2-41d2b5e5936a,5d73f3d3-b6c5-4368-b753-1dcf38c16102,2025-12-31,7.6,work,manual,null,null,null,null,fb8513ee-5592-4bc4-8c2f-b7cf42c38dfb,2026-03-22 18:32:58.803+00,null,true,2026-03-22 18:33:01.856461+00,2026-03-22 18:32:58.803+00,null,U,false,null,null
f2bb2f8d-8eff-4dc3-a95e-242a7588a7e9,15e5f959-410f-489c-b055-7591d6922751,cada9ea4-45a5-42d4-981e-3a6ac60efa62,2025-12-31,8,work,manual,null,null,null,null,fb8513ee-5592-4bc4-8c2f-b7cf42c38dfb,2026-03-24 09:15:31.484+00,null,true,2026-03-24 09:15:34.044726+00,2026-03-24 09:15:31.484+00,null,U,false,null,null
32113694-2a12-4a12-8e92-8508cca3169c,fa740b69-3551-4730-a26d-f44aac5b3f56,9cdec770-8078-4426-a220-4520032e2acf,2026-01-02,8,work,manual,null,null,null,null,d2c2a722-94c8-49d0-87e7-755c95bba02d,2026-03-02 12:20:30.394+00,null,true,2026-03-02 12:20:30.687696+00,2026-03-02 12:20:30.394+00,null,U,false,null,null
9d988397-84e7-490f-baca-f73e19ce956c,6c868fe7-61fe-48bd-8f6c-1095a81cec04,9cdec770-8078-4426-a220-4520032e2acf,2026-01-02,8,work,manual,null,null,null,null,d800f7c1-d56f-420e-b301-2826c837343a,2026-03-02 20:42:31.746+00,null,false,2026-03-02 20:42:32.326311+00,2026-03-02 20:43:42.235152+00,null,null,false,null,null
02396569-566a-4c8e-a1f2-d3c2d4ba2d7b,6c868fe7-61fe-48bd-8f6c-1095a81cec04,9cdec770-8078-4426-a220-4520032e2acf,2026-01-02,8,work,manual,null,null,null,null,d800f7c1-d56f-420e-b301-2826c837343a,2026-03-02 20:52:26.808+00,null,true,2026-03-02 20:43:42.284148+00,2026-03-02 20:52:26.937432+00,null,U,false,null,null
5e120c21-4135-4521-bea4-13deade1aa25,26849e30-a026-45ae-814f-af82f129a74a,5d73f3d3-b6c5-4368-b753-1dcf38c16102,2026-01-02,7.6,work,manual,null,null,null,null,fb8513ee-5592-4bc4-8c2f-b7cf42c38dfb,2026-03-22 20:04:45.455+00,null,true,2026-03-22 20:03:51.726754+00,2026-03-22 20:04:46.163414+00,null,U,false,null,null
013ac19e-6905-434a-b1cf-e4ba891ef6c0,1edb3a61-b1d4-4889-a89f-b43401ccf5a2,5d73f3d3-b6c5-4368-b753-1dcf38c16102,2026-01-02,7.6,work,manual,null,null,null,null,fb8513ee-5592-4bc4-8c2f-b7cf42c38dfb,2026-03-22 20:08:26.891+00,null,true,2026-03-22 20:08:27.416186+00,2026-03-22 20:08:26.891+00,null,U,false,null,null
1d255c19-e894-4a18-bb2c-baa943e3c33b,15e5f959-410f-489c-b055-7591d6922751,cada9ea4-45a5-42d4-981e-3a6ac60efa62,2026-01-02,8,work,manual,null,null,null,null,fb8513ee-5592-4bc4-8c2f-b7cf42c38dfb,2026-03-24 09:40:38.815+00,null,true,2026-03-24 09:39:36.963687+00,2026-03-24 09:40:39.068212+00,c63b62e4-529c-450e-985f-a3d7c7723f99,null,true,null,null
02918645-9827-4706-bd81-bef554841ee4,07f24df6-84e1-4eb7-91d2-41d2b5e5936a,5d73f3d3-b6c5-4368-b753-1dcf38c16102,2026-01-02,7.6,work,manual,null,null,null,null,1dd66dc8-96f5-40bb-846e-9f344f64b9f2,2026-03-26 06:11:55.081+00,null,true,2026-03-26 06:11:55.496481+00,2026-03-26 06:11:55.081+00,null,U,false,null,null
3f83003c-8a16-4da1-97a4-e8f8b744f47b,6c868fe7-61fe-48bd-8f6c-1095a81cec04,9cdec770-8078-4426-a220-4520032e2acf,2026-01-05,2,work,manual,null,null,null,null,d800f7c1-d56f-420e-b301-2826c837343a,2026-03-02 20:52:26.808+00,null,true,2026-03-02 11:48:31.903087+00,2026-03-02 20:52:26.990691+00,274ab1d6-143b-4b38-9bb6-1c61ff6d356e,null,true,null,null
778d5228-7ef8-4393-afec-dafacbea329c,6c868fe7-61fe-48bd-8f6c-1095a81cec04,9cdec770-8078-4426-a220-4520032e2acf,2026-01-05,2,work,manual,null,null,null,null,d800f7c1-d56f-420e-b301-2826c837343a,2026-03-02 20:52:26.808+00,null,true,2026-03-02 11:59:28.058165+00,2026-03-02 20:52:27.293063+00,57c2101d-05c8-4492-9e4d-453fc7ff3365,null,true,null,null
9fbc632d-2966-4418-94b5-1918e4d464e3,fa740b69-3551-4730-a26d-f44aac5b3f56,9cdec770-8078-4426-a220-4520032e2acf,2026-01-05,8,work,manual,null,null,null,null,d2c2a722-94c8-49d0-87e7-755c95bba02d,2026-03-02 12:20:30.394+00,null,true,2026-03-02 12:20:30.765139+00,2026-03-02 12:20:30.394+00,null,U,false,null,null
3369e915-0c83-4f5e-90a3-3e2bcd7934d6,26849e30-a026-45ae-814f-af82f129a74a,5d73f3d3-b6c5-4368-b753-1dcf38c16102,2026-01-05,5.6,work,manual,null,null,null,null,fb8513ee-5592-4bc4-8c2f-b7cf42c38dfb,2026-03-22 20:04:45.455+00,null,true,2026-03-22 20:03:51.902176+00,2026-03-22 20:04:46.325334+00,3af5fdcb-2bd2-4277-8d82-2ce312c5ef02,null,true,null,null
480dc47e-5942-4014-8302-2dd10337cd00,1edb3a61-b1d4-4889-a89f-b43401ccf5a2,5d73f3d3-b6c5-4368-b753-1dcf38c16102,2026-01-05,9,work,manual,null,null,null,null,fb8513ee-5592-4bc4-8c2f-b7cf42c38dfb,2026-03-22 20:08:26.891+00,null,true,2026-03-22 20:08:27.582643+00,2026-03-22 20:08:26.891+00,4c8525f3-3b06-489a-bd9d-708d2ae2f996,null,true,null,null
dabfdbc0-f492-48d9-9f1d-592a1156b382,15e5f959-410f-489c-b055-7591d6922751,cada9ea4-45a5-42d4-981e-3a6ac60efa62,2026-01-05,8,work,manual,null,null,null,null,fb8513ee-5592-4bc4-8c2f-b7cf42c38dfb,2026-03-24 09:40:38.815+00,null,true,2026-03-24 09:39:37.083132+00,2026-03-24 09:40:39.20598+00,c63b62e4-529c-450e-985f-a3d7c7723f99,null,true,null,null
e75e3529-aa4e-4b97-9f11-89324dfe1940,07f24df6-84e1-4eb7-91d2-41d2b5e5936a,5d73f3d3-b6c5-4368-b753-1dcf38c16102,2026-01-05,4,work,manual,null,null,null,null,1dd66dc8-96f5-40bb-846e-9f344f64b9f2,2026-03-26 06:11:55.081+00,null,true,2026-03-26 06:11:55.61474+00,2026-03-26 06:11:55.081+00,27b8a431-e9a2-45fc-a9c6-6faa895022be,null,true,null,null
c7c942ac-c657-43c6-b244-bccedccd7618,6c868fe7-61fe-48bd-8f6c-1095a81cec04,9cdec770-8078-4426-a220-4520032e2acf,2026-01-06,2,work,manual,null,null,null,null,d800f7c1-d56f-420e-b301-2826c837343a,2026-03-02 20:52:26.808+00,null,true,2026-03-02 11:48:31.955392+00,2026-03-02 20:52:27.045919+00,274ab1d6-143b-4b38-9bb6-1c61ff6d356e,null,true,null,null
7828b26a-0345-4e2e-ab2e-1ecb51ae2efd,6c868fe7-61fe-48bd-8f6c-1095a81cec04,9cdec770-8078-4426-a220-4520032e2acf,2026-01-06,2,work,manual,null,null,null,null,d800f7c1-d56f-420e-b301-2826c837343a,2026-03-02 20:52:26.808+00,null,true,2026-03-02 11:59:28.108798+00,2026-03-02 20:52:27.353369+00,57c2101d-05c8-4492-9e4d-453fc7ff3365,null,true,null,null
a19ad634-68eb-41eb-9a0f-c03fa74b53ab,fa740b69-3551-4730-a26d-f44aac5b3f56,9cdec770-8078-4426-a220-4520032e2acf,2026-01-06,8,work,manual,null,null,null,null,d2c2a722-94c8-49d0-87e7-755c95bba02d,2026-03-02 12:20:30.394+00,null,true,2026-03-02 12:20:30.832903+00,2026-03-02 12:20:30.394+00,null,U,false,null,null
a2d53b77-fd6e-4bf9-9d12-3c21c574c00a,15e5f959-410f-489c-b055-7591d6922751,cada9ea4-45a5-42d4-981e-3a6ac60efa62,2026-01-06,8,work,manual,null,null,null,null,fb8513ee-5592-4bc4-8c2f-b7cf42c38dfb,2026-03-24 09:40:38.815+00,null,true,2026-03-24 09:39:37.194782+00,2026-03-24 09:40:39.318744+00,c63b62e4-529c-450e-985f-a3d7c7723f99,null,true,null,null
24f7dbe7-c1ac-4c69-b7d5-05845b70f1af,6c868fe7-61fe-48bd-8f6c-1095a81cec04,9cdec770-8078-4426-a220-4520032e2acf,2026-01-07,2,work,manual,null,null,null,null,d800f7c1-d56f-420e-b301-2826c837343a,2026-03-02 20:52:26.808+00,null,true,2026-03-02 11:48:32.014322+00,2026-03-02 20:52:27.108102+00,274ab1d6-143b-4b38-9bb6-1c61ff6d356e,null,true,null,null
bbb3964f-8366-4746-89de-9b7b3d94619c,6c868fe7-61fe-48bd-8f6c-1095a81cec04,9cdec770-8078-4426-a220-4520032e2acf,2026-01-07,2,work,manual,null,null,null,null,d800f7c1-d56f-420e-b301-2826c837343a,2026-03-02 20:52:26.808+00,null,true,2026-03-02 11:59:28.154871+00,2026-03-02 20:52:27.418259+00,57c2101d-05c8-4492-9e4d-453fc7ff3365,null,true,null,null
4f6b68ef-e3ce-406d-a6f9-f20aed566035,fa740b69-3551-4730-a26d-f44aac5b3f56,9cdec770-8078-4426-a220-4520032e2acf,2026-01-07,6,work,manual,null,null,null,null,d2c2a722-94c8-49d0-87e7-755c95bba02d,2026-03-02 12:20:30.394+00,null,true,2026-03-02 12:20:30.89618+00,2026-03-02 12:20:30.394+00,013cb68d-bbe2-45fe-b796-cfb2a51a9097,null,true,null,null
8f91b04d-7235-4155-a2d6-bf57077c0c83,26849e30-a026-45ae-814f-af82f129a74a,5d73f3d3-b6c5-4368-b753-1dcf38c16102,2026-01-07,5.6,work,manual,null,null,null,null,fb8513ee-5592-4bc4-8c2f-b7cf42c38dfb,2026-03-22 20:04:45.455+00,null,true,2026-03-22 20:03:52.084027+00,2026-03-22 20:04:46.502276+00,3af5fdcb-2bd2-4277-8d82-2ce312c5ef02,null,true,null,null
d22edf79-1d3c-4775-9633-f59240af69b8,1edb3a61-b1d4-4889-a89f-b43401ccf5a2,5d73f3d3-b6c5-4368-b753-1dcf38c16102,2026-01-07,9,work,manual,null,null,null,null,fb8513ee-5592-4bc4-8c2f-b7cf42c38dfb,2026-03-22 20:08:26.891+00,null,true,2026-03-22 20:08:27.74747+00,2026-03-22 20:08:26.891+00,4c8525f3-3b06-489a-bd9d-708d2ae2f996,null,true,null,null
d6b42520-11da-4a72-9366-41817092cbd5,15e5f959-410f-489c-b055-7591d6922751,cada9ea4-45a5-42d4-981e-3a6ac60efa62,2026-01-07,8,work,manual,null,null,null,null,fb8513ee-5592-4bc4-8c2f-b7cf42c38dfb,2026-03-24 09:40:38.815+00,null,true,2026-03-24 09:39:37.306868+00,2026-03-24 09:40:39.443226+00,c63b62e4-529c-450e-985f-a3d7c7723f99,null,true,null,null
60fa0317-e437-4199-af80-7ffe983f8ef0,07f24df6-84e1-4eb7-91d2-41d2b5e5936a,5d73f3d3-b6c5-4368-b753-1dcf38c16102,2026-01-07,4,work,manual,null,null,null,null,1dd66dc8-96f5-40bb-846e-9f344f64b9f2,2026-03-26 06:11:55.081+00,null,true,2026-03-26 06:11:55.716181+00,2026-03-26 06:11:55.081+00,27b8a431-e9a2-45fc-a9c6-6faa895022be,null,true,null,null
59d91fb9-5e50-4bea-9ba7-849204d42462,6c868fe7-61fe-48bd-8f6c-1095a81cec04,9cdec770-8078-4426-a220-4520032e2acf,2026-01-08,2,work,manual,null,null,null,null,d800f7c1-d56f-420e-b301-2826c837343a,2026-03-02 20:52:26.808+00,null,true,2026-03-02 11:48:32.08043+00,2026-03-02 20:52:27.169477+00,274ab1d6-143b-4b38-9bb6-1c61ff6d356e,null,true,null,null
3f60372e-0ce6-4eaa-a098-1f2ae09e7d95,6c868fe7-61fe-48bd-8f6c-1095a81cec04,9cdec770-8078-4426-a220-4520032e2acf,2026-01-08,2,work,manual,null,null,null,null,d800f7c1-d56f-420e-b301-2826c837343a,2026-03-02 20:52:26.808+00,null,true,2026-03-02 11:59:28.205078+00,2026-03-02 20:52:27.472833+00,57c2101d-05c8-4492-9e4d-453fc7ff3365,null,true,null,null
db0d22d9-5004-448e-8ac3-79042deed4d9,fa740b69-3551-4730-a26d-f44aac5b3f56,9cdec770-8078-4426-a220-4520032e2acf,2026-01-08,6,work,manual,null,null,null,null,d2c2a722-94c8-49d0-87e7-755c95bba02d,2026-03-02 12:20:30.394+00,null,true,2026-03-02 12:20:30.951659+00,2026-03-02 12:20:30.394+00,013cb68d-bbe2-45fe-b796-cfb2a51a9097,null,true,null,null
8188c666-92cb-4d3a-870f-87cc65e1f27f,26849e30-a026-45ae-814f-af82f129a74a,5d73f3d3-b6c5-4368-b753-1dcf38c16102,2026-01-08,5.6,work,manual,null,null,null,null,fb8513ee-5592-4bc4-8c2f-b7cf42c38dfb,2026-03-22 20:04:45.455+00,null,true,2026-03-22 20:03:52.242732+00,2026-03-22 20:04:46.67547+00,3af5fdcb-2bd2-4277-8d82-2ce312c5ef02,null,true,null,null
0600a157-eb1a-499b-9b04-a6b68e7f70ef,1edb3a61-b1d4-4889-a89f-b43401ccf5a2,5d73f3d3-b6c5-4368-b753-1dcf38c16102,2026-01-08,9,work,manual,null,null,null,null,fb8513ee-5592-4bc4-8c2f-b7cf42c38dfb,2026-03-22 20:08:26.891+00,null,true,2026-03-22 20:08:27.967117+00,2026-03-22 20:08:26.891+00,4c8525f3-3b06-489a-bd9d-708d2ae2f996,null,true,null,null
7c629e2d-e6be-4b2b-84e2-da1b94012ee3,15e5f959-410f-489c-b055-7591d6922751,cada9ea4-45a5-42d4-981e-3a6ac60efa62,2026-01-08,8,work,manual,null,null,null,null,fb8513ee-5592-4bc4-8c2f-b7cf42c38dfb,2026-03-24 09:40:38.815+00,null,true,2026-03-24 09:39:37.434453+00,2026-03-24 09:40:39.550189+00,c63b62e4-529c-450e-985f-a3d7c7723f99,null,true,null,null
892de8cb-deae-4a5c-b61c-20d9c6238229,07f24df6-84e1-4eb7-91d2-41d2b5e5936a,5d73f3d3-b6c5-4368-b753-1dcf38c16102,2026-01-08,4,work,manual,null,null,null,null,1dd66dc8-96f5-40bb-846e-9f344f64b9f2,2026-03-26 06:11:55.081+00,null,true,2026-03-26 06:11:55.815629+00,2026-03-26 06:11:55.081+00,27b8a431-e9a2-45fc-a9c6-6faa895022be,null,true,null,null
faf509bf-429f-427e-85e0-3030f5d43d92,6c868fe7-61fe-48bd-8f6c-1095a81cec04,9cdec770-8078-4426-a220-4520032e2acf,2026-01-09,2,work,manual,null,null,null,null,d800f7c1-d56f-420e-b301-2826c837343a,2026-03-02 20:52:26.808+00,null,true,2026-03-02 11:48:32.135153+00,2026-03-02 20:52:27.232424+00,274ab1d6-143b-4b38-9bb6-1c61ff6d356e,null,true,null,null
a56f8f56-2653-4718-9572-bdb1a03d2c65,6c868fe7-61fe-48bd-8f6c-1095a81cec04,9cdec770-8078-4426-a220-4520032e2acf,2026-01-09,2,work,manual,null,null,null,null,d800f7c1-d56f-420e-b301-2826c837343a,2026-03-02 20:52:26.808+00,null,true,2026-03-02 11:59:28.253892+00,2026-03-02 20:52:27.525723+00,57c2101d-05c8-4492-9e4d-453fc7ff3365,null,true,null,null
926389a7-8a28-40f1-8ff9-7f19e956580d,fa740b69-3551-4730-a26d-f44aac5b3f56,9cdec770-8078-4426-a220-4520032e2acf,2026-01-09,6,work,manual,null,null,null,null,d2c2a722-94c8-49d0-87e7-755c95bba02d,2026-03-02 12:20:30.394+00,null,true,2026-03-02 12:20:31.012425+00,2026-03-02 12:20:30.394+00,013cb68d-bbe2-45fe-b796-cfb2a51a9097,null,true,null,null
112025c2-910e-40a5-bbf9-a01f213c1ce9,26849e30-a026-45ae-814f-af82f129a74a,5d73f3d3-b6c5-4368-b753-1dcf38c16102,2026-01-09,5.6,work,manual,null,null,null,null,fb8513ee-5592-4bc4-8c2f-b7cf42c38dfb,2026-03-22 20:04:45.455+00,null,true,2026-03-22 20:03:52.383404+00,2026-03-22 20:04:46.825967+00,3af5fdcb-2bd2-4277-8d82-2ce312c5ef02,null,true,null,null
54172b9b-b677-4870-b157-44b85965fa24,1edb3a61-b1d4-4889-a89f-b43401ccf5a2,5d73f3d3-b6c5-4368-b753-1dcf38c16102,2026-01-09,9,work,manual,null,null,null,null,fb8513ee-5592-4bc4-8c2f-b7cf42c38dfb,2026-03-22 20:08:26.891+00,null,true,2026-03-22 20:08:28.184465+00,2026-03-22 20:08:26.891+00,4c8525f3-3b06-489a-bd9d-708d2ae2f996,null,true,null,null
fcfe5e32-6196-4e5d-8459-41ed1496bd30,15e5f959-410f-489c-b055-7591d6922751,cada9ea4-45a5-42d4-981e-3a6ac60efa62,2026-01-09,8,work,manual,null,null,null,null,fb8513ee-5592-4bc4-8c2f-b7cf42c38dfb,2026-03-24 09:40:38.815+00,null,true,2026-03-24 09:39:37.539627+00,2026-03-24 09:40:39.646737+00,null,U,false,null,null
76ae5f2a-6d11-4882-8e3e-9b3f79205b6c,07f24df6-84e1-4eb7-91d2-41d2b5e5936a,5d73f3d3-b6c5-4368-b753-1dcf38c16102,2026-01-09,4,work,manual,null,null,null,null,1dd66dc8-96f5-40bb-846e-9f344f64b9f2,2026-03-26 06:11:55.081+00,null,true,2026-03-26 06:11:55.914744+00,2026-03-26 06:11:55.081+00,27b8a431-e9a2-45fc-a9c6-6faa895022be,null,true,null,null
b9790937-5bc4-4511-96ff-07c64d6f87dc,6c868fe7-61fe-48bd-8f6c-1095a81cec04,9cdec770-8078-4426-a220-4520032e2acf,2026-01-12,8,work,manual,null,null,null,null,d800f7c1-d56f-420e-b301-2826c837343a,2026-03-02 11:57:29.189+00,null,false,2026-03-02 11:57:29.798436+00,2026-03-02 11:59:27.757145+00,null,null,false,null,null
2f095124-b4c5-48f5-acf9-e295d50bf7da,fa740b69-3551-4730-a26d-f44aac5b3f56,9cdec770-8078-4426-a220-4520032e2acf,2026-01-12,6,work,manual,null,null,null,null,d2c2a722-94c8-49d0-87e7-755c95bba02d,2026-03-02 12:20:30.394+00,null,true,2026-03-02 12:20:31.064159+00,2026-03-02 12:20:30.394+00,013cb68d-bbe2-45fe-b796-cfb2a51a9097,null,true,null,null
d8c0043c-9515-4800-a188-fcc1a9bfde0a,6c868fe7-61fe-48bd-8f6c-1095a81cec04,9cdec770-8078-4426-a220-4520032e2acf,2026-01-12,8,work,manual,null,null,null,null,d800f7c1-d56f-420e-b301-2826c837343a,2026-03-02 20:28:19.918+00,null,false,2026-03-02 20:27:27.337401+00,2026-03-02 20:28:38.061171+00,274ab1d6-143b-4b38-9bb6-1c61ff6d356e,null,true,null,null
44bcb305-0623-46ef-aa32-43eec0aae03d,6c868fe7-61fe-48bd-8f6c-1095a81cec04,9cdec770-8078-4426-a220-4520032e2acf,2026-01-12,8,work,manual,null,null,null,null,d800f7c1-d56f-420e-b301-2826c837343a,2026-03-02 20:37:18.38+00,null,false,2026-03-02 20:37:18.773454+00,2026-03-02 20:37:30.315459+00,274ab1d6-143b-4b38-9bb6-1c61ff6d356e,null,true,null,null
a9de51e8-c878-448a-b175-f113a2b50886,6c868fe7-61fe-48bd-8f6c-1095a81cec04,9cdec770-8078-4426-a220-4520032e2acf,2026-01-12,8,work,manual,null,null,null,null,d800f7c1-d56f-420e-b301-2826c837343a,2026-03-02 20:43:42.084+00,null,false,2026-03-02 20:38:27.53604+00,2026-03-02 20:43:59.054981+00,null,null,false,null,null
1582650e-f40a-406d-b363-84d09f65df9d,6c868fe7-61fe-48bd-8f6c-1095a81cec04,9cdec770-8078-4426-a220-4520032e2acf,2026-01-12,8,work,manual,null,null,null,null,d800f7c1-d56f-420e-b301-2826c837343a,2026-03-02 20:52:26.808+00,null,true,2026-03-02 20:52:27.573878+00,2026-03-02 20:52:26.808+00,null,null,false,null,null
929b208e-ffa1-440d-be49-bb668df1c4b4,26849e30-a026-45ae-814f-af82f129a74a,5d73f3d3-b6c5-4368-b753-1dcf38c16102,2026-01-12,7.6,work,manual,null,null,null,null,fb8513ee-5592-4bc4-8c2f-b7cf42c38dfb,2026-03-22 20:04:45.455+00,null,true,2026-03-22 20:03:52.521321+00,2026-03-22 20:04:46.967792+00,null,U,false,null,null
5c92f3a3-a8e9-4efd-a8d7-8a15e129fca3,1edb3a61-b1d4-4889-a89f-b43401ccf5a2,5d73f3d3-b6c5-4368-b753-1dcf38c16102,2026-01-12,7.6,work,manual,null,null,null,null,fb8513ee-5592-4bc4-8c2f-b7cf42c38dfb,2026-03-22 20:08:26.891+00,null,true,2026-03-22 20:08:28.45372+00,2026-03-22 20:08:26.891+00,null,U,false,null,null
80cad15f-3088-4a74-a274-63c35449246b,15e5f959-410f-489c-b055-7591d6922751,cada9ea4-45a5-42d4-981e-3a6ac60efa62,2026-01-12,8,work,manual,null,null,null,null,fb8513ee-5592-4bc4-8c2f-b7cf42c38dfb,2026-03-24 09:39:36.571+00,null,false,2026-03-24 09:39:37.645663+00,2026-03-24 09:40:04.93371+00,c63b62e4-529c-450e-985f-a3d7c7723f99,null,true,null,null
937f162d-df93-465f-9855-2e44837f72b3,15e5f959-410f-489c-b055-7591d6922751,cada9ea4-45a5-42d4-981e-3a6ac60efa62,2026-01-12,8,work,manual,null,null,null,null,fb8513ee-5592-4bc4-8c2f-b7cf42c38dfb,2026-03-24 09:40:38.815+00,null,true,2026-03-24 09:40:39.741803+00,2026-03-24 09:40:38.815+00,c63b62e4-529c-450e-985f-a3d7c7723f99,null,true,null,null
9f8e1d1b-8f24-497a-b064-c51291dd9847,6c868fe7-61fe-48bd-8f6c-1095a81cec04,9cdec770-8078-4426-a220-4520032e2acf,2026-01-13,8,work,manual,null,null,null,null,d800f7c1-d56f-420e-b301-2826c837343a,2026-03-02 11:57:29.189+00,null,false,2026-03-02 11:57:29.849273+00,2026-03-02 11:59:27.757145+00,null,null,false,null,null
88b95be6-5ffe-43fd-be0c-6f763a89273d,fa740b69-3551-4730-a26d-f44aac5b3f56,9cdec770-8078-4426-a220-4520032e2acf,2026-01-13,6,work,manual,null,null,null,null,d2c2a722-94c8-49d0-87e7-755c95bba02d,2026-03-02 12:20:30.394+00,null,true,2026-03-02 12:20:31.121264+00,2026-03-02 12:20:30.394+00,013cb68d-bbe2-45fe-b796-cfb2a51a9097,null,true,null,null
895aed0c-a3d3-41a6-8069-471bc9229cdf,6c868fe7-61fe-48bd-8f6c-1095a81cec04,9cdec770-8078-4426-a220-4520032e2acf,2026-01-13,8,work,manual,null,null,null,null,d800f7c1-d56f-420e-b301-2826c837343a,2026-03-02 20:28:19.918+00,null,false,2026-03-02 20:27:27.388157+00,2026-03-02 20:28:38.061171+00,274ab1d6-143b-4b38-9bb6-1c61ff6d356e,null,true,null,null
228a7dac-9a0f-4dc8-9762-e425b006f2cc,6c868fe7-61fe-48bd-8f6c-1095a81cec04,9cdec770-8078-4426-a220-4520032e2acf,2026-01-13,8,work,manual,null,null,null,null,d800f7c1-d56f-420e-b301-2826c837343a,2026-03-02 20:37:18.38+00,null,false,2026-03-02 20:37:18.825211+00,2026-03-02 20:37:30.315459+00,274ab1d6-143b-4b38-9bb6-1c61ff6d356e,null,true,null,null
6c178fd8-99a0-409d-8c74-3cb4ef69b6e4,6c868fe7-61fe-48bd-8f6c-1095a81cec04,9cdec770-8078-4426-a220-4520032e2acf,2026-01-13,8,work,manual,null,null,null,null,d800f7c1-d56f-420e-b301-2826c837343a,2026-03-02 20:43:42.084+00,null,false,2026-03-02 20:38:27.592157+00,2026-03-02 20:43:59.054981+00,null,null,false,null,null
3a0e207b-3092-4e61-badc-d0d500562db5,6c868fe7-61fe-48bd-8f6c-1095a81cec04,9cdec770-8078-4426-a220-4520032e2acf,2026-01-13,8,work,manual,null,null,null,null,d800f7c1-d56f-420e-b301-2826c837343a,2026-03-02 20:52:26.808+00,null,true,2026-03-02 20:52:27.629805+00,2026-03-02 20:52:26.808+00,null,null,false,null,null
5a26453f-dba5-47d4-898e-60257b3b92c7,26849e30-a026-45ae-814f-af82f129a74a,5d73f3d3-b6c5-4368-b753-1dcf38c16102,2026-01-13,7.6,work,manual,null,null,null,null,fb8513ee-5592-4bc4-8c2f-b7cf42c38dfb,2026-03-22 20:04:45.455+00,null,true,2026-03-22 20:03:52.688089+00,2026-03-22 20:04:47.122743+00,null,U,false,null,null
b49ccd45-0542-4317-b404-0de9acae7cbd,1edb3a61-b1d4-4889-a89f-b43401ccf5a2,5d73f3d3-b6c5-4368-b753-1dcf38c16102,2026-01-13,7.6,work,manual,null,null,null,null,fb8513ee-5592-4bc4-8c2f-b7cf42c38dfb,2026-03-22 20:08:26.891+00,null,true,2026-03-22 20:08:28.620611+00,2026-03-22 20:08:26.891+00,null,U,false,null,null
68a4df13-6204-4670-8b0e-ec8c7871f515,15e5f959-410f-489c-b055-7591d6922751,cada9ea4-45a5-42d4-981e-3a6ac60efa62,2026-01-13,8,work,manual,null,null,null,null,fb8513ee-5592-4bc4-8c2f-b7cf42c38dfb,2026-03-24 09:39:36.571+00,null,false,2026-03-24 09:39:37.76591+00,2026-03-24 09:40:04.93371+00,c63b62e4-529c-450e-985f-a3d7c7723f99,null,true,null,null
092add11-6e53-4f38-ab77-fe688c321b02,15e5f959-410f-489c-b055-7591d6922751,cada9ea4-45a5-42d4-981e-3a6ac60efa62,2026-01-13,8,work,manual,null,null,null,null,fb8513ee-5592-4bc4-8c2f-b7cf42c38dfb,2026-03-24 09:40:38.815+00,null,true,2026-03-24 09:40:39.854399+00,2026-03-24 09:40:38.815+00,c63b62e4-529c-450e-985f-a3d7c7723f99,null,true,null,null
36eed191-49a1-465d-9a65-7682d6ebf0e2,07f24df6-84e1-4eb7-91d2-41d2b5e5936a,5d73f3d3-b6c5-4368-b753-1dcf38c16102,2026-01-13,4,work,manual,null,null,null,null,1dd66dc8-96f5-40bb-846e-9f344f64b9f2,2026-03-26 06:11:55.081+00,null,true,2026-03-26 06:11:56.012134+00,2026-03-26 06:11:55.081+00,27b8a431-e9a2-45fc-a9c6-6faa895022be,null,true,null,null
c420784c-42e4-4fcc-9b2d-b42cbf759483,6c868fe7-61fe-48bd-8f6c-1095a81cec04,9cdec770-8078-4426-a220-4520032e2acf,2026-01-14,8,work,manual,null,null,null,null,d800f7c1-d56f-420e-b301-2826c837343a,2026-03-02 11:57:29.189+00,null,false,2026-03-02 11:57:29.906689+00,2026-03-02 11:59:27.757145+00,null,null,false,null,null
b18d0352-8a7e-49f6-b80a-793198d2214c,fa740b69-3551-4730-a26d-f44aac5b3f56,9cdec770-8078-4426-a220-4520032e2acf,2026-01-14,6,work,manual,null,null,null,null,d2c2a722-94c8-49d0-87e7-755c95bba02d,2026-03-02 12:20:30.394+00,null,true,2026-03-02 12:20:31.180588+00,2026-03-02 12:20:30.394+00,013cb68d-bbe2-45fe-b796-cfb2a51a9097,null,true,null,null
06ff9012-3053-496b-9fef-52c03e37d580,6c868fe7-61fe-48bd-8f6c-1095a81cec04,9cdec770-8078-4426-a220-4520032e2acf,2026-01-14,8,work,manual,null,null,null,null,d800f7c1-d56f-420e-b301-2826c837343a,2026-03-02 20:28:19.918+00,null,false,2026-03-02 20:27:27.433843+00,2026-03-02 20:28:38.061171+00,274ab1d6-143b-4b38-9bb6-1c61ff6d356e,null,true,null,null
6f3ac3b0-c20d-477b-bf0b-44283a576c14,6c868fe7-61fe-48bd-8f6c-1095a81cec04,9cdec770-8078-4426-a220-4520032e2acf,2026-01-14,8,work,manual,null,null,null,null,d800f7c1-d56f-420e-b301-2826c837343a,2026-03-02 20:37:18.38+00,null,false,2026-03-02 20:37:18.881768+00,2026-03-02 20:37:30.315459+00,274ab1d6-143b-4b38-9bb6-1c61ff6d356e,null,true,null,null
e463bd19-14c2-4df2-9fd6-7c09cdd85316,6c868fe7-61fe-48bd-8f6c-1095a81cec04,9cdec770-8078-4426-a220-4520032e2acf,2026-01-14,8,work,manual,null,null,null,null,d800f7c1-d56f-420e-b301-2826c837343a,2026-03-02 20:43:42.084+00,null,false,2026-03-02 20:38:27.652275+00,2026-03-02 20:43:59.054981+00,null,null,false,null,null
b5756a4e-7be0-4e53-8757-5018d9e78308,6c868fe7-61fe-48bd-8f6c-1095a81cec04,9cdec770-8078-4426-a220-4520032e2acf,2026-01-14,8,work,manual,null,null,null,null,d800f7c1-d56f-420e-b301-2826c837343a,2026-03-02 20:52:26.808+00,null,true,2026-03-02 20:52:27.68523+00,2026-03-02 20:52:26.808+00,null,null,false,null,null
5ab54022-defc-4694-8e7e-2b08782023c4,26849e30-a026-45ae-814f-af82f129a74a,5d73f3d3-b6c5-4368-b753-1dcf38c16102,2026-01-14,7.6,work,manual,null,null,null,null,fb8513ee-5592-4bc4-8c2f-b7cf42c38dfb,2026-03-22 20:04:45.455+00,null,true,2026-03-22 20:03:52.839883+00,2026-03-22 20:04:47.270005+00,null,U,false,null,null
294b9d16-8d09-477f-9512-bc4febdab0f5,1edb3a61-b1d4-4889-a89f-b43401ccf5a2,5d73f3d3-b6c5-4368-b753-1dcf38c16102,2026-01-14,7.6,work,manual,null,null,null,null,fb8513ee-5592-4bc4-8c2f-b7cf42c38dfb,2026-03-22 20:08:26.891+00,null,true,2026-03-22 20:08:28.75443+00,2026-03-22 20:08:26.891+00,null,U,false,null,null
1988afee-f8dc-42d5-8c1d-ca917cef71bb,15e5f959-410f-489c-b055-7591d6922751,cada9ea4-45a5-42d4-981e-3a6ac60efa62,2026-01-14,8,work,manual,null,null,null,null,fb8513ee-5592-4bc4-8c2f-b7cf42c38dfb,2026-03-24 09:39:36.571+00,null,false,2026-03-24 09:39:37.949326+00,2026-03-24 09:40:04.93371+00,c63b62e4-529c-450e-985f-a3d7c7723f99,null,true,null,null
9cdd3bef-3199-432a-b384-aef8e07f6255,15e5f959-410f-489c-b055-7591d6922751,cada9ea4-45a5-42d4-981e-3a6ac60efa62,2026-01-14,5,work,manual,null,null,null,null,fb8513ee-5592-4bc4-8c2f-b7cf42c38dfb,2026-03-24 09:40:38.815+00,null,true,2026-03-24 09:40:40.004945+00,2026-03-24 09:40:38.815+00,c63b62e4-529c-450e-985f-a3d7c7723f99,null,true,null,null
7c5afad4-f049-473b-a67c-4f828f147f20,15e5f959-410f-489c-b055-7591d6922751,cada9ea4-45a5-42d4-981e-3a6ac60efa62,2026-01-14,3,work,manual,null,null,null,null,fb8513ee-5592-4bc4-8c2f-b7cf42c38dfb,2026-03-24 09:40:38.815+00,null,true,2026-03-24 09:40:40.126368+00,2026-03-24 09:40:38.815+00,4ea2c62b-7a42-4b68-8703-29150b1ade0f,null,true,null,null
32ba9acd-1bb0-4e3b-bd60-2bc0916e3e22,07f24df6-84e1-4eb7-91d2-41d2b5e5936a,5d73f3d3-b6c5-4368-b753-1dcf38c16102,2026-01-14,4,work,manual,null,null,null,null,1dd66dc8-96f5-40bb-846e-9f344f64b9f2,2026-03-26 06:11:55.081+00,null,true,2026-03-26 06:11:56.111251+00,2026-03-26 06:11:55.081+00,27b8a431-e9a2-45fc-a9c6-6faa895022be,null,true,null,null
49d1c671-2a3c-4431-a684-f7cff9c0b4cf,6c868fe7-61fe-48bd-8f6c-1095a81cec04,9cdec770-8078-4426-a220-4520032e2acf,2026-01-15,8,work,manual,null,null,null,null,d800f7c1-d56f-420e-b301-2826c837343a,2026-03-02 11:57:29.189+00,null,false,2026-03-02 11:57:29.975866+00,2026-03-02 11:59:27.757145+00,null,null,false,null,null
00365c79-f612-4ba6-8a32-76ab21a95841,fa740b69-3551-4730-a26d-f44aac5b3f56,9cdec770-8078-4426-a220-4520032e2acf,2026-01-15,6,work,manual,null,null,null,null,d2c2a722-94c8-49d0-87e7-755c95bba02d,2026-03-02 12:20:30.394+00,null,true,2026-03-02 12:20:31.233287+00,2026-03-02 12:20:30.394+00,013cb68d-bbe2-45fe-b796-cfb2a51a9097,null,true,null,null
8616a53c-ffdc-423b-8095-9274fe27e32e,6c868fe7-61fe-48bd-8f6c-1095a81cec04,9cdec770-8078-4426-a220-4520032e2acf,2026-01-15,8,work,manual,null,null,null,null,d800f7c1-d56f-420e-b301-2826c837343a,2026-03-02 20:28:19.918+00,null,false,2026-03-02 20:27:27.481186+00,2026-03-02 20:28:38.061171+00,274ab1d6-143b-4b38-9bb6-1c61ff6d356e,null,true,null,null
b18009ac-ed0d-4e51-9551-af94c71a04ac,6c868fe7-61fe-48bd-8f6c-1095a81cec04,9cdec770-8078-4426-a220-4520032e2acf,2026-01-15,8,work,manual,null,null,null,null,d800f7c1-d56f-420e-b301-2826c837343a,2026-03-02 20:37:18.38+00,null,false,2026-03-02 20:37:18.929911+00,2026-03-02 20:37:30.315459+00,274ab1d6-143b-4b38-9bb6-1c61ff6d356e,null,true,null,null
61fc802c-8488-41bb-9ab9-6b041f5ed665,6c868fe7-61fe-48bd-8f6c-1095a81cec04,9cdec770-8078-4426-a220-4520032e2acf,2026-01-15,8,work,manual,null,null,null,null,d800f7c1-d56f-420e-b301-2826c837343a,2026-03-02 20:43:42.084+00,null,false,2026-03-02 20:38:27.711676+00,2026-03-02 20:43:59.054981+00,null,null,false,null,null
eff59cab-48ee-4d1a-849b-49c7f6825b48,6c868fe7-61fe-48bd-8f6c-1095a81cec04,9cdec770-8078-4426-a220-4520032e2acf,2026-01-15,8,work,manual,null,null,null,null,d800f7c1-d56f-420e-b301-2826c837343a,2026-03-02 20:52:26.808+00,null,true,2026-03-02 20:52:27.741715+00,2026-03-02 20:52:26.808+00,null,null,false,null,null
e3f43659-cf41-41d0-9e33-cab639f42139,26849e30-a026-45ae-814f-af82f129a74a,5d73f3d3-b6c5-4368-b753-1dcf38c16102,2026-01-15,7.6,work,manual,null,null,null,null,fb8513ee-5592-4bc4-8c2f-b7cf42c38dfb,2026-03-22 20:04:45.455+00,null,true,2026-03-22 20:03:52.997263+00,2026-03-22 20:04:47.420891+00,null,U,false,null,null
648f3557-b619-457d-9553-8495db863552,1edb3a61-b1d4-4889-a89f-b43401ccf5a2,5d73f3d3-b6c5-4368-b753-1dcf38c16102,2026-01-15,7.6,work,manual,null,null,null,null,fb8513ee-5592-4bc4-8c2f-b7cf42c38dfb,2026-03-22 20:08:26.891+00,null,true,2026-03-22 20:08:28.917924+00,2026-03-22 20:08:26.891+00,null,U,false,null,null
76c9ce53-928c-42fa-a950-05debe230108,15e5f959-410f-489c-b055-7591d6922751,cada9ea4-45a5-42d4-981e-3a6ac60efa62,2026-01-15,8,work,manual,null,null,null,null,fb8513ee-5592-4bc4-8c2f-b7cf42c38dfb,2026-03-24 09:39:36.571+00,null,false,2026-03-24 09:39:38.057965+00,2026-03-24 09:40:04.93371+00,c63b62e4-529c-450e-985f-a3d7c7723f99,null,true,null,null
be4ce7d6-6f72-4e48-ab66-af705b7873da,15e5f959-410f-489c-b055-7591d6922751,cada9ea4-45a5-42d4-981e-3a6ac60efa62,2026-01-15,8,work,manual,null,null,null,null,fb8513ee-5592-4bc4-8c2f-b7cf42c38dfb,2026-03-24 09:40:38.815+00,null,true,2026-03-24 09:40:40.229456+00,2026-03-24 09:40:38.815+00,4ea2c62b-7a42-4b68-8703-29150b1ade0f,null,true,null,null
f336bde3-c742-430e-ac53-87c01e7dbe41,07f24df6-84e1-4eb7-91d2-41d2b5e5936a,5d73f3d3-b6c5-4368-b753-1dcf38c16102,2026-01-15,4,work,manual,null,null,null,null,1dd66dc8-96f5-40bb-846e-9f344f64b9f2,2026-03-26 06:11:55.081+00,null,true,2026-03-26 06:11:56.210081+00,2026-03-26 06:11:55.081+00,27b8a431-e9a2-45fc-a9c6-6faa895022be,null,true,null,null
b0e1cf4b-107e-46a1-89b5-dfab503f3eae,6c868fe7-61fe-48bd-8f6c-1095a81cec04,9cdec770-8078-4426-a220-4520032e2acf,2026-01-16,8,work,manual,null,null,null,null,d800f7c1-d56f-420e-b301-2826c837343a,2026-03-02 11:57:29.189+00,null,false,2026-03-02 11:57:30.026073+00,2026-03-02 11:59:27.757145+00,null,null,false,null,null
50b5bc37-486e-48af-ba0f-8103ea985e61,fa740b69-3551-4730-a26d-f44aac5b3f56,9cdec770-8078-4426-a220-4520032e2acf,2026-01-16,8,work,manual,null,null,null,null,d2c2a722-94c8-49d0-87e7-755c95bba02d,2026-03-02 12:20:30.394+00,null,true,2026-03-02 12:20:31.292676+00,2026-03-02 12:20:30.394+00,null,U,false,null,null
b19588f1-f5e1-4c56-9b6f-c6c026790a9f,6c868fe7-61fe-48bd-8f6c-1095a81cec04,9cdec770-8078-4426-a220-4520032e2acf,2026-01-16,8,work,manual,null,null,null,null,d800f7c1-d56f-420e-b301-2826c837343a,2026-03-02 20:28:19.918+00,null,false,2026-03-02 20:27:27.526101+00,2026-03-02 20:28:38.061171+00,274ab1d6-143b-4b38-9bb6-1c61ff6d356e,null,true,null,null
e433c1a9-49d0-439e-a930-5c1cf8ecd198,6c868fe7-61fe-48bd-8f6c-1095a81cec04,9cdec770-8078-4426-a220-4520032e2acf,2026-01-16,8,work,manual,null,null,null,null,d800f7c1-d56f-420e-b301-2826c837343a,2026-03-02 20:37:18.38+00,null,false,2026-03-02 20:37:18.984167+00,2026-03-02 20:37:30.315459+00,274ab1d6-143b-4b38-9bb6-1c61ff6d356e,null,true,null,null
8a138d3c-d994-4ba7-9e7d-54b4298ed66a,6c868fe7-61fe-48bd-8f6c-1095a81cec04,9cdec770-8078-4426-a220-4520032e2acf,2026-01-16,8,work,manual,null,null,null,null,d800f7c1-d56f-420e-b301-2826c837343a,2026-03-02 20:43:42.084+00,null,false,2026-03-02 20:38:27.76878+00,2026-03-02 20:43:59.054981+00,null,null,false,null,null
d00a5a96-8a5e-4296-aaf7-11d21ae29230,6c868fe7-61fe-48bd-8f6c-1095a81cec04,9cdec770-8078-4426-a220-4520032e2acf,2026-01-16,8,work,manual,null,null,null,null,d800f7c1-d56f-420e-b301-2826c837343a,2026-03-02 20:52:26.808+00,null,true,2026-03-02 20:52:27.791785+00,2026-03-02 20:52:26.808+00,null,null,false,null,null
13de0d7d-4195-4c94-b163-51f4b22d9126,26849e30-a026-45ae-814f-af82f129a74a,5d73f3d3-b6c5-4368-b753-1dcf38c16102,2026-01-16,5.6,work,manual,null,null,null,null,fb8513ee-5592-4bc4-8c2f-b7cf42c38dfb,2026-03-22 20:04:45.455+00,null,true,2026-03-22 20:03:53.1388+00,2026-03-22 20:04:47.557188+00,3af5fdcb-2bd2-4277-8d82-2ce312c5ef02,null,true,null,null
83138ade-2222-4886-a8e5-70328cff1a25,1edb3a61-b1d4-4889-a89f-b43401ccf5a2,5d73f3d3-b6c5-4368-b753-1dcf38c16102,2026-01-16,9,work,manual,null,null,null,null,fb8513ee-5592-4bc4-8c2f-b7cf42c38dfb,2026-03-22 20:08:26.891+00,null,true,2026-03-22 20:08:29.206336+00,2026-03-22 20:08:26.891+00,4c8525f3-3b06-489a-bd9d-708d2ae2f996,null,true,null,null
a3c3c29f-5617-4d1b-8a1b-69e8755aaebc,15e5f959-410f-489c-b055-7591d6922751,cada9ea4-45a5-42d4-981e-3a6ac60efa62,2026-01-16,8,work,manual,null,null,null,null,fb8513ee-5592-4bc4-8c2f-b7cf42c38dfb,2026-03-24 09:39:36.571+00,null,false,2026-03-24 09:39:38.161426+00,2026-03-24 09:40:04.93371+00,c63b62e4-529c-450e-985f-a3d7c7723f99,null,true,null,null
cf2d39d2-497f-4ab8-8d2d-8d93d5ec9d9c,15e5f959-410f-489c-b055-7591d6922751,cada9ea4-45a5-42d4-981e-3a6ac60efa62,2026-01-16,8,work,manual,null,null,null,null,fb8513ee-5592-4bc4-8c2f-b7cf42c38dfb,2026-03-24 09:40:38.815+00,null,true,2026-03-24 09:40:40.329272+00,2026-03-24 09:40:38.815+00,4ea2c62b-7a42-4b68-8703-29150b1ade0f,null,true,null,null
8fbe9134-8348-45fb-99f0-d5362c819ca6,07f24df6-84e1-4eb7-91d2-41d2b5e5936a,5d73f3d3-b6c5-4368-b753-1dcf38c16102,2026-01-16,4,work,manual,null,null,null,null,1dd66dc8-96f5-40bb-846e-9f344f64b9f2,2026-03-26 06:11:55.081+00,null,true,2026-03-26 06:11:56.305265+00,2026-03-26 06:11:55.081+00,27b8a431-e9a2-45fc-a9c6-6faa895022be,null,true,null,null
7dbe1bc0-c1b7-4e68-976c-1a0e78ee8d09,6c868fe7-61fe-48bd-8f6c-1095a81cec04,9cdec770-8078-4426-a220-4520032e2acf,2026-01-19,8,work,manual,null,null,null,null,d800f7c1-d56f-420e-b301-2826c837343a,2026-03-02 11:57:29.189+00,null,false,2026-03-02 11:57:30.080614+00,2026-03-02 11:59:27.757145+00,null,null,false,null,null
80da6e5c-cee2-4595-9655-d1a2eb3c887a,fa740b69-3551-4730-a26d-f44aac5b3f56,9cdec770-8078-4426-a220-4520032e2acf,2026-01-19,6,work,manual,null,null,null,null,d2c2a722-94c8-49d0-87e7-755c95bba02d,2026-03-02 12:20:30.394+00,null,true,2026-03-02 12:20:31.354001+00,2026-03-02 12:20:30.394+00,013cb68d-bbe2-45fe-b796-cfb2a51a9097,null,true,null,null
371ebcfb-ce2f-4150-9f1b-569d7c744c9d,6c868fe7-61fe-48bd-8f6c-1095a81cec04,9cdec770-8078-4426-a220-4520032e2acf,2026-01-19,8,work,manual,null,null,null,null,d800f7c1-d56f-420e-b301-2826c837343a,2026-03-02 20:27:26.651+00,null,false,2026-03-02 20:27:27.574001+00,2026-03-02 20:27:57.211184+00,274ab1d6-143b-4b38-9bb6-1c61ff6d356e,null,true,null,null
9ba2aa3d-53c6-49d1-88f4-0364ea03c42e,6c868fe7-61fe-48bd-8f6c-1095a81cec04,9cdec770-8078-4426-a220-4520032e2acf,2026-01-19,8,work,manual,null,null,null,null,d800f7c1-d56f-420e-b301-2826c837343a,2026-03-02 20:28:19.918+00,null,false,2026-03-02 20:28:20.729022+00,2026-03-02 20:28:38.061171+00,274ab1d6-143b-4b38-9bb6-1c61ff6d356e,null,true,null,null
65144fba-7f35-474f-a349-082c50851c5c,6c868fe7-61fe-48bd-8f6c-1095a81cec04,9cdec770-8078-4426-a220-4520032e2acf,2026-01-19,8,work,manual,null,null,null,null,d800f7c1-d56f-420e-b301-2826c837343a,2026-03-02 20:43:42.084+00,null,false,2026-03-02 20:38:27.827315+00,2026-03-02 20:43:59.054981+00,null,null,false,null,null
89a61631-6c80-4900-a4ad-ffb5b0ed0dde,6c868fe7-61fe-48bd-8f6c-1095a81cec04,9cdec770-8078-4426-a220-4520032e2acf,2026-01-19,8,work,manual,null,null,null,null,d800f7c1-d56f-420e-b301-2826c837343a,2026-03-02 20:52:26.808+00,null,true,2026-03-02 20:52:27.841638+00,2026-03-02 20:52:26.808+00,null,null,false,null,null
0820b00f-d28a-452c-846e-c72ed1904967,26849e30-a026-45ae-814f-af82f129a74a,5d73f3d3-b6c5-4368-b753-1dcf38c16102,2026-01-19,5.6,work,manual,null,null,null,null,fb8513ee-5592-4bc4-8c2f-b7cf42c38dfb,2026-03-22 20:04:45.455+00,null,true,2026-03-22 20:03:53.380518+00,2026-03-22 20:04:47.699807+00,3af5fdcb-2bd2-4277-8d82-2ce312c5ef02,null,true,null,null
34274c5b-4ce6-4513-af4e-953372f105f9,1edb3a61-b1d4-4889-a89f-b43401ccf5a2,5d73f3d3-b6c5-4368-b753-1dcf38c16102,2026-01-19,9,work,manual,null,null,null,null,fb8513ee-5592-4bc4-8c2f-b7cf42c38dfb,2026-03-22 20:08:26.891+00,null,true,2026-03-22 20:08:29.363216+00,2026-03-22 20:08:26.891+00,4c8525f3-3b06-489a-bd9d-708d2ae2f996,null,true,null,null
38e8458c-2011-450c-9fd3-fc0bb551fb6e,15e5f959-410f-489c-b055-7591d6922751,cada9ea4-45a5-42d4-981e-3a6ac60efa62,2026-01-19,8,work,manual,null,null,null,null,fb8513ee-5592-4bc4-8c2f-b7cf42c38dfb,2026-03-24 09:39:36.571+00,null,false,2026-03-24 09:39:38.261473+00,2026-03-24 09:40:04.93371+00,c63b62e4-529c-450e-985f-a3d7c7723f99,null,true,null,null
9aed28e2-f5ae-4680-9c77-0348a4435bb9,15e5f959-410f-489c-b055-7591d6922751,cada9ea4-45a5-42d4-981e-3a6ac60efa62,2026-01-19,8,work,manual,null,null,null,null,fb8513ee-5592-4bc4-8c2f-b7cf42c38dfb,2026-03-24 09:40:38.815+00,null,true,2026-03-24 09:40:40.437016+00,2026-03-24 09:40:38.815+00,4ea2c62b-7a42-4b68-8703-29150b1ade0f,null,true,null,null
e1df15ad-3e17-4241-b71f-05aae49d3ab6,6c868fe7-61fe-48bd-8f6c-1095a81cec04,9cdec770-8078-4426-a220-4520032e2acf,2026-01-20,8,work,manual,null,null,null,null,d800f7c1-d56f-420e-b301-2826c837343a,2026-03-02 11:57:29.189+00,null,false,2026-03-02 11:57:30.1306+00,2026-03-02 11:59:27.757145+00,null,null,false,null,null
d909c55b-c153-4644-b660-24b9aa4a3b26,fa740b69-3551-4730-a26d-f44aac5b3f56,9cdec770-8078-4426-a220-4520032e2acf,2026-01-20,6,work,manual,null,null,null,null,d2c2a722-94c8-49d0-87e7-755c95bba02d,2026-03-02 12:20:30.394+00,null,true,2026-03-02 12:20:31.4108+00,2026-03-02 12:20:30.394+00,013cb68d-bbe2-45fe-b796-cfb2a51a9097,null,true,null,null
6622251b-6132-4091-bb95-191f8c778f18,6c868fe7-61fe-48bd-8f6c-1095a81cec04,9cdec770-8078-4426-a220-4520032e2acf,2026-01-20,8,work,manual,null,null,null,null,d800f7c1-d56f-420e-b301-2826c837343a,2026-03-02 20:27:26.651+00,null,false,2026-03-02 20:27:27.621764+00,2026-03-02 20:27:57.211184+00,274ab1d6-143b-4b38-9bb6-1c61ff6d356e,null,true,null,null
b6cb1d88-0294-4466-8f92-c504a272e5c0,6c868fe7-61fe-48bd-8f6c-1095a81cec04,9cdec770-8078-4426-a220-4520032e2acf,2026-01-20,8,work,manual,null,null,null,null,d800f7c1-d56f-420e-b301-2826c837343a,2026-03-02 20:28:19.918+00,null,false,2026-03-02 20:28:20.782841+00,2026-03-02 20:28:38.061171+00,274ab1d6-143b-4b38-9bb6-1c61ff6d356e,null,true,null,null
1d04e693-63cf-40c8-ace9-42ffdc374a9a,6c868fe7-61fe-48bd-8f6c-1095a81cec04,9cdec770-8078-4426-a220-4520032e2acf,2026-01-20,8,work,manual,null,null,null,null,d800f7c1-d56f-420e-b301-2826c837343a,2026-03-02 20:43:42.084+00,null,false,2026-03-02 20:38:27.877666+00,2026-03-02 20:43:59.054981+00,null,null,false,null,null
76bb43a9-4a40-41ec-82d7-8b538e415793,6c868fe7-61fe-48bd-8f6c-1095a81cec04,9cdec770-8078-4426-a220-4520032e2acf,2026-01-20,8,work,manual,null,null,null,null,d800f7c1-d56f-420e-b301-2826c837343a,2026-03-02 20:52:26.808+00,null,true,2026-03-02 20:52:27.902651+00,2026-03-02 20:52:26.808+00,null,null,false,null,null
2fe6feab-c284-4fe0-b178-10eb451e1aeb,26849e30-a026-45ae-814f-af82f129a74a,5d73f3d3-b6c5-4368-b753-1dcf38c16102,2026-01-20,5.6,work,manual,null,null,null,null,fb8513ee-5592-4bc4-8c2f-b7cf42c38dfb,2026-03-22 20:04:45.455+00,null,true,2026-03-22 20:03:53.544805+00,2026-03-22 20:04:47.841775+00,3af5fdcb-2bd2-4277-8d82-2ce312c5ef02,null,true,null,null
54e97520-a448-4ef6-abd6-46fddbe31442,1edb3a61-b1d4-4889-a89f-b43401ccf5a2,5d73f3d3-b6c5-4368-b753-1dcf38c16102,2026-01-20,9,work,manual,null,null,null,null,fb8513ee-5592-4bc4-8c2f-b7cf42c38dfb,2026-03-22 20:08:26.891+00,null,true,2026-03-22 20:08:29.553893+00,2026-03-22 20:08:26.891+00,4c8525f3-3b06-489a-bd9d-708d2ae2f996,null,true,null,null
3d91ed50-ef79-476e-9e9a-4434bf5c7f5c,15e5f959-410f-489c-b055-7591d6922751,cada9ea4-45a5-42d4-981e-3a6ac60efa62,2026-01-20,8,work,manual,null,null,null,null,fb8513ee-5592-4bc4-8c2f-b7cf42c38dfb,2026-03-24 09:39:36.571+00,null,false,2026-03-24 09:39:38.375964+00,2026-03-24 09:40:04.93371+00,c63b62e4-529c-450e-985f-a3d7c7723f99,null,true,null,null
661c3198-a541-4c84-8d04-fcbc97886e51,15e5f959-410f-489c-b055-7591d6922751,cada9ea4-45a5-42d4-981e-3a6ac60efa62,2026-01-20,8,work,manual,null,null,null,null,fb8513ee-5592-4bc4-8c2f-b7cf42c38dfb,2026-03-24 09:40:38.815+00,null,true,2026-03-24 09:40:40.551048+00,2026-03-24 09:40:38.815+00,4ea2c62b-7a42-4b68-8703-29150b1ade0f,null,true,null,null
4dcb21d8-6cb4-4290-a99e-255f75f9f3ec,07f24df6-84e1-4eb7-91d2-41d2b5e5936a,5d73f3d3-b6c5-4368-b753-1dcf38c16102,2026-01-20,7.6,work,manual,null,null,null,null,1dd66dc8-96f5-40bb-846e-9f344f64b9f2,2026-03-26 06:11:55.081+00,null,true,2026-03-26 06:11:56.402448+00,2026-03-26 06:11:55.081+00,null,U,false,null,null
dcfbcba4-41eb-4cd2-90e7-49777b8fd330,6c868fe7-61fe-48bd-8f6c-1095a81cec04,9cdec770-8078-4426-a220-4520032e2acf,2026-01-21,8,work,manual,null,null,null,null,d800f7c1-d56f-420e-b301-2826c837343a,2026-03-02 11:57:29.189+00,null,false,2026-03-02 11:57:30.22617+00,2026-03-02 11:59:27.757145+00,null,null,false,null,null
91f34920-aa11-4df5-b765-7b269085a037,fa740b69-3551-4730-a26d-f44aac5b3f56,9cdec770-8078-4426-a220-4520032e2acf,2026-01-21,6,work,manual,null,null,null,null,d2c2a722-94c8-49d0-87e7-755c95bba02d,2026-03-02 12:20:30.394+00,null,true,2026-03-02 12:20:31.468109+00,2026-03-02 12:20:30.394+00,013cb68d-bbe2-45fe-b796-cfb2a51a9097,null,true,null,null
af384822-74c7-4ad8-9be5-93bfb767e223,6c868fe7-61fe-48bd-8f6c-1095a81cec04,9cdec770-8078-4426-a220-4520032e2acf,2026-01-21,8,work,manual,null,null,null,null,d800f7c1-d56f-420e-b301-2826c837343a,2026-03-02 20:27:26.651+00,null,false,2026-03-02 20:27:27.677893+00,2026-03-02 20:27:57.211184+00,274ab1d6-143b-4b38-9bb6-1c61ff6d356e,null,true,null,null
9e7d1356-473f-4fed-a764-aec71e09c68d,6c868fe7-61fe-48bd-8f6c-1095a81cec04,9cdec770-8078-4426-a220-4520032e2acf,2026-01-21,8,work,manual,null,null,null,null,d800f7c1-d56f-420e-b301-2826c837343a,2026-03-02 20:28:19.918+00,null,false,2026-03-02 20:28:20.83487+00,2026-03-02 20:28:38.061171+00,274ab1d6-143b-4b38-9bb6-1c61ff6d356e,null,true,null,null
5be598ff-e5ad-4002-aa40-f19ceee063a5,6c868fe7-61fe-48bd-8f6c-1095a81cec04,9cdec770-8078-4426-a220-4520032e2acf,2026-01-21,8,work,manual,null,null,null,null,d800f7c1-d56f-420e-b301-2826c837343a,2026-03-02 20:43:42.084+00,null,false,2026-03-02 20:38:27.930512+00,2026-03-02 20:43:59.054981+00,null,null,false,null,null
bc23ec12-15b1-4c47-9853-d801ed2322df,6c868fe7-61fe-48bd-8f6c-1095a81cec04,9cdec770-8078-4426-a220-4520032e2acf,2026-01-21,8,work,manual,null,null,null,null,d800f7c1-d56f-420e-b301-2826c837343a,2026-03-02 20:52:26.808+00,null,true,2026-03-02 20:52:27.960508+00,2026-03-02 20:52:26.808+00,null,null,false,null,null
2ec8b99d-fb78-4541-bc70-86d694b39aff,26849e30-a026-45ae-814f-af82f129a74a,5d73f3d3-b6c5-4368-b753-1dcf38c16102,2026-01-21,5.6,work,manual,null,null,null,null,fb8513ee-5592-4bc4-8c2f-b7cf42c38dfb,2026-03-22 20:04:45.455+00,null,true,2026-03-22 20:03:53.684741+00,2026-03-22 20:04:47.999221+00,3af5fdcb-2bd2-4277-8d82-2ce312c5ef02,null,true,null,null
4efb0a2a-53ca-40ea-9d66-c7ab48da7f86,1edb3a61-b1d4-4889-a89f-b43401ccf5a2,5d73f3d3-b6c5-4368-b753-1dcf38c16102,2026-01-21,9,work,manual,null,null,null,null,fb8513ee-5592-4bc4-8c2f-b7cf42c38dfb,2026-03-22 20:08:26.891+00,null,true,2026-03-22 20:08:29.76822+00,2026-03-22 20:08:26.891+00,4c8525f3-3b06-489a-bd9d-708d2ae2f996,null,true,null,null
cff9e341-1807-4dad-9669-c90a93a4844b,15e5f959-410f-489c-b055-7591d6922751,cada9ea4-45a5-42d4-981e-3a6ac60efa62,2026-01-21,8,work,manual,null,null,null,null,fb8513ee-5592-4bc4-8c2f-b7cf42c38dfb,2026-03-24 09:39:36.571+00,null,false,2026-03-24 09:39:38.492415+00,2026-03-24 09:40:04.93371+00,c63b62e4-529c-450e-985f-a3d7c7723f99,null,true,null,null
41735685-56c5-4410-9c5d-21f8c691480c,15e5f959-410f-489c-b055-7591d6922751,cada9ea4-45a5-42d4-981e-3a6ac60efa62,2026-01-21,8,work,manual,null,null,null,null,fb8513ee-5592-4bc4-8c2f-b7cf42c38dfb,2026-03-24 09:40:38.815+00,null,true,2026-03-24 09:40:40.659294+00,2026-03-24 09:40:38.815+00,4ea2c62b-7a42-4b68-8703-29150b1ade0f,null,true,null,null
5ddef330-953c-4777-9020-fa782a223156,07f24df6-84e1-4eb7-91d2-41d2b5e5936a,5d73f3d3-b6c5-4368-b753-1dcf38c16102,2026-01-21,7.6,work,manual,null,null,null,null,1dd66dc8-96f5-40bb-846e-9f344f64b9f2,2026-03-26 06:11:55.081+00,null,true,2026-03-26 06:11:56.50466+00,2026-03-26 06:11:55.081+00,null,U,false,null,null
d9440682-9f89-4792-adf8-22ab5296b0f0,6c868fe7-61fe-48bd-8f6c-1095a81cec04,9cdec770-8078-4426-a220-4520032e2acf,2026-01-22,8,work,manual,null,null,null,null,d800f7c1-d56f-420e-b301-2826c837343a,2026-03-02 11:57:29.189+00,null,false,2026-03-02 11:57:30.274405+00,2026-03-02 11:59:27.757145+00,null,null,false,null,null
36cd9590-c8f2-456f-9d24-899cd8a98956,fa740b69-3551-4730-a26d-f44aac5b3f56,9cdec770-8078-4426-a220-4520032e2acf,2026-01-22,6,work,manual,null,null,null,null,d2c2a722-94c8-49d0-87e7-755c95bba02d,2026-03-02 12:20:30.394+00,null,true,2026-03-02 12:20:31.526668+00,2026-03-02 12:20:30.394+00,013cb68d-bbe2-45fe-b796-cfb2a51a9097,null,true,null,null
23d2dad2-cd97-4259-a233-7ae1824fd556,6c868fe7-61fe-48bd-8f6c-1095a81cec04,9cdec770-8078-4426-a220-4520032e2acf,2026-01-22,8,work,manual,null,null,null,null,d800f7c1-d56f-420e-b301-2826c837343a,2026-03-02 20:27:26.651+00,null,false,2026-03-02 20:27:27.739267+00,2026-03-02 20:27:57.211184+00,274ab1d6-143b-4b38-9bb6-1c61ff6d356e,null,true,null,null
9e0ec331-f449-450d-a51d-9b27bc11518b,6c868fe7-61fe-48bd-8f6c-1095a81cec04,9cdec770-8078-4426-a220-4520032e2acf,2026-01-22,8,work,manual,null,null,null,null,d800f7c1-d56f-420e-b301-2826c837343a,2026-03-02 20:28:19.918+00,null,false,2026-03-02 20:28:20.885439+00,2026-03-02 20:28:38.061171+00,274ab1d6-143b-4b38-9bb6-1c61ff6d356e,null,true,null,null
015ac227-4024-4ba6-8a9a-25457fddec06,6c868fe7-61fe-48bd-8f6c-1095a81cec04,9cdec770-8078-4426-a220-4520032e2acf,2026-01-22,8,work,manual,null,null,null,null,d800f7c1-d56f-420e-b301-2826c837343a,2026-03-02 20:43:42.084+00,null,false,2026-03-02 20:38:27.985275+00,2026-03-02 20:43:59.054981+00,null,null,false,null,null
21adb3fe-82a0-446e-92b5-0598bdbe6904,6c868fe7-61fe-48bd-8f6c-1095a81cec04,9cdec770-8078-4426-a220-4520032e2acf,2026-01-22,8,work,manual,null,null,null,null,d800f7c1-d56f-420e-b301-2826c837343a,2026-03-02 20:52:26.808+00,null,true,2026-03-02 20:52:28.023317+00,2026-03-02 20:52:26.808+00,null,null,false,null,null
73abf07e-4624-4303-8986-c6f83f42d452,26849e30-a026-45ae-814f-af82f129a74a,5d73f3d3-b6c5-4368-b753-1dcf38c16102,2026-01-22,6.2,work,manual,null,null,null,null,fb8513ee-5592-4bc4-8c2f-b7cf42c38dfb,2026-03-22 20:04:45.455+00,null,true,2026-03-22 20:03:53.830491+00,2026-03-22 20:04:48.144798+00,3af5fdcb-2bd2-4277-8d82-2ce312c5ef02,null,true,null,null
079c5cd9-48c5-42bc-a2c3-ee2681ecc09d,1edb3a61-b1d4-4889-a89f-b43401ccf5a2,5d73f3d3-b6c5-4368-b753-1dcf38c16102,2026-01-22,9,work,manual,null,null,null,null,fb8513ee-5592-4bc4-8c2f-b7cf42c38dfb,2026-03-22 20:08:26.891+00,null,true,2026-03-22 20:08:29.923999+00,2026-03-22 20:08:26.891+00,4c8525f3-3b06-489a-bd9d-708d2ae2f996,null,true,null,null
10ae5420-d755-45e5-b804-e0de658279a3,15e5f959-410f-489c-b055-7591d6922751,cada9ea4-45a5-42d4-981e-3a6ac60efa62,2026-01-22,8,work,manual,null,null,null,null,fb8513ee-5592-4bc4-8c2f-b7cf42c38dfb,2026-03-24 09:39:36.571+00,null,false,2026-03-24 09:39:38.612962+00,2026-03-24 09:40:04.93371+00,c63b62e4-529c-450e-985f-a3d7c7723f99,null,true,null,null
e621d98e-909f-4694-8eff-4af323c58be5,15e5f959-410f-489c-b055-7591d6922751,cada9ea4-45a5-42d4-981e-3a6ac60efa62,2026-01-22,8,work,manual,null,null,null,null,fb8513ee-5592-4bc4-8c2f-b7cf42c38dfb,2026-03-24 09:40:38.815+00,null,true,2026-03-24 09:40:40.755678+00,2026-03-24 09:40:38.815+00,4ea2c62b-7a42-4b68-8703-29150b1ade0f,null,true,null,null
570ef3fd-15f1-4cf9-99dc-ded58e8036a4,07f24df6-84e1-4eb7-91d2-41d2b5e5936a,5d73f3d3-b6c5-4368-b753-1dcf38c16102,2026-01-22,7.6,work,manual,null,null,null,null,1dd66dc8-96f5-40bb-846e-9f344f64b9f2,2026-03-26 06:11:55.081+00,null,true,2026-03-26 06:11:56.600644+00,2026-03-26 06:11:55.081+00,null,U,false,null,null
07327b80-d9ba-4609-a011-dd5d31872609,6c868fe7-61fe-48bd-8f6c-1095a81cec04,9cdec770-8078-4426-a220-4520032e2acf,2026-01-23,8,work,manual,null,null,null,null,d800f7c1-d56f-420e-b301-2826c837343a,2026-03-02 11:57:29.189+00,null,false,2026-03-02 11:57:30.322834+00,2026-03-02 11:59:27.757145+00,null,null,false,null,null
feaa45ee-522e-4919-8c3b-1279f35cbb94,fa740b69-3551-4730-a26d-f44aac5b3f56,9cdec770-8078-4426-a220-4520032e2acf,2026-01-23,6,work,manual,null,null,null,null,d2c2a722-94c8-49d0-87e7-755c95bba02d,2026-03-02 12:20:30.394+00,null,true,2026-03-02 12:20:31.58277+00,2026-03-02 12:20:30.394+00,013cb68d-bbe2-45fe-b796-cfb2a51a9097,null,true,null,null
e08d9b14-a955-4e26-8c3d-95c65cb8a2f1,6c868fe7-61fe-48bd-8f6c-1095a81cec04,9cdec770-8078-4426-a220-4520032e2acf,2026-01-23,8,work,manual,null,null,null,null,d800f7c1-d56f-420e-b301-2826c837343a,2026-03-02 20:27:26.651+00,null,false,2026-03-02 20:27:27.788893+00,2026-03-02 20:27:57.211184+00,274ab1d6-143b-4b38-9bb6-1c61ff6d356e,null,true,null,null
27a060d7-7334-4c88-bedc-ea6dbd0f368f,6c868fe7-61fe-48bd-8f6c-1095a81cec04,9cdec770-8078-4426-a220-4520032e2acf,2026-01-23,8,work,manual,null,null,null,null,d800f7c1-d56f-420e-b301-2826c837343a,2026-03-02 20:28:19.918+00,null,false,2026-03-02 20:28:20.936984+00,2026-03-02 20:28:38.061171+00,274ab1d6-143b-4b38-9bb6-1c61ff6d356e,null,true,null,null
3848bd17-7b04-4afe-9caa-320900b02c36,6c868fe7-61fe-48bd-8f6c-1095a81cec04,9cdec770-8078-4426-a220-4520032e2acf,2026-01-23,8,work,manual,null,null,null,null,d800f7c1-d56f-420e-b301-2826c837343a,2026-03-02 20:43:42.084+00,null,false,2026-03-02 20:38:28.048834+00,2026-03-02 20:43:59.054981+00,null,null,false,null,null
c8aece00-b523-435f-9350-95dbba0db8a4,6c868fe7-61fe-48bd-8f6c-1095a81cec04,9cdec770-8078-4426-a220-4520032e2acf,2026-01-23,8,work,manual,null,null,null,null,d800f7c1-d56f-420e-b301-2826c837343a,2026-03-02 20:52:26.808+00,null,true,2026-03-02 20:52:28.088051+00,2026-03-02 20:52:26.808+00,null,null,false,null,null
bebfd812-7588-4d11-b422-2b11c5f6233c,26849e30-a026-45ae-814f-af82f129a74a,5d73f3d3-b6c5-4368-b753-1dcf38c16102,2026-01-23,6,work,manual,null,null,null,null,fb8513ee-5592-4bc4-8c2f-b7cf42c38dfb,2026-03-22 20:04:45.455+00,null,true,2026-03-22 20:03:54.008582+00,2026-03-22 20:04:48.284869+00,3af5fdcb-2bd2-4277-8d82-2ce312c5ef02,null,true,null,null
464b8e2e-6011-4d3e-bf5b-0c06063ead7d,1edb3a61-b1d4-4889-a89f-b43401ccf5a2,5d73f3d3-b6c5-4368-b753-1dcf38c16102,2026-01-23,9,work,manual,null,null,null,null,fb8513ee-5592-4bc4-8c2f-b7cf42c38dfb,2026-03-22 20:08:26.891+00,null,true,2026-03-22 20:08:30.136383+00,2026-03-22 20:08:26.891+00,4c8525f3-3b06-489a-bd9d-708d2ae2f996,null,true,null,null
fd89e135-2ceb-430e-a9a5-8b48cad0bb13,15e5f959-410f-489c-b055-7591d6922751,cada9ea4-45a5-42d4-981e-3a6ac60efa62,2026-01-23,8,work,manual,null,null,null,null,fb8513ee-5592-4bc4-8c2f-b7cf42c38dfb,2026-03-24 09:39:36.571+00,null,false,2026-03-24 09:39:38.718271+00,2026-03-24 09:40:04.93371+00,c63b62e4-529c-450e-985f-a3d7c7723f99,null,true,null,null
2b481e4f-6aa7-4a7e-ac2c-415590b92b63,15e5f959-410f-489c-b055-7591d6922751,cada9ea4-45a5-42d4-981e-3a6ac60efa62,2026-01-23,8,work,manual,null,null,null,null,fb8513ee-5592-4bc4-8c2f-b7cf42c38dfb,2026-03-24 09:40:38.815+00,null,true,2026-03-24 09:40:40.865043+00,2026-03-24 09:40:38.815+00,4ea2c62b-7a42-4b68-8703-29150b1ade0f,null,true,null,null
9c0ce4f7-82e3-45c3-a4de-eb1fb7068197,07f24df6-84e1-4eb7-91d2-41d2b5e5936a,5d73f3d3-b6c5-4368-b753-1dcf38c16102,2026-01-23,7.6,work,manual,null,null,null,null,1dd66dc8-96f5-40bb-846e-9f344f64b9f2,2026-03-26 06:11:55.081+00,null,true,2026-03-26 06:11:56.696291+00,2026-03-26 06:11:55.081+00,null,U,false,null,null
e879206d-3c2a-4772-a01d-0d8b3b6e9c14,6c868fe7-61fe-48bd-8f6c-1095a81cec04,9cdec770-8078-4426-a220-4520032e2acf,2026-01-26,8,work,manual,null,null,null,null,d800f7c1-d56f-420e-b301-2826c837343a,2026-03-02 11:57:29.189+00,null,false,2026-03-02 11:57:30.370134+00,2026-03-02 11:59:27.757145+00,null,null,false,null,null
250151c2-c71c-43e0-b7f5-719fb44deb57,fa740b69-3551-4730-a26d-f44aac5b3f56,9cdec770-8078-4426-a220-4520032e2acf,2026-01-26,6,work,manual,null,null,null,null,d2c2a722-94c8-49d0-87e7-755c95bba02d,2026-03-02 12:20:30.394+00,null,true,2026-03-02 12:20:31.639556+00,2026-03-02 12:20:30.394+00,013cb68d-bbe2-45fe-b796-cfb2a51a9097,null,true,null,null
f36ca145-172f-4ed8-97a0-6a012581f9e0,6c868fe7-61fe-48bd-8f6c-1095a81cec04,9cdec770-8078-4426-a220-4520032e2acf,2026-01-26,8,work,manual,null,null,null,null,d800f7c1-d56f-420e-b301-2826c837343a,2026-03-02 20:27:26.651+00,null,false,2026-03-02 20:27:27.835333+00,2026-03-02 20:27:57.211184+00,274ab1d6-143b-4b38-9bb6-1c61ff6d356e,null,true,null,null
86a669da-f71d-4ee0-81bc-e13aa3481ae5,6c868fe7-61fe-48bd-8f6c-1095a81cec04,9cdec770-8078-4426-a220-4520032e2acf,2026-01-26,8,work,manual,null,null,null,null,d800f7c1-d56f-420e-b301-2826c837343a,2026-03-02 20:43:42.084+00,null,false,2026-03-02 20:38:28.106627+00,2026-03-02 20:43:59.054981+00,null,null,false,null,null
cc47a138-3065-4db6-b979-021e6b96b2e3,6c868fe7-61fe-48bd-8f6c-1095a81cec04,9cdec770-8078-4426-a220-4520032e2acf,2026-01-26,8,work,manual,null,null,null,null,d800f7c1-d56f-420e-b301-2826c837343a,2026-03-02 20:52:26.808+00,null,true,2026-03-02 20:52:28.237904+00,2026-03-02 20:52:26.808+00,null,null,false,null,null
fee7b64b-1537-4e91-a239-096a386ab331,26849e30-a026-45ae-814f-af82f129a74a,5d73f3d3-b6c5-4368-b753-1dcf38c16102,2026-01-26,6,work,manual,null,null,null,null,fb8513ee-5592-4bc4-8c2f-b7cf42c38dfb,2026-03-22 20:04:45.455+00,null,true,2026-03-22 20:03:54.125246+00,2026-03-22 20:04:48.429954+00,3af5fdcb-2bd2-4277-8d82-2ce312c5ef02,null,true,null,null
9b77c1d5-3a34-4404-abc6-4859d58edfa4,1edb3a61-b1d4-4889-a89f-b43401ccf5a2,5d73f3d3-b6c5-4368-b753-1dcf38c16102,2026-01-26,9,work,manual,null,null,null,null,fb8513ee-5592-4bc4-8c2f-b7cf42c38dfb,2026-03-22 20:08:26.891+00,null,true,2026-03-22 20:08:30.288835+00,2026-03-22 20:08:26.891+00,4c8525f3-3b06-489a-bd9d-708d2ae2f996,null,true,null,null
80fe9417-7483-4421-8f91-e90d9603bd1b,15e5f959-410f-489c-b055-7591d6922751,cada9ea4-45a5-42d4-981e-3a6ac60efa62,2026-01-26,8,work,manual,null,null,null,null,fb8513ee-5592-4bc4-8c2f-b7cf42c38dfb,2026-03-24 09:39:36.571+00,null,false,2026-03-24 09:39:38.821896+00,2026-03-24 09:40:04.93371+00,c63b62e4-529c-450e-985f-a3d7c7723f99,null,true,null,null
932553f0-8c9f-43d8-b6d3-f0d7fd15fb0f,15e5f959-410f-489c-b055-7591d6922751,cada9ea4-45a5-42d4-981e-3a6ac60efa62,2026-01-26,8,work,manual,null,null,null,null,fb8513ee-5592-4bc4-8c2f-b7cf42c38dfb,2026-03-24 09:40:38.815+00,null,true,2026-03-24 09:40:40.974118+00,2026-03-24 09:40:38.815+00,4ea2c62b-7a42-4b68-8703-29150b1ade0f,null,true,null,null
cccb916a-d254-4989-b049-92582a1839c1,6c868fe7-61fe-48bd-8f6c-1095a81cec04,9cdec770-8078-4426-a220-4520032e2acf,2026-01-27,8,work,manual,null,null,null,null,d800f7c1-d56f-420e-b301-2826c837343a,2026-03-02 11:57:29.189+00,null,false,2026-03-02 11:57:30.457706+00,2026-03-02 11:59:27.757145+00,null,null,false,null,null
8c68db7e-cc9d-42a2-805c-a1bb0f23ef9a,fa740b69-3551-4730-a26d-f44aac5b3f56,9cdec770-8078-4426-a220-4520032e2acf,2026-01-27,6,work,manual,null,null,null,null,d2c2a722-94c8-49d0-87e7-755c95bba02d,2026-03-02 12:20:30.394+00,null,true,2026-03-02 12:20:31.687781+00,2026-03-02 12:20:30.394+00,013cb68d-bbe2-45fe-b796-cfb2a51a9097,null,true,null,null
8269a2d6-2aa8-43b7-b94b-19e6a17c16d6,6c868fe7-61fe-48bd-8f6c-1095a81cec04,9cdec770-8078-4426-a220-4520032e2acf,2026-01-27,8,work,manual,null,null,null,null,d800f7c1-d56f-420e-b301-2826c837343a,2026-03-02 20:27:26.651+00,null,false,2026-03-02 20:27:27.880478+00,2026-03-02 20:27:57.211184+00,274ab1d6-143b-4b38-9bb6-1c61ff6d356e,null,true,null,null
f364f8e4-157c-4934-9afe-61f273f83d4c,6c868fe7-61fe-48bd-8f6c-1095a81cec04,9cdec770-8078-4426-a220-4520032e2acf,2026-01-27,8,work,manual,null,null,null,null,d800f7c1-d56f-420e-b301-2826c837343a,2026-03-02 20:43:42.084+00,null,false,2026-03-02 20:38:28.164164+00,2026-03-02 20:43:59.054981+00,null,null,false,null,null
be72abcf-d780-4247-a939-31fccd68d8cf,6c868fe7-61fe-48bd-8f6c-1095a81cec04,9cdec770-8078-4426-a220-4520032e2acf,2026-01-27,8,work,manual,null,null,null,null,d800f7c1-d56f-420e-b301-2826c837343a,2026-03-02 20:52:26.808+00,null,true,2026-03-02 20:52:28.300281+00,2026-03-02 20:52:26.808+00,null,null,false,null,null
26e2f583-2831-47bb-899d-f4d3798acd60,26849e30-a026-45ae-814f-af82f129a74a,5d73f3d3-b6c5-4368-b753-1dcf38c16102,2026-01-27,5.6,work,manual,null,null,null,null,fb8513ee-5592-4bc4-8c2f-b7cf42c38dfb,2026-03-22 20:04:45.455+00,null,true,2026-03-22 20:04:48.528686+00,2026-03-22 20:04:45.455+00,null,null,false,null,null
8fb844df-242f-4681-9d7e-3df551da7b1f,1edb3a61-b1d4-4889-a89f-b43401ccf5a2,5d73f3d3-b6c5-4368-b753-1dcf38c16102,2026-01-27,9,work,manual,null,null,null,null,fb8513ee-5592-4bc4-8c2f-b7cf42c38dfb,2026-03-22 20:08:26.891+00,null,true,2026-03-22 20:08:30.45372+00,2026-03-22 20:08:26.891+00,4c8525f3-3b06-489a-bd9d-708d2ae2f996,null,true,null,null
887e3347-d840-4550-bff8-927e458daec1,15e5f959-410f-489c-b055-7591d6922751,cada9ea4-45a5-42d4-981e-3a6ac60efa62,2026-01-27,8,work,manual,null,null,null,null,fb8513ee-5592-4bc4-8c2f-b7cf42c38dfb,2026-03-24 09:39:36.571+00,null,false,2026-03-24 09:39:38.934012+00,2026-03-24 09:40:04.93371+00,c63b62e4-529c-450e-985f-a3d7c7723f99,null,true,null,null
be5cb0d2-8156-478c-808c-8dea6c2377e7,15e5f959-410f-489c-b055-7591d6922751,cada9ea4-45a5-42d4-981e-3a6ac60efa62,2026-01-27,8,work,manual,null,null,null,null,fb8513ee-5592-4bc4-8c2f-b7cf42c38dfb,2026-03-24 09:40:38.815+00,null,true,2026-03-24 09:40:41.082903+00,2026-03-24 09:40:38.815+00,4ea2c62b-7a42-4b68-8703-29150b1ade0f,null,true,null,null
d1755007-0b7a-40d0-99e6-e7ff0469ef4a,07f24df6-84e1-4eb7-91d2-41d2b5e5936a,5d73f3d3-b6c5-4368-b753-1dcf38c16102,2026-01-27,7.6,work,manual,null,null,null,null,1dd66dc8-96f5-40bb-846e-9f344f64b9f2,2026-03-26 06:11:55.081+00,null,true,2026-03-26 06:11:56.792772+00,2026-03-26 06:11:55.081+00,null,U,false,null,null
04d389fe-be22-4545-8891-69b7cfd6b260,6c868fe7-61fe-48bd-8f6c-1095a81cec04,9cdec770-8078-4426-a220-4520032e2acf,2026-01-28,8,work,manual,null,null,null,null,d800f7c1-d56f-420e-b301-2826c837343a,2026-03-02 11:57:29.189+00,null,false,2026-03-02 11:57:30.518117+00,2026-03-02 11:59:27.757145+00,null,null,false,null,null
c740c895-6a33-4011-99e4-dcc334090ae8,fa740b69-3551-4730-a26d-f44aac5b3f56,9cdec770-8078-4426-a220-4520032e2acf,2026-01-28,6,work,manual,null,null,null,null,d2c2a722-94c8-49d0-87e7-755c95bba02d,2026-03-02 12:20:30.394+00,null,true,2026-03-02 12:20:31.742232+00,2026-03-02 12:20:30.394+00,013cb68d-bbe2-45fe-b796-cfb2a51a9097,null,true,null,null
68aa1078-070a-471c-8cda-dbe1d43850e6,6c868fe7-61fe-48bd-8f6c-1095a81cec04,9cdec770-8078-4426-a220-4520032e2acf,2026-01-28,8,work,manual,null,null,null,null,d800f7c1-d56f-420e-b301-2826c837343a,2026-03-02 20:27:26.651+00,null,false,2026-03-02 20:27:27.92803+00,2026-03-02 20:27:57.211184+00,274ab1d6-143b-4b38-9bb6-1c61ff6d356e,null,true,null,null
8f622c15-d68e-4eb6-85c3-8968261c2ea7,6c868fe7-61fe-48bd-8f6c-1095a81cec04,9cdec770-8078-4426-a220-4520032e2acf,2026-01-28,8,work,manual,null,null,null,null,d800f7c1-d56f-420e-b301-2826c837343a,2026-03-02 20:43:42.084+00,null,false,2026-03-02 20:38:28.219831+00,2026-03-02 20:43:59.054981+00,null,null,false,null,null
d3af6da0-f3de-4786-af21-455e921db8d4,6c868fe7-61fe-48bd-8f6c-1095a81cec04,9cdec770-8078-4426-a220-4520032e2acf,2026-01-28,8,work,manual,null,null,null,null,d800f7c1-d56f-420e-b301-2826c837343a,2026-03-02 20:52:26.808+00,null,true,2026-03-02 20:52:28.350914+00,2026-03-02 20:52:26.808+00,null,null,false,null,null
357e1b09-8569-484c-9002-dc5de0e9c69c,26849e30-a026-45ae-814f-af82f129a74a,5d73f3d3-b6c5-4368-b753-1dcf38c16102,2026-01-28,5.6,work,manual,null,null,null,null,fb8513ee-5592-4bc4-8c2f-b7cf42c38dfb,2026-03-22 20:04:45.455+00,null,true,2026-03-22 20:04:48.636567+00,2026-03-22 20:04:45.455+00,null,null,false,null,null
25d08ae0-7ead-4ca0-94c6-537d56d81697,1edb3a61-b1d4-4889-a89f-b43401ccf5a2,5d73f3d3-b6c5-4368-b753-1dcf38c16102,2026-01-28,9,work,manual,null,null,null,null,fb8513ee-5592-4bc4-8c2f-b7cf42c38dfb,2026-03-22 20:08:26.891+00,null,true,2026-03-22 20:08:30.607117+00,2026-03-22 20:08:26.891+00,4c8525f3-3b06-489a-bd9d-708d2ae2f996,null,true,null,null
f35223e0-2f13-461c-9d60-e830f21fad1f,15e5f959-410f-489c-b055-7591d6922751,cada9ea4-45a5-42d4-981e-3a6ac60efa62,2026-01-28,8,work,manual,null,null,null,null,fb8513ee-5592-4bc4-8c2f-b7cf42c38dfb,2026-03-24 09:39:36.571+00,null,false,2026-03-24 09:39:39.051871+00,2026-03-24 09:40:04.93371+00,c63b62e4-529c-450e-985f-a3d7c7723f99,null,true,null,null
1f09454b-50b1-4b73-8416-d2e9ba6974f5,15e5f959-410f-489c-b055-7591d6922751,cada9ea4-45a5-42d4-981e-3a6ac60efa62,2026-01-28,8,work,manual,null,null,null,null,fb8513ee-5592-4bc4-8c2f-b7cf42c38dfb,2026-03-24 09:40:38.815+00,null,true,2026-03-24 09:40:41.197092+00,2026-03-24 09:40:38.815+00,4ea2c62b-7a42-4b68-8703-29150b1ade0f,null,true,null,null
abec5670-f9d2-4ca3-9fcb-875d1329abab,07f24df6-84e1-4eb7-91d2-41d2b5e5936a,5d73f3d3-b6c5-4368-b753-1dcf38c16102,2026-01-28,7.6,work,manual,null,null,null,null,1dd66dc8-96f5-40bb-846e-9f344f64b9f2,2026-03-26 06:11:55.081+00,null,true,2026-03-26 06:11:56.887798+00,2026-03-26 06:11:55.081+00,null,U,false,null,null
9d3be508-7081-4f11-ba50-c4471a21b978,6c868fe7-61fe-48bd-8f6c-1095a81cec04,9cdec770-8078-4426-a220-4520032e2acf,2026-01-29,8,work,manual,null,null,null,null,d800f7c1-d56f-420e-b301-2826c837343a,2026-03-02 11:57:29.189+00,null,false,2026-03-02 11:57:30.567027+00,2026-03-02 11:59:27.757145+00,null,null,false,null,null
230c1b92-2d6e-4192-b6fd-7304bf78fb4f,fa740b69-3551-4730-a26d-f44aac5b3f56,9cdec770-8078-4426-a220-4520032e2acf,2026-01-29,6,work,manual,null,null,null,null,d2c2a722-94c8-49d0-87e7-755c95bba02d,2026-03-02 12:20:30.394+00,null,true,2026-03-02 12:20:31.803282+00,2026-03-02 12:20:30.394+00,013cb68d-bbe2-45fe-b796-cfb2a51a9097,null,true,null,null
732db6f1-0bb4-4c3f-a03e-56365de4d073,6c868fe7-61fe-48bd-8f6c-1095a81cec04,9cdec770-8078-4426-a220-4520032e2acf,2026-01-29,8,work,manual,null,null,null,null,d800f7c1-d56f-420e-b301-2826c837343a,2026-03-02 20:27:26.651+00,null,false,2026-03-02 20:27:27.974889+00,2026-03-02 20:27:57.211184+00,274ab1d6-143b-4b38-9bb6-1c61ff6d356e,null,true,null,null
7a7180fe-47cd-4ca1-bb34-7103fc77d79e,6c868fe7-61fe-48bd-8f6c-1095a81cec04,9cdec770-8078-4426-a220-4520032e2acf,2026-01-29,8,work,manual,null,null,null,null,d800f7c1-d56f-420e-b301-2826c837343a,2026-03-02 20:43:42.084+00,null,false,2026-03-02 20:38:28.283276+00,2026-03-02 20:43:59.054981+00,null,null,false,null,null
595817c2-99b6-4a12-95e4-f2c391483643,6c868fe7-61fe-48bd-8f6c-1095a81cec04,9cdec770-8078-4426-a220-4520032e2acf,2026-01-29,8,work,manual,null,null,null,null,d800f7c1-d56f-420e-b301-2826c837343a,2026-03-02 20:52:26.808+00,null,true,2026-03-02 20:52:28.402193+00,2026-03-02 20:52:26.808+00,null,null,false,null,null
4e7df6c1-4f2f-4938-b43d-74f7eeefaa43,26849e30-a026-45ae-814f-af82f129a74a,5d73f3d3-b6c5-4368-b753-1dcf38c16102,2026-01-29,5.6,work,manual,null,null,null,null,fb8513ee-5592-4bc4-8c2f-b7cf42c38dfb,2026-03-22 20:04:45.455+00,null,true,2026-03-22 20:04:48.744475+00,2026-03-22 20:04:45.455+00,null,null,false,null,null
67a799dc-f179-4989-adbe-f500ff2fb1d7,1edb3a61-b1d4-4889-a89f-b43401ccf5a2,5d73f3d3-b6c5-4368-b753-1dcf38c16102,2026-01-29,9,work,manual,null,null,null,null,fb8513ee-5592-4bc4-8c2f-b7cf42c38dfb,2026-03-22 20:08:26.891+00,null,true,2026-03-22 20:08:30.793519+00,2026-03-22 20:08:26.891+00,4c8525f3-3b06-489a-bd9d-708d2ae2f996,null,true,null,null
d8fbf75c-790c-43f9-9f8f-27e83acbfbe6,15e5f959-410f-489c-b055-7591d6922751,cada9ea4-45a5-42d4-981e-3a6ac60efa62,2026-01-29,8,work,manual,null,null,null,null,fb8513ee-5592-4bc4-8c2f-b7cf42c38dfb,2026-03-24 09:39:36.571+00,null,false,2026-03-24 09:39:39.16548+00,2026-03-24 09:40:04.93371+00,c63b62e4-529c-450e-985f-a3d7c7723f99,null,true,null,null
e665b113-8d93-4ea3-8056-477893d0e067,15e5f959-410f-489c-b055-7591d6922751,cada9ea4-45a5-42d4-981e-3a6ac60efa62,2026-01-29,8,work,manual,null,null,null,null,fb8513ee-5592-4bc4-8c2f-b7cf42c38dfb,2026-03-24 09:40:38.815+00,null,true,2026-03-24 09:40:41.299831+00,2026-03-24 09:40:38.815+00,4ea2c62b-7a42-4b68-8703-29150b1ade0f,null,true,null,null
4540e0c7-4e53-40b3-ae35-488c96ac1e87,07f24df6-84e1-4eb7-91d2-41d2b5e5936a,5d73f3d3-b6c5-4368-b753-1dcf38c16102,2026-01-29,7.6,work,manual,null,null,null,null,1dd66dc8-96f5-40bb-846e-9f344f64b9f2,2026-03-26 06:11:55.081+00,null,true,2026-03-26 06:11:56.983008+00,2026-03-26 06:11:55.081+00,null,U,false,null,null
315d23d3-ad3f-471a-baf6-eb421c12e443,6c868fe7-61fe-48bd-8f6c-1095a81cec04,9cdec770-8078-4426-a220-4520032e2acf,2026-01-30,8,work,manual,null,null,null,null,d800f7c1-d56f-420e-b301-2826c837343a,2026-03-02 11:57:29.189+00,null,false,2026-03-02 11:57:30.614455+00,2026-03-02 11:59:27.757145+00,null,null,false,null,null
1b46b5d3-2da3-4f61-a586-7b41589efe01,fa740b69-3551-4730-a26d-f44aac5b3f56,9cdec770-8078-4426-a220-4520032e2acf,2026-01-30,6,work,manual,null,null,null,null,d2c2a722-94c8-49d0-87e7-755c95bba02d,2026-03-02 12:20:30.394+00,null,true,2026-03-02 12:20:31.864871+00,2026-03-02 12:20:30.394+00,013cb68d-bbe2-45fe-b796-cfb2a51a9097,null,true,null,null
1797e3ea-2086-4c84-a40b-1892045346a1,6c868fe7-61fe-48bd-8f6c-1095a81cec04,9cdec770-8078-4426-a220-4520032e2acf,2026-01-30,8,work,manual,null,null,null,null,d800f7c1-d56f-420e-b301-2826c837343a,2026-03-02 20:27:26.651+00,null,false,2026-03-02 20:27:28.020434+00,2026-03-02 20:27:57.211184+00,274ab1d6-143b-4b38-9bb6-1c61ff6d356e,null,true,null,null
e6dfeb05-f783-40de-b61f-f1d8592afe8c,6c868fe7-61fe-48bd-8f6c-1095a81cec04,9cdec770-8078-4426-a220-4520032e2acf,2026-01-30,8,work,manual,null,null,null,null,d800f7c1-d56f-420e-b301-2826c837343a,2026-03-02 20:43:42.084+00,null,false,2026-03-02 20:38:28.33612+00,2026-03-02 20:43:59.054981+00,null,null,false,null,null
f3d2cbee-90a2-45ba-a04a-c0566738986c,6c868fe7-61fe-48bd-8f6c-1095a81cec04,9cdec770-8078-4426-a220-4520032e2acf,2026-01-30,8,work,manual,null,null,null,null,d800f7c1-d56f-420e-b301-2826c837343a,2026-03-02 20:52:26.808+00,null,true,2026-03-02 20:52:28.456679+00,2026-03-02 20:52:26.808+00,null,null,false,null,null
213474e6-9ce6-4e24-8594-6857a9d5344c,26849e30-a026-45ae-814f-af82f129a74a,5d73f3d3-b6c5-4368-b753-1dcf38c16102,2026-01-30,5.6,work,manual,null,null,null,null,fb8513ee-5592-4bc4-8c2f-b7cf42c38dfb,2026-03-22 20:04:45.455+00,null,true,2026-03-22 20:04:48.853825+00,2026-03-22 20:04:45.455+00,null,null,false,null,null
28cea55b-a925-4ad7-a60f-fafbedc9cdd4,1edb3a61-b1d4-4889-a89f-b43401ccf5a2,5d73f3d3-b6c5-4368-b753-1dcf38c16102,2026-01-30,9,work,manual,null,null,null,null,fb8513ee-5592-4bc4-8c2f-b7cf42c38dfb,2026-03-22 20:08:26.891+00,null,true,2026-03-22 20:08:30.94458+00,2026-03-22 20:08:26.891+00,4c8525f3-3b06-489a-bd9d-708d2ae2f996,null,true,null,null
6123688a-b25b-46ce-93f0-49000eab3e6e,15e5f959-410f-489c-b055-7591d6922751,cada9ea4-45a5-42d4-981e-3a6ac60efa62,2026-01-30,8,work,manual,null,null,null,null,fb8513ee-5592-4bc4-8c2f-b7cf42c38dfb,2026-03-24 09:39:36.571+00,null,false,2026-03-24 09:39:39.267518+00,2026-03-24 09:40:04.93371+00,c63b62e4-529c-450e-985f-a3d7c7723f99,null,true,null,null
ac9e3107-4ee4-493f-a3d9-9632d246906f,15e5f959-410f-489c-b055-7591d6922751,cada9ea4-45a5-42d4-981e-3a6ac60efa62,2026-01-30,8,work,manual,null,null,null,null,fb8513ee-5592-4bc4-8c2f-b7cf42c38dfb,2026-03-24 09:40:38.815+00,null,true,2026-03-24 09:40:41.409739+00,2026-03-24 09:40:38.815+00,4ea2c62b-7a42-4b68-8703-29150b1ade0f,null,true,null,null
9d542566-0556-4760-9a19-13a680848eec,07f24df6-84e1-4eb7-91d2-41d2b5e5936a,5d73f3d3-b6c5-4368-b753-1dcf38c16102,2026-01-30,7.6,work,manual,null,null,null,null,1dd66dc8-96f5-40bb-846e-9f344f64b9f2,2026-03-26 06:11:55.081+00,null,true,2026-03-26 06:11:57.07175+00,2026-03-26 06:11:55.081+00,null,U,false,null,null
df836dbe-bf6e-4a7c-aabb-08768839794d,fa740b69-3551-4730-a26d-f44aac5b3f56,9cdec770-8078-4426-a220-4520032e2acf,2026-02-02,8,work,manual,null,null,null,null,d800f7c1-d56f-420e-b301-2826c837343a,2026-03-02 21:05:38.293+00,null,false,2026-03-02 21:05:38.51227+00,2026-03-02 21:14:07.070662+00,31b9e752-d2ac-4869-b9ef-6570ffce7c70,null,true,null,null
a3b0ef16-aea4-4ce5-b0d2-b0d060e76a2a,fa740b69-3551-4730-a26d-f44aac5b3f56,9cdec770-8078-4426-a220-4520032e2acf,2026-02-02,8,work,manual,null,null,null,null,d800f7c1-d56f-420e-b301-2826c837343a,2026-03-02 21:05:15.022+00,null,false,2026-03-02 21:05:15.264268+00,2026-03-02 21:05:38.455132+00,31b9e752-d2ac-4869-b9ef-6570ffce7c70,null,true,null,null
8567436a-6254-433f-9089-e00c93e45819,fa740b69-3551-4730-a26d-f44aac5b3f56,9cdec770-8078-4426-a220-4520032e2acf,2026-02-02,8,work,manual,null,null,null,null,d800f7c1-d56f-420e-b301-2826c837343a,2026-03-03 12:39:44.726+00,null,true,2026-03-03 12:39:44.925086+00,2026-03-03 12:39:44.726+00,null,U,false,null,null
54361649-6fe2-411c-8f3a-11979e787cd5,6c868fe7-61fe-48bd-8f6c-1095a81cec04,9cdec770-8078-4426-a220-4520032e2acf,2026-02-02,6,work,manual,null,null,null,null,d800f7c1-d56f-420e-b301-2826c837343a,2026-03-03 12:42:03.237+00,null,true,2026-03-03 12:42:03.430867+00,2026-03-03 12:42:03.237+00,274ab1d6-143b-4b38-9bb6-1c61ff6d356e,null,true,null,null
d5f156ef-b14b-4a96-a2a1-222306b1d99f,15e5f959-410f-489c-b055-7591d6922751,cada9ea4-45a5-42d4-981e-3a6ac60efa62,2026-02-02,8,work,manual,null,null,null,null,fb8513ee-5592-4bc4-8c2f-b7cf42c38dfb,2026-03-24 09:42:06.449+00,null,true,2026-03-24 09:42:06.827753+00,2026-03-24 09:42:06.449+00,4ea2c62b-7a42-4b68-8703-29150b1ade0f,null,true,null,null
71f7ea72-3c51-4629-977c-51b327136f4f,26849e30-a026-45ae-814f-af82f129a74a,5d73f3d3-b6c5-4368-b753-1dcf38c16102,2026-02-02,7.6,work,manual,null,null,null,null,fb8513ee-5592-4bc4-8c2f-b7cf42c38dfb,2026-03-27 23:24:23.606+00,null,true,2026-03-27 22:54:04.991033+00,2026-03-27 23:24:23.866332+00,d4137b56-8992-41c8-b98a-703b5b1e0228,null,true,null,null
a50229b8-fced-467c-9db2-c17573ae9976,07f24df6-84e1-4eb7-91d2-41d2b5e5936a,5d73f3d3-b6c5-4368-b753-1dcf38c16102,2026-02-02,4,work,manual,null,null,null,null,fb8513ee-5592-4bc4-8c2f-b7cf42c38dfb,2026-03-27 23:17:25.245+00,null,true,2026-03-27 23:07:09.140788+00,2026-03-27 23:17:25.573505+00,5c47ce16-f0e2-48b3-a288-18ee12ed838e,null,true,null,null
ab10188a-1c3c-4496-9f54-5457555a351b,1edb3a61-b1d4-4889-a89f-b43401ccf5a2,5d73f3d3-b6c5-4368-b753-1dcf38c16102,2026-02-02,7.6,work,manual,null,null,null,null,fb8513ee-5592-4bc4-8c2f-b7cf42c38dfb,2026-03-27 23:03:04.561+00,null,false,2026-03-27 23:03:04.840581+00,2026-03-27 23:11:14.52927+00,4c8525f3-3b06-489a-bd9d-708d2ae2f996,null,true,null,null
cf132d5c-0562-487a-b0f8-b45cf08d465f,1edb3a61-b1d4-4889-a89f-b43401ccf5a2,5d73f3d3-b6c5-4368-b753-1dcf38c16102,2026-02-02,8,work,manual,null,null,null,null,fb8513ee-5592-4bc4-8c2f-b7cf42c38dfb,2026-03-27 23:11:14.241+00,null,true,2026-03-27 23:11:14.652076+00,2026-03-27 23:11:14.241+00,4c8525f3-3b06-489a-bd9d-708d2ae2f996,null,true,null,null
595592c3-9307-4fe9-bfed-f91fcf069401,fa740b69-3551-4730-a26d-f44aac5b3f56,9cdec770-8078-4426-a220-4520032e2acf,2026-02-03,8,work,manual,null,null,null,null,d800f7c1-d56f-420e-b301-2826c837343a,2026-03-02 21:05:15.022+00,null,false,2026-03-02 21:05:15.320822+00,2026-03-02 21:05:38.455132+00,31b9e752-d2ac-4869-b9ef-6570ffce7c70,null,true,null,null
607dcec2-b7c6-4eec-9232-f7338bc4f985,fa740b69-3551-4730-a26d-f44aac5b3f56,9cdec770-8078-4426-a220-4520032e2acf,2026-02-03,8,work,manual,null,null,null,null,d800f7c1-d56f-420e-b301-2826c837343a,2026-03-02 21:05:38.293+00,null,false,2026-03-02 21:05:38.569636+00,2026-03-02 21:14:07.070662+00,31b9e752-d2ac-4869-b9ef-6570ffce7c70,null,true,null,null
be2055a6-e996-42ce-9140-ad733e7b5c9d,fa740b69-3551-4730-a26d-f44aac5b3f56,9cdec770-8078-4426-a220-4520032e2acf,2026-02-03,8,work,manual,null,null,null,null,d800f7c1-d56f-420e-b301-2826c837343a,2026-03-03 12:39:44.726+00,null,true,2026-03-03 12:39:44.969912+00,2026-03-03 12:39:44.726+00,null,U,false,null,null
d00297da-70ff-40e1-8343-a72b340f1c01,6c868fe7-61fe-48bd-8f6c-1095a81cec04,9cdec770-8078-4426-a220-4520032e2acf,2026-02-03,6,work,manual,null,null,null,null,d800f7c1-d56f-420e-b301-2826c837343a,2026-03-03 12:42:03.237+00,null,true,2026-03-03 12:42:03.474603+00,2026-03-03 12:42:03.237+00,274ab1d6-143b-4b38-9bb6-1c61ff6d356e,null,true,null,null
8a2e42cd-bf1f-467c-bb6b-ca8b12f93855,15e5f959-410f-489c-b055-7591d6922751,cada9ea4-45a5-42d4-981e-3a6ac60efa62,2026-02-03,8,work,manual,null,null,null,null,fb8513ee-5592-4bc4-8c2f-b7cf42c38dfb,2026-03-24 09:42:06.449+00,null,true,2026-03-24 09:42:06.958622+00,2026-03-24 09:42:06.449+00,4ea2c62b-7a42-4b68-8703-29150b1ade0f,null,true,null,null
fbfb0108-f247-4e83-9f1a-3374b5e4ce43,26849e30-a026-45ae-814f-af82f129a74a,5d73f3d3-b6c5-4368-b753-1dcf38c16102,2026-02-03,7.6,work,manual,null,null,null,null,fb8513ee-5592-4bc4-8c2f-b7cf42c38dfb,2026-03-27 23:24:23.606+00,null,true,2026-03-27 22:54:05.127884+00,2026-03-27 23:24:23.990709+00,d4137b56-8992-41c8-b98a-703b5b1e0228,null,true,null,null
8c21cd93-e364-4048-b507-b109e8473e47,07f24df6-84e1-4eb7-91d2-41d2b5e5936a,5d73f3d3-b6c5-4368-b753-1dcf38c16102,2026-02-03,4,work,manual,null,null,null,null,fb8513ee-5592-4bc4-8c2f-b7cf42c38dfb,2026-03-27 23:17:25.245+00,null,true,2026-03-27 23:07:09.287552+00,2026-03-27 23:17:25.724578+00,5c47ce16-f0e2-48b3-a288-18ee12ed838e,null,true,null,null
6224f71f-a3bc-42c6-86a8-b021723d06b8,1edb3a61-b1d4-4889-a89f-b43401ccf5a2,5d73f3d3-b6c5-4368-b753-1dcf38c16102,2026-02-03,7.6,work,manual,null,null,null,null,fb8513ee-5592-4bc4-8c2f-b7cf42c38dfb,2026-03-27 23:03:04.561+00,null,false,2026-03-27 23:03:04.969322+00,2026-03-27 23:11:14.52927+00,4c8525f3-3b06-489a-bd9d-708d2ae2f996,null,true,null,null
2b6ac86e-279f-40c7-ad20-7312545206ca,1edb3a61-b1d4-4889-a89f-b43401ccf5a2,5d73f3d3-b6c5-4368-b753-1dcf38c16102,2026-02-03,8,work,manual,null,null,null,null,fb8513ee-5592-4bc4-8c2f-b7cf42c38dfb,2026-03-27 23:11:14.241+00,null,true,2026-03-27 23:11:14.759758+00,2026-03-27 23:11:14.241+00,4c8525f3-3b06-489a-bd9d-708d2ae2f996,null,true,null,null
f8fd7095-609e-40c4-ac73-14c4ecbd0c3e,fa740b69-3551-4730-a26d-f44aac5b3f56,9cdec770-8078-4426-a220-4520032e2acf,2026-02-04,8,work,manual,null,null,null,null,d800f7c1-d56f-420e-b301-2826c837343a,2026-03-02 21:05:38.293+00,null,false,2026-03-02 21:05:38.629534+00,2026-03-02 21:14:07.070662+00,31b9e752-d2ac-4869-b9ef-6570ffce7c70,null,true,null,null
8d39250e-ae4c-4931-8b2c-128542bbec9a,fa740b69-3551-4730-a26d-f44aac5b3f56,9cdec770-8078-4426-a220-4520032e2acf,2026-02-04,8,work,manual,null,null,null,null,d800f7c1-d56f-420e-b301-2826c837343a,2026-03-02 21:05:15.022+00,null,false,2026-03-02 21:05:15.378631+00,2026-03-02 21:05:38.455132+00,31b9e752-d2ac-4869-b9ef-6570ffce7c70,null,true,null,null
8fa78b5d-c67a-408a-bcf0-320c937650cf,fa740b69-3551-4730-a26d-f44aac5b3f56,9cdec770-8078-4426-a220-4520032e2acf,2026-02-04,6,work,manual,null,null,null,null,d800f7c1-d56f-420e-b301-2826c837343a,2026-03-03 12:39:44.726+00,null,true,2026-03-03 12:39:45.0127+00,2026-03-03 12:39:44.726+00,57c2101d-05c8-4492-9e4d-453fc7ff3365,null,true,null,null
a0101fe9-029e-4db2-a964-bb18de7a0936,6c868fe7-61fe-48bd-8f6c-1095a81cec04,9cdec770-8078-4426-a220-4520032e2acf,2026-02-04,6,work,manual,null,null,null,null,d800f7c1-d56f-420e-b301-2826c837343a,2026-03-03 12:42:03.237+00,null,true,2026-03-03 12:42:03.514831+00,2026-03-03 12:42:03.237+00,274ab1d6-143b-4b38-9bb6-1c61ff6d356e,null,true,null,null
bf50bcda-fb7f-4dd2-b378-70feca27ce6e,15e5f959-410f-489c-b055-7591d6922751,cada9ea4-45a5-42d4-981e-3a6ac60efa62,2026-02-04,8,work,manual,null,null,null,null,fb8513ee-5592-4bc4-8c2f-b7cf42c38dfb,2026-03-24 09:42:06.449+00,null,true,2026-03-24 09:42:07.069564+00,2026-03-24 09:42:06.449+00,4ea2c62b-7a42-4b68-8703-29150b1ade0f,null,true,null,null
379db8f6-8979-4f3d-95cc-df8da357b1a9,26849e30-a026-45ae-814f-af82f129a74a,5d73f3d3-b6c5-4368-b753-1dcf38c16102,2026-02-04,7.6,work,manual,null,null,null,null,fb8513ee-5592-4bc4-8c2f-b7cf42c38dfb,2026-03-27 23:24:23.606+00,null,true,2026-03-27 22:54:05.240779+00,2026-03-27 23:24:24.114406+00,d4137b56-8992-41c8-b98a-703b5b1e0228,null,true,null,null
2ce44aa6-8d6b-4026-9f93-cf1997e63e2d,1edb3a61-b1d4-4889-a89f-b43401ccf5a2,5d73f3d3-b6c5-4368-b753-1dcf38c16102,2026-02-04,8,work,manual,null,null,null,null,fb8513ee-5592-4bc4-8c2f-b7cf42c38dfb,2026-03-27 23:11:14.241+00,null,true,2026-03-27 23:03:05.08526+00,2026-03-27 23:11:14.901573+00,4c8525f3-3b06-489a-bd9d-708d2ae2f996,null,true,null,null
eadbb3f6-e14d-4d9d-a45f-6c9d8f06a6b9,07f24df6-84e1-4eb7-91d2-41d2b5e5936a,5d73f3d3-b6c5-4368-b753-1dcf38c16102,2026-02-04,4,work,manual,null,null,null,null,fb8513ee-5592-4bc4-8c2f-b7cf42c38dfb,2026-03-27 23:17:25.245+00,null,true,2026-03-27 23:07:09.48215+00,2026-03-27 23:17:25.872223+00,5c47ce16-f0e2-48b3-a288-18ee12ed838e,null,true,null,null
3697292c-c114-4351-85f9-8bd3bf64d0bc,fa740b69-3551-4730-a26d-f44aac5b3f56,9cdec770-8078-4426-a220-4520032e2acf,2026-02-05,8,work,manual,null,null,null,null,d800f7c1-d56f-420e-b301-2826c837343a,2026-03-02 21:05:15.022+00,null,false,2026-03-02 21:05:15.436442+00,2026-03-02 21:05:38.455132+00,31b9e752-d2ac-4869-b9ef-6570ffce7c70,null,true,null,null
a24bb4d1-7c49-4157-809b-e43a83d1f4af,fa740b69-3551-4730-a26d-f44aac5b3f56,9cdec770-8078-4426-a220-4520032e2acf,2026-02-05,8,work,manual,null,null,null,null,d800f7c1-d56f-420e-b301-2826c837343a,2026-03-02 21:05:38.293+00,null,false,2026-03-02 21:05:38.687284+00,2026-03-02 21:14:07.070662+00,31b9e752-d2ac-4869-b9ef-6570ffce7c70,null,true,null,null
34d40976-e846-4ceb-97e4-6702db33676a,fa740b69-3551-4730-a26d-f44aac5b3f56,9cdec770-8078-4426-a220-4520032e2acf,2026-02-05,6,work,manual,null,null,null,null,d800f7c1-d56f-420e-b301-2826c837343a,2026-03-03 12:39:44.726+00,null,true,2026-03-03 12:39:45.055323+00,2026-03-03 12:39:44.726+00,57c2101d-05c8-4492-9e4d-453fc7ff3365,null,true,null,null
44c9b9e4-a4b1-4ffe-ac9e-6b29ba6c6ea1,6c868fe7-61fe-48bd-8f6c-1095a81cec04,9cdec770-8078-4426-a220-4520032e2acf,2026-02-05,6,work,manual,null,null,null,null,d800f7c1-d56f-420e-b301-2826c837343a,2026-03-03 12:42:03.237+00,null,true,2026-03-03 12:42:03.557707+00,2026-03-03 12:42:03.237+00,274ab1d6-143b-4b38-9bb6-1c61ff6d356e,null,true,null,null
96fc2364-d810-48fe-b785-4134bc26bcfd,15e5f959-410f-489c-b055-7591d6922751,cada9ea4-45a5-42d4-981e-3a6ac60efa62,2026-02-05,8,work,manual,null,null,null,null,fb8513ee-5592-4bc4-8c2f-b7cf42c38dfb,2026-03-24 09:42:06.449+00,null,true,2026-03-24 09:42:07.172293+00,2026-03-24 09:42:06.449+00,4ea2c62b-7a42-4b68-8703-29150b1ade0f,null,true,null,null
bf6006a3-bc0a-401b-9af6-dfdba80e40dc,26849e30-a026-45ae-814f-af82f129a74a,5d73f3d3-b6c5-4368-b753-1dcf38c16102,2026-02-05,7.6,work,manual,null,null,null,null,fb8513ee-5592-4bc4-8c2f-b7cf42c38dfb,2026-03-27 23:24:23.606+00,null,true,2026-03-27 22:54:05.343302+00,2026-03-27 23:24:24.248119+00,d4137b56-8992-41c8-b98a-703b5b1e0228,null,true,null,null
79500c75-bd4f-48cc-97c6-fea30921e9b7,1edb3a61-b1d4-4889-a89f-b43401ccf5a2,5d73f3d3-b6c5-4368-b753-1dcf38c16102,2026-02-05,8,work,manual,null,null,null,null,fb8513ee-5592-4bc4-8c2f-b7cf42c38dfb,2026-03-27 23:11:14.241+00,null,true,2026-03-27 23:03:05.1922+00,2026-03-27 23:11:15.042052+00,4c8525f3-3b06-489a-bd9d-708d2ae2f996,null,true,null,null
a7e30f18-53a8-45f4-aff5-711c28479cc8,07f24df6-84e1-4eb7-91d2-41d2b5e5936a,5d73f3d3-b6c5-4368-b753-1dcf38c16102,2026-02-05,4,work,manual,null,null,null,null,fb8513ee-5592-4bc4-8c2f-b7cf42c38dfb,2026-03-27 23:17:25.245+00,null,true,2026-03-27 23:07:09.641368+00,2026-03-27 23:17:26.006633+00,5c47ce16-f0e2-48b3-a288-18ee12ed838e,null,true,null,null
b3f24ae6-7b05-4db0-8ece-bb4dfe726c58,fa740b69-3551-4730-a26d-f44aac5b3f56,9cdec770-8078-4426-a220-4520032e2acf,2026-02-06,8,work,manual,null,null,null,null,d800f7c1-d56f-420e-b301-2826c837343a,2026-03-02 21:05:38.293+00,null,false,2026-03-02 21:05:38.751561+00,2026-03-02 21:14:07.070662+00,31b9e752-d2ac-4869-b9ef-6570ffce7c70,null,true,null,null
d24ce066-8308-44e7-9f41-f8ae32454f85,fa740b69-3551-4730-a26d-f44aac5b3f56,9cdec770-8078-4426-a220-4520032e2acf,2026-02-06,8,work,manual,null,null,null,null,d800f7c1-d56f-420e-b301-2826c837343a,2026-03-02 21:05:15.022+00,null,false,2026-03-02 21:05:15.487832+00,2026-03-02 21:05:38.455132+00,31b9e752-d2ac-4869-b9ef-6570ffce7c70,null,true,null,null
634a3a9b-d991-463a-a643-08b3be4f4f70,fa740b69-3551-4730-a26d-f44aac5b3f56,9cdec770-8078-4426-a220-4520032e2acf,2026-02-06,6,work,manual,null,null,null,null,d800f7c1-d56f-420e-b301-2826c837343a,2026-03-03 12:39:44.726+00,null,true,2026-03-03 12:39:45.096201+00,2026-03-03 12:39:44.726+00,57c2101d-05c8-4492-9e4d-453fc7ff3365,null,true,null,null
9cb5ea21-1755-4f75-b0d3-8a8b3cd0370f,6c868fe7-61fe-48bd-8f6c-1095a81cec04,9cdec770-8078-4426-a220-4520032e2acf,2026-02-06,6,work,manual,null,null,null,null,d800f7c1-d56f-420e-b301-2826c837343a,2026-03-03 12:42:03.237+00,null,true,2026-03-03 12:42:03.60148+00,2026-03-03 12:42:03.237+00,274ab1d6-143b-4b38-9bb6-1c61ff6d356e,null,true,null,null
8dbfbba5-66cd-4157-808c-88c9c2ca8bf7,15e5f959-410f-489c-b055-7591d6922751,cada9ea4-45a5-42d4-981e-3a6ac60efa62,2026-02-06,8,work,manual,null,null,null,null,fb8513ee-5592-4bc4-8c2f-b7cf42c38dfb,2026-03-24 09:42:06.449+00,null,true,2026-03-24 09:42:07.260254+00,2026-03-24 09:42:06.449+00,4ea2c62b-7a42-4b68-8703-29150b1ade0f,null,true,null,null
f1c23eb5-5361-4c0d-9184-7b41a585d60b,26849e30-a026-45ae-814f-af82f129a74a,5d73f3d3-b6c5-4368-b753-1dcf38c16102,2026-02-06,7.6,work,manual,null,null,null,null,fb8513ee-5592-4bc4-8c2f-b7cf42c38dfb,2026-03-27 23:24:23.606+00,null,true,2026-03-27 22:54:05.440782+00,2026-03-27 23:24:24.379154+00,d4137b56-8992-41c8-b98a-703b5b1e0228,null,true,null,null
ac4364af-9819-43e1-be74-ad292dc69b99,1edb3a61-b1d4-4889-a89f-b43401ccf5a2,5d73f3d3-b6c5-4368-b753-1dcf38c16102,2026-02-06,8,work,manual,null,null,null,null,fb8513ee-5592-4bc4-8c2f-b7cf42c38dfb,2026-03-27 23:11:14.241+00,null,true,2026-03-27 23:03:05.297334+00,2026-03-27 23:11:15.179387+00,4c8525f3-3b06-489a-bd9d-708d2ae2f996,null,true,null,null
488ac0c1-8d04-4923-8c31-10ed89a35b08,07f24df6-84e1-4eb7-91d2-41d2b5e5936a,5d73f3d3-b6c5-4368-b753-1dcf38c16102,2026-02-06,4,work,manual,null,null,null,null,fb8513ee-5592-4bc4-8c2f-b7cf42c38dfb,2026-03-27 23:17:25.245+00,null,true,2026-03-27 23:07:09.738323+00,2026-03-27 23:17:26.148178+00,5c47ce16-f0e2-48b3-a288-18ee12ed838e,null,true,null,null
12fa0443-c6cf-4c4d-baac-7bc16eeb6ab1,fa740b69-3551-4730-a26d-f44aac5b3f56,9cdec770-8078-4426-a220-4520032e2acf,2026-02-09,8,work,manual,null,null,null,null,d800f7c1-d56f-420e-b301-2826c837343a,2026-03-02 21:05:15.022+00,null,false,2026-03-02 21:05:15.539347+00,2026-03-02 21:05:38.455132+00,31b9e752-d2ac-4869-b9ef-6570ffce7c70,null,true,null,null
bd1d9f8f-86e6-42ad-821b-ad826c85fa66,fa740b69-3551-4730-a26d-f44aac5b3f56,9cdec770-8078-4426-a220-4520032e2acf,2026-02-09,8,work,manual,null,null,null,null,d800f7c1-d56f-420e-b301-2826c837343a,2026-03-02 21:05:38.293+00,null,false,2026-03-02 21:05:38.817759+00,2026-03-02 21:14:07.070662+00,31b9e752-d2ac-4869-b9ef-6570ffce7c70,null,true,null,null
ec3ec8c6-ea26-4ade-8375-c83d0803aaf5,fa740b69-3551-4730-a26d-f44aac5b3f56,9cdec770-8078-4426-a220-4520032e2acf,2026-02-09,6,work,manual,null,null,null,null,d800f7c1-d56f-420e-b301-2826c837343a,2026-03-03 12:39:44.726+00,null,true,2026-03-03 12:39:45.133832+00,2026-03-03 12:39:44.726+00,57c2101d-05c8-4492-9e4d-453fc7ff3365,null,true,null,null
e8bc39a5-05d7-45e9-90fd-c16c751d8f96,6c868fe7-61fe-48bd-8f6c-1095a81cec04,9cdec770-8078-4426-a220-4520032e2acf,2026-02-09,6,work,manual,null,null,null,null,d800f7c1-d56f-420e-b301-2826c837343a,2026-03-03 12:42:03.237+00,null,true,2026-03-03 12:42:03.846775+00,2026-03-03 12:42:03.237+00,8c8ab826-62f6-44f9-a9e3-2011d66f6ee0,null,true,null,null
19403740-e8b7-4588-ad79-8609f88f67d7,15e5f959-410f-489c-b055-7591d6922751,cada9ea4-45a5-42d4-981e-3a6ac60efa62,2026-02-09,8,work,manual,null,null,null,null,fb8513ee-5592-4bc4-8c2f-b7cf42c38dfb,2026-03-24 09:42:06.449+00,null,true,2026-03-24 09:42:07.354287+00,2026-03-24 09:42:06.449+00,4ea2c62b-7a42-4b68-8703-29150b1ade0f,null,true,null,null
67c6c1b1-7f4a-41e4-9baf-9a99042294ae,26849e30-a026-45ae-814f-af82f129a74a,5d73f3d3-b6c5-4368-b753-1dcf38c16102,2026-02-09,7.6,work,manual,null,null,null,null,fb8513ee-5592-4bc4-8c2f-b7cf42c38dfb,2026-03-27 23:24:23.606+00,null,true,2026-03-27 22:54:05.536621+00,2026-03-27 23:24:24.545701+00,3af5fdcb-2bd2-4277-8d82-2ce312c5ef02,null,true,null,null
7436a76e-5d50-461b-adc8-6c2b337872dc,1edb3a61-b1d4-4889-a89f-b43401ccf5a2,5d73f3d3-b6c5-4368-b753-1dcf38c16102,2026-02-09,8,work,manual,null,null,null,null,fb8513ee-5592-4bc4-8c2f-b7cf42c38dfb,2026-03-27 23:11:14.241+00,null,true,2026-03-27 23:03:05.405499+00,2026-03-27 23:11:15.311563+00,4c8525f3-3b06-489a-bd9d-708d2ae2f996,null,true,null,null
ae2631f5-a26f-4b0d-825b-c3d38ad91635,07f24df6-84e1-4eb7-91d2-41d2b5e5936a,5d73f3d3-b6c5-4368-b753-1dcf38c16102,2026-02-09,4,work,manual,null,null,null,null,fb8513ee-5592-4bc4-8c2f-b7cf42c38dfb,2026-03-27 23:17:25.245+00,null,true,2026-03-27 23:07:09.874704+00,2026-03-27 23:17:26.281536+00,5c47ce16-f0e2-48b3-a288-18ee12ed838e,null,true,null,null
fcfdb585-bcd1-415e-8d88-deb6a08b6e01,fa740b69-3551-4730-a26d-f44aac5b3f56,9cdec770-8078-4426-a220-4520032e2acf,2026-02-10,8,work,manual,null,null,null,null,d800f7c1-d56f-420e-b301-2826c837343a,2026-03-02 21:05:38.293+00,null,false,2026-03-02 21:05:38.879599+00,2026-03-02 21:14:07.070662+00,31b9e752-d2ac-4869-b9ef-6570ffce7c70,null,true,null,null
d513057b-60de-43a4-b1c2-589eefa87ea3,fa740b69-3551-4730-a26d-f44aac5b3f56,9cdec770-8078-4426-a220-4520032e2acf,2026-02-10,8,work,manual,null,null,null,null,d800f7c1-d56f-420e-b301-2826c837343a,2026-03-02 21:05:15.022+00,null,false,2026-03-02 21:05:15.599304+00,2026-03-02 21:05:38.455132+00,31b9e752-d2ac-4869-b9ef-6570ffce7c70,null,true,null,null
a315fa2b-19f1-4b54-8565-bc7bf1bf0040,fa740b69-3551-4730-a26d-f44aac5b3f56,9cdec770-8078-4426-a220-4520032e2acf,2026-02-10,6,work,manual,null,null,null,null,d800f7c1-d56f-420e-b301-2826c837343a,2026-03-03 12:39:44.726+00,null,true,2026-03-03 12:39:45.174771+00,2026-03-03 12:39:44.726+00,57c2101d-05c8-4492-9e4d-453fc7ff3365,null,true,null,null
60c526ea-9f6b-4798-b6e7-df566e2a6cbc,6c868fe7-61fe-48bd-8f6c-1095a81cec04,9cdec770-8078-4426-a220-4520032e2acf,2026-02-10,6,work,manual,null,null,null,null,d800f7c1-d56f-420e-b301-2826c837343a,2026-03-03 12:42:03.237+00,null,true,2026-03-03 12:42:03.883494+00,2026-03-03 12:42:03.237+00,8c8ab826-62f6-44f9-a9e3-2011d66f6ee0,null,true,null,null
ff1deee4-d22b-478c-9d29-a12be8e79a12,15e5f959-410f-489c-b055-7591d6922751,cada9ea4-45a5-42d4-981e-3a6ac60efa62,2026-02-10,8,work,manual,null,null,null,null,fb8513ee-5592-4bc4-8c2f-b7cf42c38dfb,2026-03-24 09:42:06.449+00,null,true,2026-03-24 09:42:07.462898+00,2026-03-24 09:42:06.449+00,4ea2c62b-7a42-4b68-8703-29150b1ade0f,null,true,null,null
fc9712a6-0d73-42eb-b34d-e76f7c989211,26849e30-a026-45ae-814f-af82f129a74a,5d73f3d3-b6c5-4368-b753-1dcf38c16102,2026-02-10,7.6,work,manual,null,null,null,null,fb8513ee-5592-4bc4-8c2f-b7cf42c38dfb,2026-03-27 23:24:23.606+00,null,true,2026-03-27 22:54:05.65031+00,2026-03-27 23:24:24.677684+00,3af5fdcb-2bd2-4277-8d82-2ce312c5ef02,null,true,null,null
cac8ca2b-9afa-4980-9517-d137ddf4e0e9,1edb3a61-b1d4-4889-a89f-b43401ccf5a2,5d73f3d3-b6c5-4368-b753-1dcf38c16102,2026-02-10,8,work,manual,null,null,null,null,fb8513ee-5592-4bc4-8c2f-b7cf42c38dfb,2026-03-27 23:11:14.241+00,null,true,2026-03-27 23:03:05.503233+00,2026-03-27 23:11:15.468868+00,4c8525f3-3b06-489a-bd9d-708d2ae2f996,null,true,null,null
5848050c-907a-4f79-b0c0-054580aa4695,07f24df6-84e1-4eb7-91d2-41d2b5e5936a,5d73f3d3-b6c5-4368-b753-1dcf38c16102,2026-02-10,4,work,manual,null,null,null,null,fb8513ee-5592-4bc4-8c2f-b7cf42c38dfb,2026-03-27 23:17:25.245+00,null,true,2026-03-27 23:07:09.969887+00,2026-03-27 23:17:26.422719+00,5c47ce16-f0e2-48b3-a288-18ee12ed838e,null,true,null,null
316824d3-b7f0-487e-bbd3-48251f7a1b35,fa740b69-3551-4730-a26d-f44aac5b3f56,9cdec770-8078-4426-a220-4520032e2acf,2026-02-11,8,work,manual,null,null,null,null,d800f7c1-d56f-420e-b301-2826c837343a,2026-03-02 21:05:15.022+00,null,false,2026-03-02 21:05:15.654184+00,2026-03-02 21:05:38.455132+00,31b9e752-d2ac-4869-b9ef-6570ffce7c70,null,true,null,null
cffadb50-e645-472a-877f-4f571e9f61c5,fa740b69-3551-4730-a26d-f44aac5b3f56,9cdec770-8078-4426-a220-4520032e2acf,2026-02-11,8,work,manual,null,null,null,null,d800f7c1-d56f-420e-b301-2826c837343a,2026-03-02 21:05:38.293+00,null,false,2026-03-02 21:05:38.94416+00,2026-03-02 21:14:07.070662+00,31b9e752-d2ac-4869-b9ef-6570ffce7c70,null,true,null,null
e2321667-be64-4db2-810d-d6bc0afc1b3d,fa740b69-3551-4730-a26d-f44aac5b3f56,9cdec770-8078-4426-a220-4520032e2acf,2026-02-11,6,work,manual,null,null,null,null,d800f7c1-d56f-420e-b301-2826c837343a,2026-03-03 12:39:44.726+00,null,true,2026-03-03 12:39:45.210029+00,2026-03-03 12:39:44.726+00,57c2101d-05c8-4492-9e4d-453fc7ff3365,null,true,null,null
7e1833e9-f0b9-4620-82bb-e603073cedfa,6c868fe7-61fe-48bd-8f6c-1095a81cec04,9cdec770-8078-4426-a220-4520032e2acf,2026-02-11,6,work,manual,null,null,null,null,d800f7c1-d56f-420e-b301-2826c837343a,2026-03-03 12:42:03.237+00,null,true,2026-03-03 12:42:03.926323+00,2026-03-03 12:42:03.237+00,8c8ab826-62f6-44f9-a9e3-2011d66f6ee0,null,true,null,null
e73cf71b-d28b-49d9-8689-db8a5f9df5c7,15e5f959-410f-489c-b055-7591d6922751,cada9ea4-45a5-42d4-981e-3a6ac60efa62,2026-02-11,8,work,manual,null,null,null,null,fb8513ee-5592-4bc4-8c2f-b7cf42c38dfb,2026-03-24 09:42:06.449+00,null,true,2026-03-24 09:42:07.56758+00,2026-03-24 09:42:06.449+00,4ea2c62b-7a42-4b68-8703-29150b1ade0f,null,true,null,null
83189e70-8901-4355-b96b-987e6da90206,26849e30-a026-45ae-814f-af82f129a74a,5d73f3d3-b6c5-4368-b753-1dcf38c16102,2026-02-11,7.6,work,manual,null,null,null,null,fb8513ee-5592-4bc4-8c2f-b7cf42c38dfb,2026-03-27 23:24:23.606+00,null,true,2026-03-27 22:54:05.766637+00,2026-03-27 23:24:24.80129+00,3af5fdcb-2bd2-4277-8d82-2ce312c5ef02,null,true,null,null
f2ed7921-5ebe-49aa-bbd9-9ce1100d60c0,1edb3a61-b1d4-4889-a89f-b43401ccf5a2,5d73f3d3-b6c5-4368-b753-1dcf38c16102,2026-02-11,8,work,manual,null,null,null,null,fb8513ee-5592-4bc4-8c2f-b7cf42c38dfb,2026-03-27 23:11:14.241+00,null,true,2026-03-27 23:03:05.599255+00,2026-03-27 23:11:15.600248+00,4c8525f3-3b06-489a-bd9d-708d2ae2f996,null,true,null,null
e69476ca-a925-4d2e-84ae-8310f0146b75,07f24df6-84e1-4eb7-91d2-41d2b5e5936a,5d73f3d3-b6c5-4368-b753-1dcf38c16102,2026-02-11,4,work,manual,null,null,null,null,fb8513ee-5592-4bc4-8c2f-b7cf42c38dfb,2026-03-27 23:17:25.245+00,null,true,2026-03-27 23:07:10.0686+00,2026-03-27 23:17:26.550641+00,5c47ce16-f0e2-48b3-a288-18ee12ed838e,null,true,null,null
76ae13be-f065-4127-85a0-83e3394e256c,fa740b69-3551-4730-a26d-f44aac5b3f56,9cdec770-8078-4426-a220-4520032e2acf,2026-02-12,8,work,manual,null,null,null,null,d800f7c1-d56f-420e-b301-2826c837343a,2026-03-02 21:05:38.293+00,null,false,2026-03-02 21:05:39.001622+00,2026-03-02 21:14:07.070662+00,31b9e752-d2ac-4869-b9ef-6570ffce7c70,null,true,null,null
81f3b9a4-6634-4f0b-9445-4c09522f3e41,fa740b69-3551-4730-a26d-f44aac5b3f56,9cdec770-8078-4426-a220-4520032e2acf,2026-02-12,8,work,manual,null,null,null,null,d800f7c1-d56f-420e-b301-2826c837343a,2026-03-02 21:05:15.022+00,null,false,2026-03-02 21:05:15.719736+00,2026-03-02 21:05:38.455132+00,31b9e752-d2ac-4869-b9ef-6570ffce7c70,null,true,null,null
4250012e-9e6b-4c2d-b947-d3a49fb86ed4,fa740b69-3551-4730-a26d-f44aac5b3f56,9cdec770-8078-4426-a220-4520032e2acf,2026-02-12,6,work,manual,null,null,null,null,d800f7c1-d56f-420e-b301-2826c837343a,2026-03-03 12:39:44.726+00,null,true,2026-03-03 12:39:45.246226+00,2026-03-03 12:39:44.726+00,57c2101d-05c8-4492-9e4d-453fc7ff3365,null,true,null,null
95ef5655-051b-4d80-a440-3c9aafb2d2e1,6c868fe7-61fe-48bd-8f6c-1095a81cec04,9cdec770-8078-4426-a220-4520032e2acf,2026-02-12,6,work,manual,null,null,null,null,d800f7c1-d56f-420e-b301-2826c837343a,2026-03-03 12:42:03.237+00,null,true,2026-03-03 12:42:03.966365+00,2026-03-03 12:42:03.237+00,8c8ab826-62f6-44f9-a9e3-2011d66f6ee0,null,true,null,null
6782196b-04c1-4a42-b9a0-d771c4623818,15e5f959-410f-489c-b055-7591d6922751,cada9ea4-45a5-42d4-981e-3a6ac60efa62,2026-02-12,8,work,manual,null,null,null,null,fb8513ee-5592-4bc4-8c2f-b7cf42c38dfb,2026-03-24 09:42:06.449+00,null,true,2026-03-24 09:42:07.675683+00,2026-03-24 09:42:06.449+00,4ea2c62b-7a42-4b68-8703-29150b1ade0f,null,true,null,null
2e4b8fd6-2c6c-40a3-91c5-0f0f7b2b4fa4,1edb3a61-b1d4-4889-a89f-b43401ccf5a2,5d73f3d3-b6c5-4368-b753-1dcf38c16102,2026-02-12,8,work,manual,null,null,null,null,fb8513ee-5592-4bc4-8c2f-b7cf42c38dfb,2026-03-27 23:11:14.241+00,null,true,2026-03-27 23:03:05.69254+00,2026-03-27 23:11:15.759567+00,4c8525f3-3b06-489a-bd9d-708d2ae2f996,null,true,null,null
378d1c75-ae94-4242-ba9d-9c3eae61c944,07f24df6-84e1-4eb7-91d2-41d2b5e5936a,5d73f3d3-b6c5-4368-b753-1dcf38c16102,2026-02-12,4,work,manual,null,null,null,null,fb8513ee-5592-4bc4-8c2f-b7cf42c38dfb,2026-03-27 23:17:25.245+00,null,true,2026-03-27 23:07:10.183261+00,2026-03-27 23:17:26.690259+00,5c47ce16-f0e2-48b3-a288-18ee12ed838e,null,true,null,null
6efd9ae6-9fa6-4aad-add2-83f4a08b8100,26849e30-a026-45ae-814f-af82f129a74a,5d73f3d3-b6c5-4368-b753-1dcf38c16102,2026-02-12,3,work,manual,null,null,null,null,fb8513ee-5592-4bc4-8c2f-b7cf42c38dfb,2026-03-27 23:24:23.606+00,null,true,2026-03-27 23:24:24.890364+00,2026-03-27 23:24:23.606+00,3af5fdcb-2bd2-4277-8d82-2ce312c5ef02,null,true,null,null
b9a918f4-4557-4d06-b88b-76d7f2637bea,fa740b69-3551-4730-a26d-f44aac5b3f56,9cdec770-8078-4426-a220-4520032e2acf,2026-02-13,8,work,manual,null,null,null,null,d800f7c1-d56f-420e-b301-2826c837343a,2026-03-02 21:05:15.022+00,null,false,2026-03-02 21:05:15.785556+00,2026-03-02 21:05:38.455132+00,31b9e752-d2ac-4869-b9ef-6570ffce7c70,null,true,null,null
8177669f-2a0a-42b9-a68c-a682bba4d136,fa740b69-3551-4730-a26d-f44aac5b3f56,9cdec770-8078-4426-a220-4520032e2acf,2026-02-13,8,work,manual,null,null,null,null,d800f7c1-d56f-420e-b301-2826c837343a,2026-03-02 21:05:38.293+00,null,false,2026-03-02 21:05:39.056892+00,2026-03-02 21:14:07.070662+00,31b9e752-d2ac-4869-b9ef-6570ffce7c70,null,true,null,null
af0efa1c-6284-4bdc-b157-5c569a59db20,fa740b69-3551-4730-a26d-f44aac5b3f56,9cdec770-8078-4426-a220-4520032e2acf,2026-02-13,6,work,manual,null,null,null,null,d800f7c1-d56f-420e-b301-2826c837343a,2026-03-03 12:39:44.726+00,null,true,2026-03-03 12:39:45.281207+00,2026-03-03 12:39:44.726+00,57c2101d-05c8-4492-9e4d-453fc7ff3365,null,true,null,null
1bf855c2-1b8d-4d49-8050-5ffde386785d,6c868fe7-61fe-48bd-8f6c-1095a81cec04,9cdec770-8078-4426-a220-4520032e2acf,2026-02-13,6,work,manual,null,null,null,null,d800f7c1-d56f-420e-b301-2826c837343a,2026-03-03 12:42:03.237+00,null,true,2026-03-03 12:42:04.00617+00,2026-03-03 12:42:03.237+00,8c8ab826-62f6-44f9-a9e3-2011d66f6ee0,null,true,null,null
60d855f8-63e7-4aa4-a316-1707d77ead83,15e5f959-410f-489c-b055-7591d6922751,cada9ea4-45a5-42d4-981e-3a6ac60efa62,2026-02-13,2,work,manual,null,null,null,null,fb8513ee-5592-4bc4-8c2f-b7cf42c38dfb,2026-03-24 09:42:06.449+00,null,true,2026-03-24 09:42:07.777251+00,2026-03-24 09:42:06.449+00,4ea2c62b-7a42-4b68-8703-29150b1ade0f,null,true,null,null
237d9741-7e26-4f36-af56-26c3a8e635c5,15e5f959-410f-489c-b055-7591d6922751,cada9ea4-45a5-42d4-981e-3a6ac60efa62,2026-02-13,6,work,manual,null,null,null,null,fb8513ee-5592-4bc4-8c2f-b7cf42c38dfb,2026-03-24 09:42:06.449+00,null,true,2026-03-24 09:42:07.869645+00,2026-03-24 09:42:06.449+00,10a64c8f-fe23-462a-9efc-defb213e7d54,null,true,null,null
06b49488-3adf-4f6b-8904-54c1bcdfde63,1edb3a61-b1d4-4889-a89f-b43401ccf5a2,5d73f3d3-b6c5-4368-b753-1dcf38c16102,2026-02-13,8,work,manual,null,null,null,null,fb8513ee-5592-4bc4-8c2f-b7cf42c38dfb,2026-03-27 23:11:14.241+00,null,true,2026-03-27 23:03:05.797825+00,2026-03-27 23:11:15.891647+00,4c8525f3-3b06-489a-bd9d-708d2ae2f996,null,true,null,null
6bfdad2e-89de-4ff0-af89-0cd257c97d25,07f24df6-84e1-4eb7-91d2-41d2b5e5936a,5d73f3d3-b6c5-4368-b753-1dcf38c16102,2026-02-13,4,work,manual,null,null,null,null,fb8513ee-5592-4bc4-8c2f-b7cf42c38dfb,2026-03-27 23:17:25.245+00,null,true,2026-03-27 23:17:26.785762+00,2026-03-27 23:17:25.245+00,5c47ce16-f0e2-48b3-a288-18ee12ed838e,null,true,null,null
c4dfb754-a34f-4efc-9d1e-940e6e4ead44,fa740b69-3551-4730-a26d-f44aac5b3f56,9cdec770-8078-4426-a220-4520032e2acf,2026-02-16,7,work,manual,null,null,null,null,d800f7c1-d56f-420e-b301-2826c837343a,2026-03-02 21:05:38.293+00,null,false,2026-03-02 21:05:39.114025+00,2026-03-02 21:14:07.070662+00,31b9e752-d2ac-4869-b9ef-6570ffce7c70,null,true,null,null
63c80a5b-d2c2-43ed-8633-7b33cadc4803,fa740b69-3551-4730-a26d-f44aac5b3f56,9cdec770-8078-4426-a220-4520032e2acf,2026-02-16,8,work,manual,null,null,null,null,d800f7c1-d56f-420e-b301-2826c837343a,2026-03-02 21:05:15.022+00,null,false,2026-03-02 21:05:15.858461+00,2026-03-02 21:05:38.455132+00,31b9e752-d2ac-4869-b9ef-6570ffce7c70,null,true,null,null
6cb604c9-6007-4d98-b332-266f41f986d9,fa740b69-3551-4730-a26d-f44aac5b3f56,9cdec770-8078-4426-a220-4520032e2acf,2026-02-16,6,work,manual,null,null,null,null,d800f7c1-d56f-420e-b301-2826c837343a,2026-03-03 12:39:44.726+00,null,true,2026-03-03 12:39:45.315658+00,2026-03-03 12:39:44.726+00,57c2101d-05c8-4492-9e4d-453fc7ff3365,null,true,null,null
9b4afd26-57de-4763-84c0-1258ddd8bb97,6c868fe7-61fe-48bd-8f6c-1095a81cec04,9cdec770-8078-4426-a220-4520032e2acf,2026-02-16,6,work,manual,null,null,null,null,d800f7c1-d56f-420e-b301-2826c837343a,2026-03-03 12:42:03.237+00,null,true,2026-03-03 12:42:04.046426+00,2026-03-03 12:42:03.237+00,8c8ab826-62f6-44f9-a9e3-2011d66f6ee0,null,true,null,null
8622e7d9-7fec-4e2b-9323-8215ad032c6f,15e5f959-410f-489c-b055-7591d6922751,cada9ea4-45a5-42d4-981e-3a6ac60efa62,2026-02-16,8,work,manual,null,null,null,null,fb8513ee-5592-4bc4-8c2f-b7cf42c38dfb,2026-03-24 09:42:06.449+00,null,true,2026-03-24 09:42:07.97589+00,2026-03-24 09:42:06.449+00,10a64c8f-fe23-462a-9efc-defb213e7d54,null,true,null,null
0d5a5cb3-e480-411f-8826-f265568f528f,1edb3a61-b1d4-4889-a89f-b43401ccf5a2,5d73f3d3-b6c5-4368-b753-1dcf38c16102,2026-02-16,8,work,manual,null,null,null,null,fb8513ee-5592-4bc4-8c2f-b7cf42c38dfb,2026-03-27 23:11:14.241+00,null,true,2026-03-27 23:03:05.898414+00,2026-03-27 23:11:16.033399+00,4c8525f3-3b06-489a-bd9d-708d2ae2f996,null,true,null,null
7c086da8-78d4-48b1-8498-ce466cd462b3,07f24df6-84e1-4eb7-91d2-41d2b5e5936a,5d73f3d3-b6c5-4368-b753-1dcf38c16102,2026-02-16,4,work,manual,null,null,null,null,fb8513ee-5592-4bc4-8c2f-b7cf42c38dfb,2026-03-27 23:17:25.245+00,null,true,2026-03-27 23:17:26.888765+00,2026-03-27 23:17:25.245+00,5c47ce16-f0e2-48b3-a288-18ee12ed838e,null,true,null,null
2a78f7f1-a6c6-4b36-83e6-21fc56ff9878,fa740b69-3551-4730-a26d-f44aac5b3f56,9cdec770-8078-4426-a220-4520032e2acf,2026-02-17,1,work,manual,null,null,null,null,d800f7c1-d56f-420e-b301-2826c837343a,2026-03-02 21:05:15.022+00,null,false,2026-03-02 21:05:15.932125+00,2026-03-02 21:05:38.455132+00,31b9e752-d2ac-4869-b9ef-6570ffce7c70,null,true,null,null
225325a3-91b3-47b7-87cc-6944706a4f24,fa740b69-3551-4730-a26d-f44aac5b3f56,9cdec770-8078-4426-a220-4520032e2acf,2026-02-17,6,work,manual,null,null,null,null,d800f7c1-d56f-420e-b301-2826c837343a,2026-03-03 12:39:44.726+00,null,true,2026-03-03 12:39:45.351056+00,2026-03-03 12:39:44.726+00,57c2101d-05c8-4492-9e4d-453fc7ff3365,null,true,null,null
44adc68f-d134-46cf-8a9d-887e8dde1551,6c868fe7-61fe-48bd-8f6c-1095a81cec04,9cdec770-8078-4426-a220-4520032e2acf,2026-02-17,6,work,manual,null,null,null,null,d800f7c1-d56f-420e-b301-2826c837343a,2026-03-03 12:42:03.237+00,null,true,2026-03-03 12:42:04.105872+00,2026-03-03 12:42:03.237+00,8c8ab826-62f6-44f9-a9e3-2011d66f6ee0,null,true,null,null
061a319d-9a3b-4dc0-b469-f72efcc9d6b9,15e5f959-410f-489c-b055-7591d6922751,cada9ea4-45a5-42d4-981e-3a6ac60efa62,2026-02-17,8,work,manual,null,null,null,null,fb8513ee-5592-4bc4-8c2f-b7cf42c38dfb,2026-03-24 09:42:06.449+00,null,true,2026-03-24 09:42:08.079522+00,2026-03-24 09:42:06.449+00,10a64c8f-fe23-462a-9efc-defb213e7d54,null,true,null,null
44319e1b-5b0a-4acb-9a5e-05fc098c00fb,1edb3a61-b1d4-4889-a89f-b43401ccf5a2,5d73f3d3-b6c5-4368-b753-1dcf38c16102,2026-02-17,8,work,manual,null,null,null,null,fb8513ee-5592-4bc4-8c2f-b7cf42c38dfb,2026-03-27 23:11:14.241+00,null,true,2026-03-27 23:03:05.993952+00,2026-03-27 23:11:16.159059+00,4c8525f3-3b06-489a-bd9d-708d2ae2f996,null,true,null,null
736be4ff-6c2d-401b-bdb7-8fcf3e675eab,07f24df6-84e1-4eb7-91d2-41d2b5e5936a,5d73f3d3-b6c5-4368-b753-1dcf38c16102,2026-02-17,4,work,manual,null,null,null,null,fb8513ee-5592-4bc4-8c2f-b7cf42c38dfb,2026-03-27 23:17:25.245+00,null,true,2026-03-27 23:17:26.983131+00,2026-03-27 23:17:25.245+00,5c47ce16-f0e2-48b3-a288-18ee12ed838e,null,true,null,null
cd8345f5-6aeb-4255-a1ea-78227afe3ec0,fa740b69-3551-4730-a26d-f44aac5b3f56,9cdec770-8078-4426-a220-4520032e2acf,2026-02-18,6,work,manual,null,null,null,null,d800f7c1-d56f-420e-b301-2826c837343a,2026-03-03 12:39:44.726+00,null,true,2026-03-03 12:39:45.385466+00,2026-03-03 12:39:44.726+00,57c2101d-05c8-4492-9e4d-453fc7ff3365,null,true,null,null
5235c0d2-8aad-4f09-9c3c-4072ee85a7d7,6c868fe7-61fe-48bd-8f6c-1095a81cec04,9cdec770-8078-4426-a220-4520032e2acf,2026-02-18,6,work,manual,null,null,null,null,d800f7c1-d56f-420e-b301-2826c837343a,2026-03-03 12:42:03.237+00,null,true,2026-03-03 12:42:04.143304+00,2026-03-03 12:42:03.237+00,8c8ab826-62f6-44f9-a9e3-2011d66f6ee0,null,true,null,null
c172aff2-205a-4bd7-a772-4e10556fcffd,15e5f959-410f-489c-b055-7591d6922751,cada9ea4-45a5-42d4-981e-3a6ac60efa62,2026-02-18,8,work,manual,null,null,null,null,fb8513ee-5592-4bc4-8c2f-b7cf42c38dfb,2026-03-24 09:42:06.449+00,null,true,2026-03-24 09:42:08.18535+00,2026-03-24 09:42:06.449+00,10a64c8f-fe23-462a-9efc-defb213e7d54,null,true,null,null
7d78f722-4737-409a-90c4-fea2126fad31,1edb3a61-b1d4-4889-a89f-b43401ccf5a2,5d73f3d3-b6c5-4368-b753-1dcf38c16102,2026-02-18,8,work,manual,null,null,null,null,fb8513ee-5592-4bc4-8c2f-b7cf42c38dfb,2026-03-27 23:11:14.241+00,null,true,2026-03-27 23:03:06.089861+00,2026-03-27 23:11:16.470256+00,4c8525f3-3b06-489a-bd9d-708d2ae2f996,null,true,null,null
bdaf590d-578f-434b-a3fe-6a5e3022578f,07f24df6-84e1-4eb7-91d2-41d2b5e5936a,5d73f3d3-b6c5-4368-b753-1dcf38c16102,2026-02-18,4,work,manual,null,null,null,null,fb8513ee-5592-4bc4-8c2f-b7cf42c38dfb,2026-03-27 23:17:25.245+00,null,true,2026-03-27 23:17:27.082207+00,2026-03-27 23:17:25.245+00,5c47ce16-f0e2-48b3-a288-18ee12ed838e,null,true,null,null
f2c55d2c-c7e1-4db9-8d5f-938af5c03e95,fa740b69-3551-4730-a26d-f44aac5b3f56,9cdec770-8078-4426-a220-4520032e2acf,2026-02-19,8,work,manual,null,null,null,null,d800f7c1-d56f-420e-b301-2826c837343a,2026-03-03 12:39:44.726+00,null,true,2026-03-03 12:39:45.424198+00,2026-03-03 12:39:44.726+00,null,U,false,null,null
74e454aa-02b0-447b-a9da-4075100f6a62,6c868fe7-61fe-48bd-8f6c-1095a81cec04,9cdec770-8078-4426-a220-4520032e2acf,2026-02-19,6,work,manual,null,null,null,null,d800f7c1-d56f-420e-b301-2826c837343a,2026-03-03 12:42:03.237+00,null,true,2026-03-03 12:42:04.188312+00,2026-03-03 12:42:03.237+00,8c8ab826-62f6-44f9-a9e3-2011d66f6ee0,null,true,null,null
ce087d9d-fb40-4cd5-9da9-c99042d8de25,15e5f959-410f-489c-b055-7591d6922751,cada9ea4-45a5-42d4-981e-3a6ac60efa62,2026-02-19,8,work,manual,null,null,null,null,fb8513ee-5592-4bc4-8c2f-b7cf42c38dfb,2026-03-24 09:42:06.449+00,null,true,2026-03-24 09:42:08.277889+00,2026-03-24 09:42:06.449+00,null,K,false,null,null
e8923a77-5d35-447c-a388-0e121c9bf3fc,1edb3a61-b1d4-4889-a89f-b43401ccf5a2,5d73f3d3-b6c5-4368-b753-1dcf38c16102,2026-02-19,8,work,manual,null,null,null,null,fb8513ee-5592-4bc4-8c2f-b7cf42c38dfb,2026-03-27 23:11:14.241+00,null,true,2026-03-27 23:03:06.183577+00,2026-03-27 23:11:16.595301+00,4c8525f3-3b06-489a-bd9d-708d2ae2f996,null,true,null,null
bbee8d24-245e-451b-8445-a01761319e4a,07f24df6-84e1-4eb7-91d2-41d2b5e5936a,5d73f3d3-b6c5-4368-b753-1dcf38c16102,2026-02-19,4,work,manual,null,null,null,null,fb8513ee-5592-4bc4-8c2f-b7cf42c38dfb,2026-03-27 23:17:25.245+00,null,true,2026-03-27 23:17:27.173691+00,2026-03-27 23:17:25.245+00,5c47ce16-f0e2-48b3-a288-18ee12ed838e,null,true,null,null
98279171-6e4f-4f5b-9383-f4bb993969a6,fa740b69-3551-4730-a26d-f44aac5b3f56,9cdec770-8078-4426-a220-4520032e2acf,2026-02-20,6,work,manual,null,null,null,null,d800f7c1-d56f-420e-b301-2826c837343a,2026-03-03 12:39:44.726+00,null,true,2026-03-03 12:39:45.465256+00,2026-03-03 12:39:44.726+00,57c2101d-05c8-4492-9e4d-453fc7ff3365,null,true,null,null
b435835c-d421-4f59-85bd-bd2cb5923e43,6c868fe7-61fe-48bd-8f6c-1095a81cec04,9cdec770-8078-4426-a220-4520032e2acf,2026-02-20,6,work,manual,null,null,null,null,d800f7c1-d56f-420e-b301-2826c837343a,2026-03-03 12:42:03.237+00,null,true,2026-03-03 12:42:04.224476+00,2026-03-03 12:42:03.237+00,8c8ab826-62f6-44f9-a9e3-2011d66f6ee0,null,true,null,null
32b89163-ab5d-4884-bc64-571bb68e43e1,15e5f959-410f-489c-b055-7591d6922751,cada9ea4-45a5-42d4-981e-3a6ac60efa62,2026-02-20,8,work,manual,null,null,null,null,fb8513ee-5592-4bc4-8c2f-b7cf42c38dfb,2026-03-24 09:42:06.449+00,null,true,2026-03-24 09:42:08.376038+00,2026-03-24 09:42:06.449+00,null,K,false,null,null
e176492b-5bd2-4775-9729-d1d9dae09bf7,1edb3a61-b1d4-4889-a89f-b43401ccf5a2,5d73f3d3-b6c5-4368-b753-1dcf38c16102,2026-02-20,8,work,manual,null,null,null,null,fb8513ee-5592-4bc4-8c2f-b7cf42c38dfb,2026-03-27 23:11:14.241+00,null,true,2026-03-27 23:03:06.284285+00,2026-03-27 23:11:16.736151+00,4c8525f3-3b06-489a-bd9d-708d2ae2f996,null,true,null,null
9dd4ad88-d014-4c09-b538-d8357638fa4c,07f24df6-84e1-4eb7-91d2-41d2b5e5936a,5d73f3d3-b6c5-4368-b753-1dcf38c16102,2026-02-20,4,work,manual,null,null,null,null,fb8513ee-5592-4bc4-8c2f-b7cf42c38dfb,2026-03-27 23:17:25.245+00,null,true,2026-03-27 23:17:27.285295+00,2026-03-27 23:17:25.245+00,5c47ce16-f0e2-48b3-a288-18ee12ed838e,null,true,null,null
fe757fc7-4b51-46e2-98e6-4c09ff4cc0a2,fa740b69-3551-4730-a26d-f44aac5b3f56,9cdec770-8078-4426-a220-4520032e2acf,2026-02-23,6,work,manual,null,null,null,null,d800f7c1-d56f-420e-b301-2826c837343a,2026-03-03 12:39:44.726+00,null,true,2026-03-03 12:39:45.503765+00,2026-03-03 12:39:44.726+00,57c2101d-05c8-4492-9e4d-453fc7ff3365,null,true,null,null
15d8c321-22ef-4478-ae14-729be25922e0,6c868fe7-61fe-48bd-8f6c-1095a81cec04,9cdec770-8078-4426-a220-4520032e2acf,2026-02-23,6,work,manual,null,null,null,null,d800f7c1-d56f-420e-b301-2826c837343a,2026-03-03 12:42:03.237+00,null,true,2026-03-03 12:42:03.63814+00,2026-03-03 12:42:03.237+00,57c2101d-05c8-4492-9e4d-453fc7ff3365,null,true,null,null
77c7dda9-635c-4bf0-97e4-c83958a2e3db,15e5f959-410f-489c-b055-7591d6922751,cada9ea4-45a5-42d4-981e-3a6ac60efa62,2026-02-23,8,work,manual,null,null,null,null,fb8513ee-5592-4bc4-8c2f-b7cf42c38dfb,2026-03-24 09:42:06.449+00,null,true,2026-03-24 09:42:08.49256+00,2026-03-24 09:42:06.449+00,10a64c8f-fe23-462a-9efc-defb213e7d54,null,true,null,null
6c7d6d2a-8b39-4f61-a53c-9c271812dd4d,1edb3a61-b1d4-4889-a89f-b43401ccf5a2,5d73f3d3-b6c5-4368-b753-1dcf38c16102,2026-02-23,8,work,manual,null,null,null,null,fb8513ee-5592-4bc4-8c2f-b7cf42c38dfb,2026-03-27 23:11:14.241+00,null,true,2026-03-27 23:03:06.395536+00,2026-03-27 23:11:16.87936+00,4c8525f3-3b06-489a-bd9d-708d2ae2f996,null,true,null,null
146eeeaa-3b95-4e72-ba84-dd97611abc13,07f24df6-84e1-4eb7-91d2-41d2b5e5936a,5d73f3d3-b6c5-4368-b753-1dcf38c16102,2026-02-23,4,work,manual,null,null,null,null,fb8513ee-5592-4bc4-8c2f-b7cf42c38dfb,2026-03-27 23:17:25.245+00,null,true,2026-03-27 23:17:27.388171+00,2026-03-27 23:17:25.245+00,5c47ce16-f0e2-48b3-a288-18ee12ed838e,null,true,null,null
cc3b20b8-9075-42fd-a379-5d16b49d4779,fa740b69-3551-4730-a26d-f44aac5b3f56,9cdec770-8078-4426-a220-4520032e2acf,2026-02-24,6,work,manual,null,null,null,null,d800f7c1-d56f-420e-b301-2826c837343a,2026-03-03 12:39:44.726+00,null,true,2026-03-03 12:39:45.548568+00,2026-03-03 12:39:44.726+00,57c2101d-05c8-4492-9e4d-453fc7ff3365,null,true,null,null
f5ff8a53-3705-4e78-bc15-3e68258ae723,6c868fe7-61fe-48bd-8f6c-1095a81cec04,9cdec770-8078-4426-a220-4520032e2acf,2026-02-24,6,work,manual,null,null,null,null,d800f7c1-d56f-420e-b301-2826c837343a,2026-03-03 12:42:03.237+00,null,true,2026-03-03 12:42:03.673187+00,2026-03-03 12:42:03.237+00,57c2101d-05c8-4492-9e4d-453fc7ff3365,null,true,null,null
0f682d2f-5cf3-4eb3-88f0-acbc2af71e56,15e5f959-410f-489c-b055-7591d6922751,cada9ea4-45a5-42d4-981e-3a6ac60efa62,2026-02-24,8,work,manual,null,null,null,null,fb8513ee-5592-4bc4-8c2f-b7cf42c38dfb,2026-03-24 09:42:06.449+00,null,true,2026-03-24 09:42:08.60273+00,2026-03-24 09:42:06.449+00,10a64c8f-fe23-462a-9efc-defb213e7d54,null,true,null,null
bf1973a1-7173-4a8f-9661-5f71c3aa8a83,1edb3a61-b1d4-4889-a89f-b43401ccf5a2,5d73f3d3-b6c5-4368-b753-1dcf38c16102,2026-02-24,8,work,manual,null,null,null,null,fb8513ee-5592-4bc4-8c2f-b7cf42c38dfb,2026-03-27 23:11:14.241+00,null,true,2026-03-27 23:03:06.498038+00,2026-03-27 23:11:17.007573+00,4c8525f3-3b06-489a-bd9d-708d2ae2f996,null,true,null,null
3efd4680-a1e9-4d9d-bf3b-5631cc3ada17,07f24df6-84e1-4eb7-91d2-41d2b5e5936a,5d73f3d3-b6c5-4368-b753-1dcf38c16102,2026-02-24,4,work,manual,null,null,null,null,fb8513ee-5592-4bc4-8c2f-b7cf42c38dfb,2026-03-27 23:17:25.245+00,null,true,2026-03-27 23:17:27.492217+00,2026-03-27 23:17:25.245+00,5c47ce16-f0e2-48b3-a288-18ee12ed838e,null,true,null,null
0291cfe2-65bd-448c-b474-85a0c96362ec,fa740b69-3551-4730-a26d-f44aac5b3f56,9cdec770-8078-4426-a220-4520032e2acf,2026-02-25,6,work,manual,null,null,null,null,d800f7c1-d56f-420e-b301-2826c837343a,2026-03-03 12:39:44.726+00,null,true,2026-03-03 12:39:45.590822+00,2026-03-03 12:39:44.726+00,57c2101d-05c8-4492-9e4d-453fc7ff3365,null,true,null,null
df4e68f8-2200-46db-a98c-abef56bd2c0c,6c868fe7-61fe-48bd-8f6c-1095a81cec04,9cdec770-8078-4426-a220-4520032e2acf,2026-02-25,6,work,manual,null,null,null,null,d800f7c1-d56f-420e-b301-2826c837343a,2026-03-03 12:42:03.237+00,null,true,2026-03-03 12:42:03.709334+00,2026-03-03 12:42:03.237+00,57c2101d-05c8-4492-9e4d-453fc7ff3365,null,true,null,null
87606d11-8d35-4ba8-9fc2-15bd2b1483d9,15e5f959-410f-489c-b055-7591d6922751,cada9ea4-45a5-42d4-981e-3a6ac60efa62,2026-02-25,8,work,manual,null,null,null,null,fb8513ee-5592-4bc4-8c2f-b7cf42c38dfb,2026-03-24 09:42:06.449+00,null,true,2026-03-24 09:42:08.714895+00,2026-03-24 09:42:06.449+00,null,U,false,null,null
74a635ca-9c5f-4223-8e49-88d0267b2c8f,1edb3a61-b1d4-4889-a89f-b43401ccf5a2,5d73f3d3-b6c5-4368-b753-1dcf38c16102,2026-02-25,8,work,manual,null,null,null,null,fb8513ee-5592-4bc4-8c2f-b7cf42c38dfb,2026-03-27 23:11:14.241+00,null,true,2026-03-27 23:03:06.591411+00,2026-03-27 23:11:17.143031+00,4c8525f3-3b06-489a-bd9d-708d2ae2f996,null,true,null,null
f38c95b4-80fb-4483-a740-a3cc36b8c439,fa740b69-3551-4730-a26d-f44aac5b3f56,9cdec770-8078-4426-a220-4520032e2acf,2026-02-26,6,work,manual,null,null,null,null,d800f7c1-d56f-420e-b301-2826c837343a,2026-03-03 12:39:44.726+00,null,true,2026-03-03 12:39:45.626898+00,2026-03-03 12:39:44.726+00,57c2101d-05c8-4492-9e4d-453fc7ff3365,null,true,null,null
238360fb-86a0-4a89-a311-601385b6d6c4,6c868fe7-61fe-48bd-8f6c-1095a81cec04,9cdec770-8078-4426-a220-4520032e2acf,2026-02-26,6,work,manual,null,null,null,null,d800f7c1-d56f-420e-b301-2826c837343a,2026-03-03 12:42:03.237+00,null,true,2026-03-03 12:42:03.749242+00,2026-03-03 12:42:03.237+00,57c2101d-05c8-4492-9e4d-453fc7ff3365,null,true,null,null
d0f8dfe5-45fd-47c8-9102-7b434ae98ddd,15e5f959-410f-489c-b055-7591d6922751,cada9ea4-45a5-42d4-981e-3a6ac60efa62,2026-02-26,8,work,manual,null,null,null,null,fb8513ee-5592-4bc4-8c2f-b7cf42c38dfb,2026-03-24 09:42:06.449+00,null,true,2026-03-24 09:42:08.809221+00,2026-03-24 09:42:06.449+00,null,U,false,null,null
a1ec3764-f08f-4e67-ace0-40fc998fdc2c,1edb3a61-b1d4-4889-a89f-b43401ccf5a2,5d73f3d3-b6c5-4368-b753-1dcf38c16102,2026-02-26,8,work,manual,null,null,null,null,fb8513ee-5592-4bc4-8c2f-b7cf42c38dfb,2026-03-27 23:11:14.241+00,null,true,2026-03-27 23:03:06.693991+00,2026-03-27 23:11:17.287034+00,4c8525f3-3b06-489a-bd9d-708d2ae2f996,null,true,null,null
3fbc520d-e253-4dd8-b2d8-26f7ac7e2f0f,fa740b69-3551-4730-a26d-f44aac5b3f56,9cdec770-8078-4426-a220-4520032e2acf,2026-02-27,6,work,manual,null,null,null,null,d800f7c1-d56f-420e-b301-2826c837343a,2026-03-03 12:39:44.726+00,null,true,2026-03-03 12:39:45.664287+00,2026-03-03 12:39:44.726+00,57c2101d-05c8-4492-9e4d-453fc7ff3365,null,true,null,null
62d7ed9f-7fdf-45d1-9eaf-412ab5842473,6c868fe7-61fe-48bd-8f6c-1095a81cec04,9cdec770-8078-4426-a220-4520032e2acf,2026-02-27,6,work,manual,null,null,null,null,d800f7c1-d56f-420e-b301-2826c837343a,2026-03-03 12:42:03.237+00,null,true,2026-03-03 12:42:03.807886+00,2026-03-03 12:42:03.237+00,57c2101d-05c8-4492-9e4d-453fc7ff3365,null,true,null,null
a74dc02e-5f3f-41d9-945f-4d33e4344178,15e5f959-410f-489c-b055-7591d6922751,cada9ea4-45a5-42d4-981e-3a6ac60efa62,2026-02-27,8,work,manual,null,null,null,null,fb8513ee-5592-4bc4-8c2f-b7cf42c38dfb,2026-03-24 09:42:06.449+00,null,true,2026-03-24 09:42:08.912838+00,2026-03-24 09:42:06.449+00,null,U,false,null,null
9ecdae69-2794-4789-80ac-11ae70047fcd,1edb3a61-b1d4-4889-a89f-b43401ccf5a2,5d73f3d3-b6c5-4368-b753-1dcf38c16102,2026-02-27,8,work,manual,null,null,null,null,fb8513ee-5592-4bc4-8c2f-b7cf42c38dfb,2026-03-27 23:11:14.241+00,null,true,2026-03-27 23:03:06.785763+00,2026-03-27 23:11:17.413161+00,4c8525f3-3b06-489a-bd9d-708d2ae2f996,null,true,null,null
47684804-19cb-40d8-8833-37994dcad3ff,6bffc464-90bd-4ed8-bf33-3bd1d05bc2d3,9cdec770-8078-4426-a220-4520032e2acf,2026-03-02,4,work,manual,null,null,null,null,d800f7c1-d56f-420e-b301-2826c837343a,2026-03-02 09:07:43.659+00,null,false,2026-03-02 09:07:44.086501+00,2026-03-02 09:08:11.299023+00,274ab1d6-143b-4b38-9bb6-1c61ff6d356e,null,true,null,null
3ddbd8f9-a006-46fa-8223-9a28caec64c1,6bffc464-90bd-4ed8-bf33-3bd1d05bc2d3,9cdec770-8078-4426-a220-4520032e2acf,2026-03-02,4,work,manual,null,null,null,null,d800f7c1-d56f-420e-b301-2826c837343a,2026-03-02 09:07:43.659+00,null,false,2026-03-02 09:07:44.333133+00,2026-03-02 09:08:11.299023+00,null,null,false,null,null
9ba76bb7-56c0-4c51-8f7c-9118a0ac41ca,6bffc464-90bd-4ed8-bf33-3bd1d05bc2d3,9cdec770-8078-4426-a220-4520032e2acf,2026-03-02,4,work,manual,null,null,null,null,d800f7c1-d56f-420e-b301-2826c837343a,2026-03-02 09:08:11.147+00,null,true,2026-03-02 09:08:11.362824+00,2026-03-02 09:08:11.147+00,null,null,false,null,null
5444dac2-6d35-4289-954d-1b3496ca158c,26849e30-a026-45ae-814f-af82f129a74a,5d73f3d3-b6c5-4368-b753-1dcf38c16102,2026-03-02,7.6,work,manual,null,null,null,null,fb8513ee-5592-4bc4-8c2f-b7cf42c38dfb,2026-03-27 23:28:28.2+00,null,true,2026-03-27 23:02:12.753454+00,2026-03-27 23:28:28.413396+00,4c8525f3-3b06-489a-bd9d-708d2ae2f996,null,true,null,null
5fac086f-058e-4215-b601-3ae980e97518,1edb3a61-b1d4-4889-a89f-b43401ccf5a2,5d73f3d3-b6c5-4368-b753-1dcf38c16102,2026-03-02,8,work,manual,null,null,null,null,fb8513ee-5592-4bc4-8c2f-b7cf42c38dfb,2026-03-27 23:22:10.551+00,null,true,2026-03-27 23:04:25.704149+00,2026-03-27 23:22:11.09152+00,4c8525f3-3b06-489a-bd9d-708d2ae2f996,null,true,null,null
c0519994-0dec-4006-b446-d4a3c1ecb465,07f24df6-84e1-4eb7-91d2-41d2b5e5936a,5d73f3d3-b6c5-4368-b753-1dcf38c16102,2026-03-02,4,work,manual,null,null,null,null,fb8513ee-5592-4bc4-8c2f-b7cf42c38dfb,2026-03-27 23:18:03.756+00,null,true,2026-03-27 23:07:58.522592+00,2026-03-27 23:18:04.169782+00,5c47ce16-f0e2-48b3-a288-18ee12ed838e,null,true,null,null
8a142ccb-e338-4ec2-8261-250fdb175ea7,6bffc464-90bd-4ed8-bf33-3bd1d05bc2d3,9cdec770-8078-4426-a220-4520032e2acf,2026-03-03,4,work,manual,null,null,null,null,d800f7c1-d56f-420e-b301-2826c837343a,2026-03-02 09:07:43.659+00,null,false,2026-03-02 09:07:44.148864+00,2026-03-02 09:08:11.299023+00,274ab1d6-143b-4b38-9bb6-1c61ff6d356e,null,true,null,null
31418a7c-0f9e-4b3d-aafa-bc26be0bec50,6bffc464-90bd-4ed8-bf33-3bd1d05bc2d3,9cdec770-8078-4426-a220-4520032e2acf,2026-03-03,4,work,manual,null,null,null,null,d800f7c1-d56f-420e-b301-2826c837343a,2026-03-02 09:07:43.659+00,null,false,2026-03-02 09:07:44.383727+00,2026-03-02 09:08:11.299023+00,null,null,false,null,null
4fcd28bb-aeac-4522-97bc-84653f4da92c,6bffc464-90bd-4ed8-bf33-3bd1d05bc2d3,9cdec770-8078-4426-a220-4520032e2acf,2026-03-03,4,work,manual,null,null,null,null,d800f7c1-d56f-420e-b301-2826c837343a,2026-03-02 09:08:11.147+00,null,true,2026-03-02 09:08:11.421361+00,2026-03-02 09:08:11.147+00,null,null,false,null,null
b69b1378-6540-44ab-9468-baf6b6e95238,26849e30-a026-45ae-814f-af82f129a74a,5d73f3d3-b6c5-4368-b753-1dcf38c16102,2026-03-03,7.6,work,manual,null,null,null,null,fb8513ee-5592-4bc4-8c2f-b7cf42c38dfb,2026-03-27 23:28:28.2+00,null,true,2026-03-27 23:02:12.89863+00,2026-03-27 23:28:28.512496+00,4c8525f3-3b06-489a-bd9d-708d2ae2f996,null,true,null,null
28ecf4b4-90ad-47ca-afa8-4ee8cdb4df90,1edb3a61-b1d4-4889-a89f-b43401ccf5a2,5d73f3d3-b6c5-4368-b753-1dcf38c16102,2026-03-03,8,work,manual,null,null,null,null,fb8513ee-5592-4bc4-8c2f-b7cf42c38dfb,2026-03-27 23:22:10.551+00,null,true,2026-03-27 23:04:25.813099+00,2026-03-27 23:22:11.226137+00,4c8525f3-3b06-489a-bd9d-708d2ae2f996,null,true,null,null
8c26aad6-26c8-4d0f-8a93-a2547fe4e331,07f24df6-84e1-4eb7-91d2-41d2b5e5936a,5d73f3d3-b6c5-4368-b753-1dcf38c16102,2026-03-03,4,work,manual,null,null,null,null,fb8513ee-5592-4bc4-8c2f-b7cf42c38dfb,2026-03-27 23:18:03.756+00,null,true,2026-03-27 23:07:58.628866+00,2026-03-27 23:18:04.313237+00,5c47ce16-f0e2-48b3-a288-18ee12ed838e,null,true,null,null
24926144-dd04-4fbb-ab12-57364a79ef3e,6bffc464-90bd-4ed8-bf33-3bd1d05bc2d3,9cdec770-8078-4426-a220-4520032e2acf,2026-03-04,4,work,manual,null,null,null,null,d800f7c1-d56f-420e-b301-2826c837343a,2026-03-02 09:07:43.659+00,null,false,2026-03-02 09:07:44.221242+00,2026-03-02 09:08:11.299023+00,274ab1d6-143b-4b38-9bb6-1c61ff6d356e,null,true,null,null
d08ae4b8-abd9-4389-b69c-9620c9bf8d37,6bffc464-90bd-4ed8-bf33-3bd1d05bc2d3,9cdec770-8078-4426-a220-4520032e2acf,2026-03-04,4,work,manual,null,null,null,null,d800f7c1-d56f-420e-b301-2826c837343a,2026-03-02 09:07:43.659+00,null,false,2026-03-02 09:07:44.43034+00,2026-03-02 09:08:11.299023+00,null,null,false,null,null
4aba4218-d3c1-41fc-b4af-a6f48ecf3162,6bffc464-90bd-4ed8-bf33-3bd1d05bc2d3,9cdec770-8078-4426-a220-4520032e2acf,2026-03-04,4,work,manual,null,null,null,null,d800f7c1-d56f-420e-b301-2826c837343a,2026-03-02 09:08:11.147+00,null,true,2026-03-02 09:08:11.473717+00,2026-03-02 09:08:11.147+00,null,null,false,null,null
84b44e8b-3fe0-4cb0-a1cf-9999c2580ea2,26849e30-a026-45ae-814f-af82f129a74a,5d73f3d3-b6c5-4368-b753-1dcf38c16102,2026-03-04,7.6,work,manual,null,null,null,null,fb8513ee-5592-4bc4-8c2f-b7cf42c38dfb,2026-03-27 23:28:28.2+00,null,true,2026-03-27 23:02:13.005942+00,2026-03-27 23:28:28.604902+00,4c8525f3-3b06-489a-bd9d-708d2ae2f996,null,true,null,null
16263227-160e-47e7-b11e-4ac40277e341,1edb3a61-b1d4-4889-a89f-b43401ccf5a2,5d73f3d3-b6c5-4368-b753-1dcf38c16102,2026-03-04,8,work,manual,null,null,null,null,fb8513ee-5592-4bc4-8c2f-b7cf42c38dfb,2026-03-27 23:22:10.551+00,null,true,2026-03-27 23:04:25.920783+00,2026-03-27 23:22:11.356159+00,4c8525f3-3b06-489a-bd9d-708d2ae2f996,null,true,null,null
15847297-6932-444d-9165-9231f65a0b41,07f24df6-84e1-4eb7-91d2-41d2b5e5936a,5d73f3d3-b6c5-4368-b753-1dcf38c16102,2026-03-04,4,work,manual,null,null,null,null,fb8513ee-5592-4bc4-8c2f-b7cf42c38dfb,2026-03-27 23:18:03.756+00,null,true,2026-03-27 23:07:58.747792+00,2026-03-27 23:18:04.469104+00,5c47ce16-f0e2-48b3-a288-18ee12ed838e,null,true,null,null
8228f354-279c-4b5f-bbf8-907ec78771a6,6bffc464-90bd-4ed8-bf33-3bd1d05bc2d3,9cdec770-8078-4426-a220-4520032e2acf,2026-03-05,4,work,manual,null,null,null,null,d800f7c1-d56f-420e-b301-2826c837343a,2026-03-02 09:07:43.659+00,null,false,2026-03-02 09:07:44.279096+00,2026-03-02 09:08:11.299023+00,274ab1d6-143b-4b38-9bb6-1c61ff6d356e,null,true,null,null
1951654b-d6ca-49a6-9d1b-1c4ba94b2696,6bffc464-90bd-4ed8-bf33-3bd1d05bc2d3,9cdec770-8078-4426-a220-4520032e2acf,2026-03-05,4,work,manual,null,null,null,null,d800f7c1-d56f-420e-b301-2826c837343a,2026-03-02 09:07:43.659+00,null,false,2026-03-02 09:07:44.479982+00,2026-03-02 09:08:11.299023+00,null,null,false,null,null
51c48f4d-54ad-4e59-a57a-e693031dc5ca,6bffc464-90bd-4ed8-bf33-3bd1d05bc2d3,9cdec770-8078-4426-a220-4520032e2acf,2026-03-05,4,work,manual,null,null,null,null,d800f7c1-d56f-420e-b301-2826c837343a,2026-03-02 09:08:11.147+00,null,true,2026-03-02 09:08:11.52505+00,2026-03-02 09:08:11.147+00,null,null,false,null,null
365c6cca-c9df-448e-9323-467e73856d0d,26849e30-a026-45ae-814f-af82f129a74a,5d73f3d3-b6c5-4368-b753-1dcf38c16102,2026-03-05,7.6,work,manual,null,null,null,null,fb8513ee-5592-4bc4-8c2f-b7cf42c38dfb,2026-03-27 23:28:28.2+00,null,true,2026-03-27 23:02:13.116873+00,2026-03-27 23:28:28.708937+00,4c8525f3-3b06-489a-bd9d-708d2ae2f996,null,true,null,null
18056cc3-2486-4791-947d-5ced79b11582,1edb3a61-b1d4-4889-a89f-b43401ccf5a2,5d73f3d3-b6c5-4368-b753-1dcf38c16102,2026-03-05,8,work,manual,null,null,null,null,fb8513ee-5592-4bc4-8c2f-b7cf42c38dfb,2026-03-27 23:22:10.551+00,null,true,2026-03-27 23:04:26.027608+00,2026-03-27 23:22:11.492165+00,4c8525f3-3b06-489a-bd9d-708d2ae2f996,null,true,null,null
f4547832-5165-4bda-8d75-89f5c58ba2ed,07f24df6-84e1-4eb7-91d2-41d2b5e5936a,5d73f3d3-b6c5-4368-b753-1dcf38c16102,2026-03-05,4,work,manual,null,null,null,null,fb8513ee-5592-4bc4-8c2f-b7cf42c38dfb,2026-03-27 23:18:03.756+00,null,true,2026-03-27 23:18:04.56186+00,2026-03-27 23:18:03.756+00,5c47ce16-f0e2-48b3-a288-18ee12ed838e,null,true,null,null
b581849d-e1aa-4494-918d-1ba01d61d507,6bffc464-90bd-4ed8-bf33-3bd1d05bc2d3,9cdec770-8078-4426-a220-4520032e2acf,2026-03-06,8,work,manual,null,null,null,null,d800f7c1-d56f-420e-b301-2826c837343a,2026-03-02 09:07:43.659+00,null,false,2026-03-02 09:07:44.530232+00,2026-03-02 09:08:11.299023+00,null,null,false,null,null
a3300e1c-32c7-4628-b724-ac8ac93f6197,6bffc464-90bd-4ed8-bf33-3bd1d05bc2d3,9cdec770-8078-4426-a220-4520032e2acf,2026-03-06,8,work,manual,null,null,null,null,d800f7c1-d56f-420e-b301-2826c837343a,2026-03-02 09:08:11.147+00,null,true,2026-03-02 09:08:11.579339+00,2026-03-02 09:08:11.147+00,null,null,false,null,null
64071b10-ef8d-4223-bfbf-695fc2a219bc,26849e30-a026-45ae-814f-af82f129a74a,5d73f3d3-b6c5-4368-b753-1dcf38c16102,2026-03-06,7.6,work,manual,null,null,null,null,fb8513ee-5592-4bc4-8c2f-b7cf42c38dfb,2026-03-27 23:28:28.2+00,null,true,2026-03-27 23:02:13.226544+00,2026-03-27 23:28:28.815606+00,4c8525f3-3b06-489a-bd9d-708d2ae2f996,null,true,null,null
7afa0a49-33aa-49a6-a924-b0e1ee749d18,1edb3a61-b1d4-4889-a89f-b43401ccf5a2,5d73f3d3-b6c5-4368-b753-1dcf38c16102,2026-03-06,8,work,manual,null,null,null,null,fb8513ee-5592-4bc4-8c2f-b7cf42c38dfb,2026-03-27 23:22:10.551+00,null,true,2026-03-27 23:04:26.132249+00,2026-03-27 23:22:11.625262+00,4c8525f3-3b06-489a-bd9d-708d2ae2f996,null,true,null,null
99dd8087-4bd7-4457-9f6f-cfe891934135,26849e30-a026-45ae-814f-af82f129a74a,5d73f3d3-b6c5-4368-b753-1dcf38c16102,2026-03-09,7.6,work,manual,null,null,null,null,fb8513ee-5592-4bc4-8c2f-b7cf42c38dfb,2026-03-27 23:28:28.2+00,null,true,2026-03-27 23:02:13.3233+00,2026-03-27 23:28:28.90791+00,4c8525f3-3b06-489a-bd9d-708d2ae2f996,null,true,null,null
602b6fd1-7515-47df-9b9b-c0268e8e2b0e,1edb3a61-b1d4-4889-a89f-b43401ccf5a2,5d73f3d3-b6c5-4368-b753-1dcf38c16102,2026-03-09,8,work,manual,null,null,null,null,fb8513ee-5592-4bc4-8c2f-b7cf42c38dfb,2026-03-27 23:22:10.551+00,null,true,2026-03-27 23:04:26.224838+00,2026-03-27 23:22:11.778986+00,4c8525f3-3b06-489a-bd9d-708d2ae2f996,null,true,null,null
8b337984-3d3d-4893-ae89-8ba2ab40720d,07f24df6-84e1-4eb7-91d2-41d2b5e5936a,5d73f3d3-b6c5-4368-b753-1dcf38c16102,2026-03-09,4,work,manual,null,null,null,null,fb8513ee-5592-4bc4-8c2f-b7cf42c38dfb,2026-03-27 23:18:03.756+00,null,true,2026-03-27 23:07:58.858838+00,2026-03-27 23:18:04.694134+00,5c47ce16-f0e2-48b3-a288-18ee12ed838e,null,true,null,null
948fe595-228c-4d91-b300-6f879b88e60c,26849e30-a026-45ae-814f-af82f129a74a,5d73f3d3-b6c5-4368-b753-1dcf38c16102,2026-03-10,7.6,work,manual,null,null,null,null,fb8513ee-5592-4bc4-8c2f-b7cf42c38dfb,2026-03-27 23:28:28.2+00,null,true,2026-03-27 23:02:13.413386+00,2026-03-27 23:28:29.024035+00,4c8525f3-3b06-489a-bd9d-708d2ae2f996,null,true,null,null
e3e739db-197d-47f3-9d2d-a694cf9a759c,1edb3a61-b1d4-4889-a89f-b43401ccf5a2,5d73f3d3-b6c5-4368-b753-1dcf38c16102,2026-03-10,8,work,manual,null,null,null,null,fb8513ee-5592-4bc4-8c2f-b7cf42c38dfb,2026-03-27 23:22:10.551+00,null,true,2026-03-27 23:04:26.320504+00,2026-03-27 23:22:11.927748+00,4c8525f3-3b06-489a-bd9d-708d2ae2f996,null,true,null,null
1f120f4a-7861-468b-ae56-874d0956d604,07f24df6-84e1-4eb7-91d2-41d2b5e5936a,5d73f3d3-b6c5-4368-b753-1dcf38c16102,2026-03-10,4,work,manual,null,null,null,null,fb8513ee-5592-4bc4-8c2f-b7cf42c38dfb,2026-03-27 23:18:03.756+00,null,true,2026-03-27 23:07:58.969875+00,2026-03-27 23:18:04.830718+00,5c47ce16-f0e2-48b3-a288-18ee12ed838e,null,true,null,null
7ea03660-8122-4966-b297-9f14036b555d,26849e30-a026-45ae-814f-af82f129a74a,5d73f3d3-b6c5-4368-b753-1dcf38c16102,2026-03-11,7.6,work,manual,null,null,null,null,fb8513ee-5592-4bc4-8c2f-b7cf42c38dfb,2026-03-27 23:28:28.2+00,null,true,2026-03-27 23:02:13.514301+00,2026-03-27 23:28:29.119999+00,4c8525f3-3b06-489a-bd9d-708d2ae2f996,null,true,null,null
f8bfa6c4-c138-469b-86f4-76b0f630f771,1edb3a61-b1d4-4889-a89f-b43401ccf5a2,5d73f3d3-b6c5-4368-b753-1dcf38c16102,2026-03-11,8,work,manual,null,null,null,null,fb8513ee-5592-4bc4-8c2f-b7cf42c38dfb,2026-03-27 23:22:10.551+00,null,true,2026-03-27 23:04:26.411801+00,2026-03-27 23:22:12.060122+00,4c8525f3-3b06-489a-bd9d-708d2ae2f996,null,true,null,null
ea460fe5-a560-4330-ad58-389f4d118b78,07f24df6-84e1-4eb7-91d2-41d2b5e5936a,5d73f3d3-b6c5-4368-b753-1dcf38c16102,2026-03-11,4,work,manual,null,null,null,null,fb8513ee-5592-4bc4-8c2f-b7cf42c38dfb,2026-03-27 23:18:03.756+00,null,true,2026-03-27 23:07:59.063001+00,2026-03-27 23:18:04.968926+00,5c47ce16-f0e2-48b3-a288-18ee12ed838e,null,true,null,null
d5bc22ef-cca9-44b7-b784-a89b3e5014e9,26849e30-a026-45ae-814f-af82f129a74a,5d73f3d3-b6c5-4368-b753-1dcf38c16102,2026-03-12,3,work,manual,null,null,null,null,fb8513ee-5592-4bc4-8c2f-b7cf42c38dfb,2026-03-27 23:28:28.2+00,null,true,2026-03-27 23:02:13.602698+00,2026-03-27 23:28:29.209663+00,4c8525f3-3b06-489a-bd9d-708d2ae2f996,null,true,null,null
8c933c5a-0030-402a-a448-6cb9d3c0e96a,1edb3a61-b1d4-4889-a89f-b43401ccf5a2,5d73f3d3-b6c5-4368-b753-1dcf38c16102,2026-03-12,8,work,manual,null,null,null,null,fb8513ee-5592-4bc4-8c2f-b7cf42c38dfb,2026-03-27 23:22:10.551+00,null,true,2026-03-27 23:04:26.502288+00,2026-03-27 23:22:12.192914+00,4c8525f3-3b06-489a-bd9d-708d2ae2f996,null,true,null,null
0044ff03-a4c0-40e9-9614-25b913791a52,07f24df6-84e1-4eb7-91d2-41d2b5e5936a,5d73f3d3-b6c5-4368-b753-1dcf38c16102,2026-03-12,4,work,manual,null,null,null,null,fb8513ee-5592-4bc4-8c2f-b7cf42c38dfb,2026-03-27 23:18:03.756+00,null,true,2026-03-27 23:18:05.061149+00,2026-03-27 23:18:03.756+00,5c47ce16-f0e2-48b3-a288-18ee12ed838e,null,true,null,null
307c325e-94c9-418d-a712-f59710b79abf,1edb3a61-b1d4-4889-a89f-b43401ccf5a2,5d73f3d3-b6c5-4368-b753-1dcf38c16102,2026-03-13,8,work,manual,null,null,null,null,fb8513ee-5592-4bc4-8c2f-b7cf42c38dfb,2026-03-27 23:22:10.551+00,null,true,2026-03-27 23:04:26.604722+00,2026-03-27 23:22:12.323134+00,4c8525f3-3b06-489a-bd9d-708d2ae2f996,null,true,null,null
e8ccc029-183c-49aa-8013-3f3e86f0fa7b,1edb3a61-b1d4-4889-a89f-b43401ccf5a2,5d73f3d3-b6c5-4368-b753-1dcf38c16102,2026-03-16,8,work,manual,null,null,null,null,fb8513ee-5592-4bc4-8c2f-b7cf42c38dfb,2026-03-27 23:22:10.551+00,null,true,2026-03-27 23:04:26.707875+00,2026-03-27 23:22:12.447188+00,4c8525f3-3b06-489a-bd9d-708d2ae2f996,null,true,null,null
a131285f-a9aa-4c4a-9617-6853678b6a50,07f24df6-84e1-4eb7-91d2-41d2b5e5936a,5d73f3d3-b6c5-4368-b753-1dcf38c16102,2026-03-16,4,work,manual,null,null,null,null,fb8513ee-5592-4bc4-8c2f-b7cf42c38dfb,2026-03-27 23:18:03.756+00,null,true,2026-03-27 23:18:05.162892+00,2026-03-27 23:18:03.756+00,5c47ce16-f0e2-48b3-a288-18ee12ed838e,null,true,null,null
6aaa39fb-6aa9-48ed-a768-a019e8f113a8,1edb3a61-b1d4-4889-a89f-b43401ccf5a2,5d73f3d3-b6c5-4368-b753-1dcf38c16102,2026-03-17,8,work,manual,null,null,null,null,fb8513ee-5592-4bc4-8c2f-b7cf42c38dfb,2026-03-27 23:22:10.551+00,null,true,2026-03-27 23:04:26.798057+00,2026-03-27 23:22:12.605397+00,4c8525f3-3b06-489a-bd9d-708d2ae2f996,null,true,null,null
79748ce0-4e72-409f-bce9-8ae82f813e08,07f24df6-84e1-4eb7-91d2-41d2b5e5936a,5d73f3d3-b6c5-4368-b753-1dcf38c16102,2026-03-17,4,work,manual,null,null,null,null,fb8513ee-5592-4bc4-8c2f-b7cf42c38dfb,2026-03-27 23:18:03.756+00,null,true,2026-03-27 23:18:05.255062+00,2026-03-27 23:18:03.756+00,5c47ce16-f0e2-48b3-a288-18ee12ed838e,null,true,null,null
f37eb8c4-4cef-4dbc-96ef-d8dc5d87a245,1edb3a61-b1d4-4889-a89f-b43401ccf5a2,5d73f3d3-b6c5-4368-b753-1dcf38c16102,2026-03-18,8,work,manual,null,null,null,null,fb8513ee-5592-4bc4-8c2f-b7cf42c38dfb,2026-03-27 23:22:10.551+00,null,true,2026-03-27 23:04:26.893224+00,2026-03-27 23:22:12.740026+00,4c8525f3-3b06-489a-bd9d-708d2ae2f996,null,true,null,null
c7ad2b5c-a6c0-4f8e-98c8-9efeeabbd9cf,07f24df6-84e1-4eb7-91d2-41d2b5e5936a,5d73f3d3-b6c5-4368-b753-1dcf38c16102,2026-03-18,4,work,manual,null,null,null,null,fb8513ee-5592-4bc4-8c2f-b7cf42c38dfb,2026-03-27 23:18:03.756+00,null,true,2026-03-27 23:18:05.355836+00,2026-03-27 23:18:03.756+00,5c47ce16-f0e2-48b3-a288-18ee12ed838e,null,true,null,null
e6c0430d-81c6-40ae-939c-4c669e45f6f4,1edb3a61-b1d4-4889-a89f-b43401ccf5a2,5d73f3d3-b6c5-4368-b753-1dcf38c16102,2026-03-19,8,work,manual,null,null,null,null,fb8513ee-5592-4bc4-8c2f-b7cf42c38dfb,2026-03-27 23:22:10.551+00,null,true,2026-03-27 23:04:26.986094+00,2026-03-27 23:22:12.862824+00,4c8525f3-3b06-489a-bd9d-708d2ae2f996,null,true,null,null
0da3a3e4-e0d8-4700-ac78-d11b60e22b5c,07f24df6-84e1-4eb7-91d2-41d2b5e5936a,5d73f3d3-b6c5-4368-b753-1dcf38c16102,2026-03-19,4,work,manual,null,null,null,null,fb8513ee-5592-4bc4-8c2f-b7cf42c38dfb,2026-03-27 23:18:03.756+00,null,true,2026-03-27 23:18:05.448325+00,2026-03-27 23:18:03.756+00,5c47ce16-f0e2-48b3-a288-18ee12ed838e,null,true,null,null
934c9420-8dab-4ff4-91c5-894923dcf6c1,1edb3a61-b1d4-4889-a89f-b43401ccf5a2,5d73f3d3-b6c5-4368-b753-1dcf38c16102,2026-03-20,8,work,manual,null,null,null,null,fb8513ee-5592-4bc4-8c2f-b7cf42c38dfb,2026-03-27 23:22:10.551+00,null,true,2026-03-27 23:04:27.084087+00,2026-03-27 23:22:12.984158+00,4c8525f3-3b06-489a-bd9d-708d2ae2f996,null,true,null,null
a3039195-7d92-4528-aad7-7ebd0001d802,1edb3a61-b1d4-4889-a89f-b43401ccf5a2,5d73f3d3-b6c5-4368-b753-1dcf38c16102,2026-03-23,8,work,manual,null,null,null,null,fb8513ee-5592-4bc4-8c2f-b7cf42c38dfb,2026-03-27 23:22:10.551+00,null,true,2026-03-27 23:04:27.224656+00,2026-03-27 23:22:13.109658+00,4c8525f3-3b06-489a-bd9d-708d2ae2f996,null,true,null,null
3f0e853a-86a3-4e36-96a6-6d04e6db1bad,1edb3a61-b1d4-4889-a89f-b43401ccf5a2,5d73f3d3-b6c5-4368-b753-1dcf38c16102,2026-03-24,8,work,manual,null,null,null,null,fb8513ee-5592-4bc4-8c2f-b7cf42c38dfb,2026-03-27 23:22:10.551+00,null,true,2026-03-27 23:04:27.332179+00,2026-03-27 23:22:13.237765+00,4c8525f3-3b06-489a-bd9d-708d2ae2f996,null,true,null,null
22e83451-6e43-448d-8233-33f89f1e6dd6,07f24df6-84e1-4eb7-91d2-41d2b5e5936a,5d73f3d3-b6c5-4368-b753-1dcf38c16102,2026-03-24,4,work,manual,null,null,null,null,fb8513ee-5592-4bc4-8c2f-b7cf42c38dfb,2026-03-27 23:18:03.756+00,null,true,2026-03-27 23:18:05.554504+00,2026-03-27 23:18:03.756+00,5c47ce16-f0e2-48b3-a288-18ee12ed838e,null,true,null,null
01da33d3-f02d-4b4c-8bd1-0ab7e8ddd7b1,1edb3a61-b1d4-4889-a89f-b43401ccf5a2,5d73f3d3-b6c5-4368-b753-1dcf38c16102,2026-03-25,8,work,manual,null,null,null,null,fb8513ee-5592-4bc4-8c2f-b7cf42c38dfb,2026-03-27 23:22:10.551+00,null,true,2026-03-27 23:04:27.424121+00,2026-03-27 23:22:13.371906+00,4c8525f3-3b06-489a-bd9d-708d2ae2f996,null,true,null,null
d4f4323a-ad94-40a9-8c66-be5dcc6ac87b,07f24df6-84e1-4eb7-91d2-41d2b5e5936a,5d73f3d3-b6c5-4368-b753-1dcf38c16102,2026-03-25,4,work,manual,null,null,null,null,fb8513ee-5592-4bc4-8c2f-b7cf42c38dfb,2026-03-27 23:18:03.756+00,null,true,2026-03-27 23:07:59.157346+00,2026-03-27 23:18:05.681468+00,5c47ce16-f0e2-48b3-a288-18ee12ed838e,null,true,null,null
80cd849a-e0be-4f13-89b5-634d8120126a,1edb3a61-b1d4-4889-a89f-b43401ccf5a2,5d73f3d3-b6c5-4368-b753-1dcf38c16102,2026-03-26,8,work,manual,null,null,null,null,fb8513ee-5592-4bc4-8c2f-b7cf42c38dfb,2026-03-27 23:22:10.551+00,null,true,2026-03-27 23:04:27.522233+00,2026-03-27 23:22:13.512996+00,4c8525f3-3b06-489a-bd9d-708d2ae2f996,null,true,null,null
f9ede74b-1c87-4b88-9b34-22f6a7f0ab35,07f24df6-84e1-4eb7-91d2-41d2b5e5936a,5d73f3d3-b6c5-4368-b753-1dcf38c16102,2026-03-26,4,work,manual,null,null,null,null,fb8513ee-5592-4bc4-8c2f-b7cf42c38dfb,2026-03-27 23:18:03.756+00,null,true,2026-03-27 23:07:59.504455+00,2026-03-27 23:18:05.814829+00,5c47ce16-f0e2-48b3-a288-18ee12ed838e,null,true,null,null
70f0ab09-28eb-4ce0-888d-7197877dd3d4,1edb3a61-b1d4-4889-a89f-b43401ccf5a2,5d73f3d3-b6c5-4368-b753-1dcf38c16102,2026-03-27,8,work,manual,null,null,null,null,fb8513ee-5592-4bc4-8c2f-b7cf42c38dfb,2026-03-27 23:22:10.551+00,null,true,2026-03-27 23:04:27.627604+00,2026-03-27 23:22:13.644041+00,4c8525f3-3b06-489a-bd9d-708d2ae2f996,null,true,null,null
601a7a2d-26f1-4d3b-8bab-d49197191c4b,07f24df6-84e1-4eb7-91d2-41d2b5e5936a,5d73f3d3-b6c5-4368-b753-1dcf38c16102,2026-03-27,4,work,manual,null,null,null,null,fb8513ee-5592-4bc4-8c2f-b7cf42c38dfb,2026-03-27 23:18:03.756+00,null,true,2026-03-27 23:07:59.605003+00,2026-03-27 23:18:05.937946+00,5c47ce16-f0e2-48b3-a288-18ee12ed838e,null,true,null,null
ccfda46b-7347-428c-855b-7a50ed66c08b,1edb3a61-b1d4-4889-a89f-b43401ccf5a2,5d73f3d3-b6c5-4368-b753-1dcf38c16102,2026-03-30,8,work,manual,null,null,null,null,fb8513ee-5592-4bc4-8c2f-b7cf42c38dfb,2026-03-27 23:22:10.551+00,null,true,2026-03-27 23:04:27.719339+00,2026-03-27 23:22:13.768155+00,4c8525f3-3b06-489a-bd9d-708d2ae2f996,null,true,null,null
9fa046c7-a18b-4826-bf31-cafbe90f483c,07f24df6-84e1-4eb7-91d2-41d2b5e5936a,5d73f3d3-b6c5-4368-b753-1dcf38c16102,2026-03-30,5,work,manual,null,null,null,null,fb8513ee-5592-4bc4-8c2f-b7cf42c38dfb,2026-03-27 23:18:03.756+00,null,true,2026-03-27 23:18:06.030659+00,2026-03-27 23:18:03.756+00,5c47ce16-f0e2-48b3-a288-18ee12ed838e,null,true,null,null
b057a025-24ff-4c48-a92f-6b967e65c089,1edb3a61-b1d4-4889-a89f-b43401ccf5a2,5d73f3d3-b6c5-4368-b753-1dcf38c16102,2026-03-31,8,work,manual,null,null,null,null,fb8513ee-5592-4bc4-8c2f-b7cf42c38dfb,2026-03-27 23:10:38.732+00,null,false,2026-03-27 23:04:27.824774+00,2026-03-27 23:22:10.935406+00,4c8525f3-3b06-489a-bd9d-708d2ae2f996,null,true,null,null
6e4cbd2f-b718-4ce2-ae88-bdddc8af5a34,1edb3a61-b1d4-4889-a89f-b43401ccf5a2,5d73f3d3-b6c5-4368-b753-1dcf38c16102,2026-03-31,5,work,manual,null,null,null,null,fb8513ee-5592-4bc4-8c2f-b7cf42c38dfb,2026-03-27 23:22:10.551+00,null,true,2026-03-27 23:22:13.896509+00,2026-03-27 23:22:10.551+00,4c8525f3-3b06-489a-bd9d-708d2ae2f996,null,true,null,null
59c55114-44ea-4d45-b7cd-fce2e29eaf32,1edb3a61-b1d4-4889-a89f-b43401ccf5a2,5d73f3d3-b6c5-4368-b753-1dcf38c16102,2026-04-01,8,work,manual,null,null,null,null,fb8513ee-5592-4bc4-8c2f-b7cf42c38dfb,2026-03-27 23:10:15.515+00,null,true,2026-03-27 23:05:33.016396+00,2026-03-27 23:10:15.760603+00,4e0570d1-d4b7-498b-9161-1258f92d87a8,null,true,null,null
99305c10-0cc5-4d7e-9860-dc9a848c199c,26849e30-a026-45ae-814f-af82f129a74a,5d73f3d3-b6c5-4368-b753-1dcf38c16102,2026-04-01,7.6,work,manual,null,null,null,null,fb8513ee-5592-4bc4-8c2f-b7cf42c38dfb,2026-03-27 23:23:33.701+00,null,true,2026-03-27 23:23:34.011425+00,2026-03-27 23:23:33.701+00,6bfe3880-b466-44cd-937a-743487e42d65,null,true,null,null
fc8b9833-da83-4705-a0ef-408e40924039,1edb3a61-b1d4-4889-a89f-b43401ccf5a2,5d73f3d3-b6c5-4368-b753-1dcf38c16102,2026-04-02,8,work,manual,null,null,null,null,fb8513ee-5592-4bc4-8c2f-b7cf42c38dfb,2026-03-27 23:10:15.515+00,null,true,2026-03-27 23:05:33.14393+00,2026-03-27 23:10:15.916291+00,4e0570d1-d4b7-498b-9161-1258f92d87a8,null,true,null,null
aafd814e-e24e-4338-9a44-6cf8e31c5b3d,1edb3a61-b1d4-4889-a89f-b43401ccf5a2,5d73f3d3-b6c5-4368-b753-1dcf38c16102,2026-04-07,8,work,manual,null,null,null,null,fb8513ee-5592-4bc4-8c2f-b7cf42c38dfb,2026-03-27 23:10:15.515+00,null,true,2026-03-27 23:05:33.26798+00,2026-03-27 23:10:16.04054+00,4e0570d1-d4b7-498b-9161-1258f92d87a8,null,true,null,null
8032d280-8153-42d1-b6f1-a4736b1f33ff,07f24df6-84e1-4eb7-91d2-41d2b5e5936a,5d73f3d3-b6c5-4368-b753-1dcf38c16102,2026-04-07,4,work,manual,null,null,null,null,fb8513ee-5592-4bc4-8c2f-b7cf42c38dfb,2026-03-27 23:18:30.645+00,null,true,2026-03-27 23:08:29.667221+00,2026-03-27 23:18:30.893409+00,27b8a431-e9a2-45fc-a9c6-6faa895022be,null,true,null,null
6165277f-0033-4115-a559-9cf72cfafcb8,26849e30-a026-45ae-814f-af82f129a74a,5d73f3d3-b6c5-4368-b753-1dcf38c16102,2026-04-07,7.6,work,manual,null,null,null,null,fb8513ee-5592-4bc4-8c2f-b7cf42c38dfb,2026-03-27 23:23:33.701+00,null,true,2026-03-27 23:23:34.125139+00,2026-03-27 23:23:33.701+00,6bfe3880-b466-44cd-937a-743487e42d65,null,true,null,null
4a39dbfb-d234-4f87-aa34-26165f9b9901,1edb3a61-b1d4-4889-a89f-b43401ccf5a2,5d73f3d3-b6c5-4368-b753-1dcf38c16102,2026-04-08,8,work,manual,null,null,null,null,fb8513ee-5592-4bc4-8c2f-b7cf42c38dfb,2026-03-27 23:10:15.515+00,null,true,2026-03-27 23:05:33.37128+00,2026-03-27 23:10:16.175599+00,4e0570d1-d4b7-498b-9161-1258f92d87a8,null,true,null,null
29d661a0-bc8e-428c-8cc2-844422bcce4f,07f24df6-84e1-4eb7-91d2-41d2b5e5936a,5d73f3d3-b6c5-4368-b753-1dcf38c16102,2026-04-08,4,work,manual,null,null,null,null,fb8513ee-5592-4bc4-8c2f-b7cf42c38dfb,2026-03-27 23:18:30.645+00,null,true,2026-03-27 23:08:29.777495+00,2026-03-27 23:18:31.02036+00,27b8a431-e9a2-45fc-a9c6-6faa895022be,null,true,null,null
5449d692-229f-4665-9d46-d527dfd61451,26849e30-a026-45ae-814f-af82f129a74a,5d73f3d3-b6c5-4368-b753-1dcf38c16102,2026-04-08,7.6,work,manual,null,null,null,null,fb8513ee-5592-4bc4-8c2f-b7cf42c38dfb,2026-03-27 23:23:33.701+00,null,true,2026-03-27 23:23:34.230782+00,2026-03-27 23:23:33.701+00,6bfe3880-b466-44cd-937a-743487e42d65,null,true,null,null
d335c15d-9f3b-44d3-8297-e1ac82b68f20,1edb3a61-b1d4-4889-a89f-b43401ccf5a2,5d73f3d3-b6c5-4368-b753-1dcf38c16102,2026-04-09,8,work,manual,null,null,null,null,fb8513ee-5592-4bc4-8c2f-b7cf42c38dfb,2026-03-27 23:10:15.515+00,null,true,2026-03-27 23:05:33.471292+00,2026-03-27 23:10:16.3074+00,4e0570d1-d4b7-498b-9161-1258f92d87a8,null,true,null,null
53642486-0f1b-4d90-bcdc-3754e92913dd,07f24df6-84e1-4eb7-91d2-41d2b5e5936a,5d73f3d3-b6c5-4368-b753-1dcf38c16102,2026-04-09,4,work,manual,null,null,null,null,fb8513ee-5592-4bc4-8c2f-b7cf42c38dfb,2026-03-27 23:18:30.645+00,null,true,2026-03-27 23:08:29.879642+00,2026-03-27 23:18:31.148332+00,27b8a431-e9a2-45fc-a9c6-6faa895022be,null,true,null,null
15799e0e-581d-4db8-b4d5-9b1b028eedd4,26849e30-a026-45ae-814f-af82f129a74a,5d73f3d3-b6c5-4368-b753-1dcf38c16102,2026-04-09,7.6,work,manual,null,null,null,null,fb8513ee-5592-4bc4-8c2f-b7cf42c38dfb,2026-03-27 23:23:33.701+00,null,true,2026-03-27 23:23:34.325038+00,2026-03-27 23:23:33.701+00,6bfe3880-b466-44cd-937a-743487e42d65,null,true,null,null
617e06ba-8821-43c9-ae10-297e5461b1dc,1edb3a61-b1d4-4889-a89f-b43401ccf5a2,5d73f3d3-b6c5-4368-b753-1dcf38c16102,2026-04-10,8,work,manual,null,null,null,null,fb8513ee-5592-4bc4-8c2f-b7cf42c38dfb,2026-03-27 23:10:15.515+00,null,true,2026-03-27 23:05:33.569703+00,2026-03-27 23:10:16.431906+00,4e0570d1-d4b7-498b-9161-1258f92d87a8,null,true,null,null
a30224d8-d4cd-4a48-839c-47cc5f7e0a15,07f24df6-84e1-4eb7-91d2-41d2b5e5936a,5d73f3d3-b6c5-4368-b753-1dcf38c16102,2026-04-10,4,work,manual,null,null,null,null,fb8513ee-5592-4bc4-8c2f-b7cf42c38dfb,2026-03-27 23:18:30.645+00,null,true,2026-03-27 23:08:29.980629+00,2026-03-27 23:18:31.281828+00,27b8a431-e9a2-45fc-a9c6-6faa895022be,null,true,null,null
7e7e2232-db6c-4446-9421-8d225acbb48c,26849e30-a026-45ae-814f-af82f129a74a,5d73f3d3-b6c5-4368-b753-1dcf38c16102,2026-04-10,7.6,work,manual,null,null,null,null,fb8513ee-5592-4bc4-8c2f-b7cf42c38dfb,2026-03-27 23:23:33.701+00,null,true,2026-03-27 23:23:34.418058+00,2026-03-27 23:23:33.701+00,6bfe3880-b466-44cd-937a-743487e42d65,null,true,null,null
a67bbdc1-2abb-400b-8423-cd8fd6c5d6ed,1edb3a61-b1d4-4889-a89f-b43401ccf5a2,5d73f3d3-b6c5-4368-b753-1dcf38c16102,2026-04-13,8,work,manual,null,null,null,null,fb8513ee-5592-4bc4-8c2f-b7cf42c38dfb,2026-03-27 23:10:15.515+00,null,true,2026-03-27 23:05:33.669368+00,2026-03-27 23:10:16.552355+00,4e0570d1-d4b7-498b-9161-1258f92d87a8,null,true,null,null
783a3b06-99bc-4d08-8cef-1dd47d913760,07f24df6-84e1-4eb7-91d2-41d2b5e5936a,5d73f3d3-b6c5-4368-b753-1dcf38c16102,2026-04-13,4,work,manual,null,null,null,null,fb8513ee-5592-4bc4-8c2f-b7cf42c38dfb,2026-03-27 23:18:30.645+00,null,true,2026-03-27 23:08:30.074603+00,2026-03-27 23:18:31.40763+00,27b8a431-e9a2-45fc-a9c6-6faa895022be,null,true,null,null
64437fc4-7997-4b90-beb1-dd57db9032ff,26849e30-a026-45ae-814f-af82f129a74a,5d73f3d3-b6c5-4368-b753-1dcf38c16102,2026-04-13,7.6,work,manual,null,null,null,null,fb8513ee-5592-4bc4-8c2f-b7cf42c38dfb,2026-03-27 23:23:33.701+00,null,true,2026-03-27 23:23:34.517723+00,2026-03-27 23:23:33.701+00,6bfe3880-b466-44cd-937a-743487e42d65,null,true,null,null
0d7c77b5-83b7-494c-8a17-1f4a36fee7b8,1edb3a61-b1d4-4889-a89f-b43401ccf5a2,5d73f3d3-b6c5-4368-b753-1dcf38c16102,2026-04-14,8,work,manual,null,null,null,null,fb8513ee-5592-4bc4-8c2f-b7cf42c38dfb,2026-03-27 23:10:15.515+00,null,true,2026-03-27 23:05:33.776229+00,2026-03-27 23:10:16.68433+00,4e0570d1-d4b7-498b-9161-1258f92d87a8,null,true,null,null
f6a95492-b871-4f63-ada6-459e007be539,07f24df6-84e1-4eb7-91d2-41d2b5e5936a,5d73f3d3-b6c5-4368-b753-1dcf38c16102,2026-04-14,4,work,manual,null,null,null,null,fb8513ee-5592-4bc4-8c2f-b7cf42c38dfb,2026-03-27 23:18:30.645+00,null,true,2026-03-27 23:08:30.166468+00,2026-03-27 23:18:31.545037+00,27b8a431-e9a2-45fc-a9c6-6faa895022be,null,true,null,null
9cf05b7f-4c15-47ea-9d52-f694b6b629d6,26849e30-a026-45ae-814f-af82f129a74a,5d73f3d3-b6c5-4368-b753-1dcf38c16102,2026-04-14,7.6,work,manual,null,null,null,null,fb8513ee-5592-4bc4-8c2f-b7cf42c38dfb,2026-03-27 23:23:33.701+00,null,true,2026-03-27 23:23:34.620667+00,2026-03-27 23:23:33.701+00,6bfe3880-b466-44cd-937a-743487e42d65,null,true,null,null
78e6d4ac-8bba-473d-94ef-54eec61a61da,1edb3a61-b1d4-4889-a89f-b43401ccf5a2,5d73f3d3-b6c5-4368-b753-1dcf38c16102,2026-04-15,8,work,manual,null,null,null,null,fb8513ee-5592-4bc4-8c2f-b7cf42c38dfb,2026-03-27 23:10:15.515+00,null,true,2026-03-27 23:05:33.886497+00,2026-03-27 23:10:16.813802+00,4e0570d1-d4b7-498b-9161-1258f92d87a8,null,true,null,null
512e9185-b2ca-44c0-a1cd-444dc8fd7d87,07f24df6-84e1-4eb7-91d2-41d2b5e5936a,5d73f3d3-b6c5-4368-b753-1dcf38c16102,2026-04-15,4,work,manual,null,null,null,null,fb8513ee-5592-4bc4-8c2f-b7cf42c38dfb,2026-03-27 23:18:30.645+00,null,true,2026-03-27 23:08:30.258209+00,2026-03-27 23:18:31.674196+00,27b8a431-e9a2-45fc-a9c6-6faa895022be,null,true,null,null
465319f2-74b9-4f17-b516-98a9ef7c2baa,26849e30-a026-45ae-814f-af82f129a74a,5d73f3d3-b6c5-4368-b753-1dcf38c16102,2026-04-15,7.6,work,manual,null,null,null,null,fb8513ee-5592-4bc4-8c2f-b7cf42c38dfb,2026-03-27 23:23:33.701+00,null,true,2026-03-27 23:23:34.717174+00,2026-03-27 23:23:33.701+00,6bfe3880-b466-44cd-937a-743487e42d65,null,true,null,null
4874d447-4daa-4c42-be7f-b580a392c203,1edb3a61-b1d4-4889-a89f-b43401ccf5a2,5d73f3d3-b6c5-4368-b753-1dcf38c16102,2026-04-16,8,work,manual,null,null,null,null,fb8513ee-5592-4bc4-8c2f-b7cf42c38dfb,2026-03-27 23:10:15.515+00,null,true,2026-03-27 23:05:33.983729+00,2026-03-27 23:10:16.953159+00,4e0570d1-d4b7-498b-9161-1258f92d87a8,null,true,null,null
e2514d7f-d142-4fa9-9403-3ac186747e13,07f24df6-84e1-4eb7-91d2-41d2b5e5936a,5d73f3d3-b6c5-4368-b753-1dcf38c16102,2026-04-16,4,work,manual,null,null,null,null,fb8513ee-5592-4bc4-8c2f-b7cf42c38dfb,2026-03-27 23:18:30.645+00,null,true,2026-03-27 23:18:31.767601+00,2026-03-27 23:18:30.645+00,27b8a431-e9a2-45fc-a9c6-6faa895022be,null,true,null,null
9b316022-f912-45f6-a3d5-96b1a69a2842,26849e30-a026-45ae-814f-af82f129a74a,5d73f3d3-b6c5-4368-b753-1dcf38c16102,2026-04-16,3,work,manual,null,null,null,null,fb8513ee-5592-4bc4-8c2f-b7cf42c38dfb,2026-03-27 23:23:33.701+00,null,true,2026-03-27 23:23:34.808892+00,2026-03-27 23:23:33.701+00,6bfe3880-b466-44cd-937a-743487e42d65,null,true,null,null
031d416d-2782-4730-a800-7f0e980480cc,1edb3a61-b1d4-4889-a89f-b43401ccf5a2,5d73f3d3-b6c5-4368-b753-1dcf38c16102,2026-04-17,8,work,manual,null,null,null,null,fb8513ee-5592-4bc4-8c2f-b7cf42c38dfb,2026-03-27 23:10:15.515+00,null,true,2026-03-27 23:05:34.088897+00,2026-03-27 23:10:17.080568+00,4e0570d1-d4b7-498b-9161-1258f92d87a8,null,true,null,null
357d7001-b597-427a-9c25-5d807f210a18,1edb3a61-b1d4-4889-a89f-b43401ccf5a2,5d73f3d3-b6c5-4368-b753-1dcf38c16102,2026-04-20,8,work,manual,null,null,null,null,fb8513ee-5592-4bc4-8c2f-b7cf42c38dfb,2026-03-27 23:10:15.515+00,null,true,2026-03-27 23:05:34.186341+00,2026-03-27 23:10:17.214988+00,4e0570d1-d4b7-498b-9161-1258f92d87a8,null,true,null,null
03b4f5bc-82e1-4ddf-bbb3-99d639c812f4,07f24df6-84e1-4eb7-91d2-41d2b5e5936a,5d73f3d3-b6c5-4368-b753-1dcf38c16102,2026-04-20,4,work,manual,null,null,null,null,fb8513ee-5592-4bc4-8c2f-b7cf42c38dfb,2026-03-27 23:18:30.645+00,null,true,2026-03-27 23:18:31.860604+00,2026-03-27 23:18:30.645+00,27b8a431-e9a2-45fc-a9c6-6faa895022be,null,true,null,null
50a9d491-24ac-4af4-9438-c100c3c92319,1edb3a61-b1d4-4889-a89f-b43401ccf5a2,5d73f3d3-b6c5-4368-b753-1dcf38c16102,2026-04-21,8,work,manual,null,null,null,null,fb8513ee-5592-4bc4-8c2f-b7cf42c38dfb,2026-03-27 23:10:15.515+00,null,true,2026-03-27 23:05:34.322987+00,2026-03-27 23:10:17.338141+00,4e0570d1-d4b7-498b-9161-1258f92d87a8,null,true,null,null
5f1ece14-ed18-482c-9acd-883447874de1,07f24df6-84e1-4eb7-91d2-41d2b5e5936a,5d73f3d3-b6c5-4368-b753-1dcf38c16102,2026-04-21,4,work,manual,null,null,null,null,fb8513ee-5592-4bc4-8c2f-b7cf42c38dfb,2026-03-27 23:18:30.645+00,null,true,2026-03-27 23:18:31.983308+00,2026-03-27 23:18:30.645+00,27b8a431-e9a2-45fc-a9c6-6faa895022be,null,true,null,null
d9f5d04b-3a79-46fb-83c5-6f547908432e,1edb3a61-b1d4-4889-a89f-b43401ccf5a2,5d73f3d3-b6c5-4368-b753-1dcf38c16102,2026-04-22,8,work,manual,null,null,null,null,fb8513ee-5592-4bc4-8c2f-b7cf42c38dfb,2026-03-27 23:10:15.515+00,null,true,2026-03-27 23:05:34.463428+00,2026-03-27 23:10:17.480879+00,4e0570d1-d4b7-498b-9161-1258f92d87a8,null,true,null,null
ebee631c-349a-4914-81f6-d7d58896007f,07f24df6-84e1-4eb7-91d2-41d2b5e5936a,5d73f3d3-b6c5-4368-b753-1dcf38c16102,2026-04-22,4,work,manual,null,null,null,null,fb8513ee-5592-4bc4-8c2f-b7cf42c38dfb,2026-03-27 23:18:30.645+00,null,true,2026-03-27 23:18:32.075974+00,2026-03-27 23:18:30.645+00,27b8a431-e9a2-45fc-a9c6-6faa895022be,null,true,null,null
90f301eb-7df9-41b2-9dfe-e02e7179654d,1edb3a61-b1d4-4889-a89f-b43401ccf5a2,5d73f3d3-b6c5-4368-b753-1dcf38c16102,2026-04-23,8,work,manual,null,null,null,null,fb8513ee-5592-4bc4-8c2f-b7cf42c38dfb,2026-03-27 23:10:15.515+00,null,true,2026-03-27 23:05:34.591575+00,2026-03-27 23:10:17.604112+00,4e0570d1-d4b7-498b-9161-1258f92d87a8,null,true,null,null
9bae8e6f-b296-408b-b386-2bf4141efd63,07f24df6-84e1-4eb7-91d2-41d2b5e5936a,5d73f3d3-b6c5-4368-b753-1dcf38c16102,2026-04-23,4,work,manual,null,null,null,null,fb8513ee-5592-4bc4-8c2f-b7cf42c38dfb,2026-03-27 23:18:30.645+00,null,true,2026-03-27 23:18:32.178792+00,2026-03-27 23:18:30.645+00,27b8a431-e9a2-45fc-a9c6-6faa895022be,null,true,null,null
eca85ef7-c1b5-4a01-b0ef-a84ea754dfd0,1edb3a61-b1d4-4889-a89f-b43401ccf5a2,5d73f3d3-b6c5-4368-b753-1dcf38c16102,2026-04-24,8,work,manual,null,null,null,null,fb8513ee-5592-4bc4-8c2f-b7cf42c38dfb,2026-03-27 23:10:15.515+00,null,true,2026-03-27 23:05:34.727367+00,2026-03-27 23:10:17.759786+00,4e0570d1-d4b7-498b-9161-1258f92d87a8,null,true,null,null
3d18b016-3af5-4e20-897b-62bbb1401a19,1edb3a61-b1d4-4889-a89f-b43401ccf5a2,5d73f3d3-b6c5-4368-b753-1dcf38c16102,2026-04-27,8,work,manual,null,null,null,null,fb8513ee-5592-4bc4-8c2f-b7cf42c38dfb,2026-03-27 23:10:15.515+00,null,true,2026-03-27 23:05:34.825898+00,2026-03-27 23:10:17.886259+00,4e0570d1-d4b7-498b-9161-1258f92d87a8,null,true,null,null
76f6e262-2abb-4e54-a6ee-46fb3f322eab,07f24df6-84e1-4eb7-91d2-41d2b5e5936a,5d73f3d3-b6c5-4368-b753-1dcf38c16102,2026-04-27,4,work,manual,null,null,null,null,fb8513ee-5592-4bc4-8c2f-b7cf42c38dfb,2026-03-27 23:18:30.645+00,null,true,2026-03-27 23:08:30.435088+00,2026-03-27 23:18:32.310735+00,27b8a431-e9a2-45fc-a9c6-6faa895022be,null,true,null,null
e89630c9-3c3e-4133-881d-429bd6462ec1,1edb3a61-b1d4-4889-a89f-b43401ccf5a2,5d73f3d3-b6c5-4368-b753-1dcf38c16102,2026-04-28,8,work,manual,null,null,null,null,fb8513ee-5592-4bc4-8c2f-b7cf42c38dfb,2026-03-27 23:10:15.515+00,null,true,2026-03-27 23:05:34.926906+00,2026-03-27 23:10:18.012134+00,4e0570d1-d4b7-498b-9161-1258f92d87a8,null,true,null,null
850ac77d-024f-448d-b4c4-707f0a5ebe88,07f24df6-84e1-4eb7-91d2-41d2b5e5936a,5d73f3d3-b6c5-4368-b753-1dcf38c16102,2026-04-28,4,work,manual,null,null,null,null,fb8513ee-5592-4bc4-8c2f-b7cf42c38dfb,2026-03-27 23:18:30.645+00,null,true,2026-03-27 23:08:30.538232+00,2026-03-27 23:18:32.43937+00,27b8a431-e9a2-45fc-a9c6-6faa895022be,null,true,null,null
f108c6b2-7e9a-4b78-91bb-dbf90adac16a,1edb3a61-b1d4-4889-a89f-b43401ccf5a2,5d73f3d3-b6c5-4368-b753-1dcf38c16102,2026-04-29,8,work,manual,null,null,null,null,fb8513ee-5592-4bc4-8c2f-b7cf42c38dfb,2026-03-27 23:10:15.515+00,null,true,2026-03-27 23:05:35.022322+00,2026-03-27 23:10:18.146289+00,4e0570d1-d4b7-498b-9161-1258f92d87a8,null,true,null,null
2640895c-7eca-406b-bbdc-df97f6b869db,07f24df6-84e1-4eb7-91d2-41d2b5e5936a,5d73f3d3-b6c5-4368-b753-1dcf38c16102,2026-04-29,4,work,manual,null,null,null,null,fb8513ee-5592-4bc4-8c2f-b7cf42c38dfb,2026-03-27 23:18:30.645+00,null,true,2026-03-27 23:18:32.526947+00,2026-03-27 23:18:30.645+00,27b8a431-e9a2-45fc-a9c6-6faa895022be,null,true,null,null
42ebb757-c02f-4189-82e4-66fb6f42dc34,1edb3a61-b1d4-4889-a89f-b43401ccf5a2,5d73f3d3-b6c5-4368-b753-1dcf38c16102,2026-04-30,8,work,manual,null,null,null,null,fb8513ee-5592-4bc4-8c2f-b7cf42c38dfb,2026-03-27 23:10:15.515+00,null,true,2026-03-27 23:05:35.12728+00,2026-03-27 23:10:18.281151+00,4e0570d1-d4b7-498b-9161-1258f92d87a8,null,true,null,null
f46141af-42f9-4abe-9f8c-7b5b2d3b2861,07f24df6-84e1-4eb7-91d2-41d2b5e5936a,5d73f3d3-b6c5-4368-b753-1dcf38c16102,2026-04-30,4,work,manual,null,null,null,null,fb8513ee-5592-4bc4-8c2f-b7cf42c38dfb,2026-03-27 23:18:30.645+00,null,true,2026-03-27 23:18:32.623892+00,2026-03-27 23:18:30.645+00,27b8a431-e9a2-45fc-a9c6-6faa895022be,null,true,null,null